x,y,yaw
0.000000000,0.000000000,0.000000000
0.050000000,0.000000000,0.000000000
0.100000000,0.000000000,0.000000000
0.150000000,0.000000000,0.000000000
0.200000000,0.000000000,0.000000000
0.250000000,0.000000000,0.000000000
0.300000000,0.000000000,0.000000000
0.350000000,0.000000000,0.000000000
0.400000000,0.000000000,0.000000000
0.450000000,0.000000000,0.000000000
0.500000000,0.000000000,0.000000000
0.550000000,0.000000000,0.000000000
0.600000000,0.000000000,0.000000000
0.650000000,0.000000000,0.000000000
0.700000000,0.000000000,0.000000000
0.750000000,0.000000000,0.000000000
0.799443166,-0.005277180,-0.106329702
0.848342036,-0.015712722,-0.210256582
0.897240906,-0.026148264,-0.210256582
0.946139776,-0.036583806,-0.210256582
0.995038645,-0.047019348,-0.210256582
1.043937515,-0.057454890,-0.210256582
1.092836385,-0.067890432,-0.210256582
1.141735255,-0.078325973,-0.210256582
1.189359943,-0.092664188,-0.292435253
1.234996011,-0.113093315,-0.420900526
1.280632080,-0.133522442,-0.420900526
1.326268148,-0.153951570,-0.420900526
1.371904217,-0.174380697,-0.420900526
1.417540286,-0.194809824,-0.420900526
1.463176354,-0.215238952,-0.420900526
1.508812423,-0.235668079,-0.420900526
1.553075464,-0.258470368,-0.475697293
1.593532214,-0.287851508,-0.628117741
1.633988964,-0.317232648,-0.628117741
1.674445714,-0.346613788,-0.628117741
1.714902464,-0.375994928,-0.628117741
1.755359214,-0.405376068,-0.628117741
1.795815964,-0.434757208,-0.628117741
1.836272714,-0.464138347,-0.628117741
1.875897437,-0.494466764,-0.653278949
1.910252142,-0.530795186,-0.813314363
1.944606847,-0.567123608,-0.813314363
1.978961552,-0.603452030,-0.813314363
2.013316257,-0.639780452,-0.813314363
2.047670962,-0.676108874,-0.813314363
2.082025667,-0.712437296,-0.813314363
2.116380372,-0.748765718,-0.813314363
2.150688276,-0.785131872,-0.814513079
2.178902891,-0.826410625,-0.971220528
2.207117507,-0.867689378,-0.971220528
2.235332123,-0.908968132,-0.971220528
2.263546739,-0.950246885,-0.971220528
2.291761354,-0.991525638,-0.971220528
2.319975970,-1.032804391,-0.971220528
2.348190586,-1.074083144,-0.971220528
2.376405201,-1.115361897,-0.971220528
2.399844243,-1.159483168,-1.082469152
2.422676440,-1.203965646,-1.096577138
2.445508637,-1.248448123,-1.096577138
2.468340834,-1.292930600,-1.096577138
2.491173031,-1.337413077,-1.096577138
2.514005228,-1.381895555,-1.096577138
2.536837425,-1.426378032,-1.096577138
2.559669622,-1.470860509,-1.096577138
2.579430249,-1.516756682,-1.164233635
2.598369064,-1.563031094,-1.182322597
2.617307880,-1.609305507,-1.182322597
2.636246695,-1.655579920,-1.182322597
2.655185511,-1.701854332,-1.182322597
2.674124327,-1.748128745,-1.182322597
2.693063142,-1.794403157,-1.182322597
2.712001958,-1.840677570,-1.182322597
2.728223928,-1.887935945,-1.240137401
2.743309090,-1.935606040,-1.264317691
2.758394252,-1.983276134,-1.264317691
2.773479413,-2.030946228,-1.264317691
2.788564575,-2.078616323,-1.264317691
2.803649737,-2.126286417,-1.264317691
2.818734899,-2.173956511,-1.264317691
2.833820061,-2.221626606,-1.264317691
2.846152841,-2.270033175,-1.321328686
2.856889868,-2.318866731,-1.354370171
2.867626894,-2.367700288,-1.354370171
2.878363921,-2.416533845,-1.354370171
2.889100948,-2.465367402,-1.354370171
2.899837974,-2.514200958,-1.354370171
2.910575001,-2.563034515,-1.354370171
2.921312027,-2.611868072,-1.354370171
2.929036621,-2.661200625,-1.415475430
2.934619179,-2.710887998,-1.458911893
2.940201736,-2.760575372,-1.458911893
2.945784294,-2.810262745,-1.458911893
2.951366851,-2.859950118,-1.458911893
2.956949409,-2.909637491,-1.458911893
2.962531966,-2.959324864,-1.458911893
2.968114524,-3.009012237,-1.458911893
2.970189879,-3.058871148,-1.529195779
2.969482786,-3.108866148,-1.584938656
2.968775693,-3.158861148,-1.584938656
2.968068600,-3.208856148,-1.584938656
2.967361507,-3.258851148,-1.584938656
2.966654414,-3.308846148,-1.584938656
2.965947321,-3.358841148,-1.584938656
2.965240229,-3.408836148,-1.584938656
2.960241770,-3.458433114,-1.671238710
2.951741623,-3.507705292,-1.741628985
2.943241476,-3.556977470,-1.741628985
2.934741329,-3.606249647,-1.741628985
2.926241181,-3.655521825,-1.741628985
2.917741034,-3.704794003,-1.741628985
2.909240887,-3.754066181,-1.741628985
2.900740739,-3.803338358,-1.741628985
2.887668118,-3.851411342,-1.836308771
2.870892845,-3.898513255,-1.912938064
2.854117572,-3.945615168,-1.912938064
2.837342299,-3.992717081,-1.912938064
2.820567026,-4.039818995,-1.912938064
2.803791753,-4.086920908,-1.912938064
2.787016480,-4.134022821,-1.912938064
2.770241207,-4.181124734,-1.912938064
2.749273563,-4.226340357,-2.005005697
2.725150767,-4.270136369,-2.074252708
2.701027970,-4.313932381,-2.074252708
2.676905174,-4.357728393,-2.074252708
2.652782377,-4.401524406,-2.074252708
2.628659581,-4.445320418,-2.074252708
2.604536784,-4.489116430,-2.074252708
2.580413988,-4.532912442,-2.074252708
2.552710655,-4.574395460,-2.159599372
2.522704801,-4.614391068,-2.214443799
2.492698947,-4.654386677,-2.214443799
2.462693092,-4.694382286,-2.214443799
2.432687238,-4.734377894,-2.214443799
2.402681384,-4.774373503,-2.214443799
2.372675530,-4.814369112,-2.214443799
2.342669675,-4.854364720,-2.214443799
2.309685566,-4.891841553,-2.292518783
2.275226338,-4.928070845,-2.331159398
2.240767110,-4.964300137,-2.331159398
2.206307881,-5.000529429,-2.331159398
2.171848653,-5.036758720,-2.331159398
2.137389425,-5.072988012,-2.331159398
2.102930196,-5.109217304,-2.331159398
2.068470968,-5.145446596,-2.331159398
2.031556365,-5.179109076,-2.402240939
1.993834257,-5.211927403,-2.425600139
1.956112149,-5.244745729,-2.425600139
1.918390041,-5.277564056,-2.425600139
1.880667933,-5.310382383,-2.425600139
1.842945825,-5.343200709,-2.425600139
1.805223717,-5.376019036,-2.425600139
1.767501609,-5.408837363,-2.425600139
1.727760495,-5.439151945,-2.489948784
1.687693470,-5.469062370,-2.500329055
1.647626445,-5.498972795,-2.500329055
1.607559420,-5.528883219,-2.500329055
1.567492394,-5.558793644,-2.500329055
1.527425369,-5.588704068,-2.500329055
1.487358344,-5.618614493,-2.500329055
1.447291319,-5.648524917,-2.500329055
1.405565543,-5.676073705,-2.558056482
1.363835004,-5.703615711,-2.558222134
1.322104465,-5.731157718,-2.558222134
1.280373926,-5.758699724,-2.558222134
1.238643387,-5.786241731,-2.558222134
1.196912849,-5.813783738,-2.558222134
1.155182310,-5.841325744,-2.558222134
1.113288860,-5.868607608,-2.564360086
1.070290863,-5.894125686,-2.605987479
1.027292867,-5.919643763,-2.605987479
0.984294870,-5.945161841,-2.605987479
0.941296874,-5.970679919,-2.605987479
0.898298877,-5.996197997,-2.605987479
0.855300881,-6.021716075,-2.605987479
0.812302885,-6.047234153,-2.605987479
0.769077618,-6.072352828,-2.615177967
0.725175944,-6.096282789,-2.642534015
0.681274270,-6.120212749,-2.642534015
0.637372595,-6.144142709,-2.642534015
0.593470921,-6.168072669,-2.642534015
0.549569247,-6.192002629,-2.642534015
0.505667573,-6.215932590,-2.642534015
0.461765898,-6.239862550,-2.642534015
0.417539431,-6.263179842,-2.656403126
0.373094454,-6.286084951,-2.665733650
0.328649477,-6.308990060,-2.665733650
0.284204501,-6.331895170,-2.665733650
0.239759524,-6.354800279,-2.665733650
0.195314547,-6.377705388,-2.665733650
0.150869570,-6.400610497,-2.665733650
0.106422223,-6.423511007,-2.665837123
0.061972523,-6.446406949,-2.665939911
0.017522823,-6.469302890,-2.665939911
-0.026926878,-6.492198832,-2.665939911
-0.071376578,-6.515094773,-2.665939911
-0.115826279,-6.537990715,-2.665939911
-0.160275979,-6.560886656,-2.665939911
-0.204527897,-6.584159452,-2.657427756
-0.248621764,-6.607733396,-2.650625666
-0.292715632,-6.631307340,-2.650625666
-0.336809500,-6.654881283,-2.650625666
-0.380903368,-6.678455227,-2.650625666
-0.424997236,-6.702029171,-2.650625666
-0.469091104,-6.725603114,-2.650625666
-0.512663843,-6.750121280,-2.629055017
-0.556112948,-6.774863456,-2.623937901
-0.599562053,-6.799605632,-2.623937901
-0.643011158,-6.824347808,-2.623937901
-0.686460263,-6.849089985,-2.623937901
-0.729909367,-6.873832161,-2.623937901
-0.773358472,-6.898574337,-2.623937901
-0.816807577,-6.923316513,-2.623937901
-0.859142772,-6.949897820,-2.580926949
-0.901197171,-6.976942736,-2.570087863
-0.943251571,-7.003987652,-2.570087863
-0.985305970,-7.031032568,-2.570087863
-1.027360370,-7.058077485,-2.570087863
-1.069414769,-7.085122401,-2.570087863
-1.111469168,-7.112167317,-2.570087863
-1.153523568,-7.139212233,-2.570087863
-1.194830403,-7.167375301,-2.543185057
-1.235894702,-7.195901138,-2.534457755
-1.276959001,-7.224426975,-2.534457755
-1.318023300,-7.252952811,-2.534457755
-1.359087598,-7.281478648,-2.534457755
-1.400151897,-7.310004485,-2.534457755
-1.441216196,-7.338530322,-2.534457755
-1.482280495,-7.367056159,-2.534457755
-1.522762435,-7.396395688,-2.514444420
-1.563009090,-7.426063967,-2.506359032
-1.603255745,-7.455732246,-2.506359032
-1.643502400,-7.485400525,-2.506359032
-1.683749054,-7.515068804,-2.506359032
-1.723995709,-7.544737083,-2.506359032
-1.764242364,-7.574405362,-2.506359032
-1.804230650,-7.604409574,-2.497883554
-1.843234718,-7.635693480,-2.465592149
-1.882238785,-7.666977385,-2.465592149
-1.921242853,-7.698261290,-2.465592149
-1.960246920,-7.729545195,-2.465592149
-1.999250987,-7.760829101,-2.465592149
-2.038255055,-7.792113006,-2.465592149
-2.077169189,-7.823503691,-2.462800641
-2.114629457,-7.856620579,-2.417657866
-2.152089726,-7.889737466,-2.417657866
-2.189549995,-7.922854354,-2.417657866
-2.227010264,-7.955971242,-2.417657866
-2.264470533,-7.989088130,-2.417657866
-2.301930802,-8.022205018,-2.417657866
-2.339391071,-8.055321905,-2.417657866
-2.375718996,-8.089655503,-2.384410675
-2.411437837,-8.124643563,-2.366529482
-2.447156679,-8.159631623,-2.366529482
-2.482875520,-8.194619683,-2.366529482
-2.518594362,-8.229607744,-2.366529482
-2.554313203,-8.264595804,-2.366529482
-2.590032045,-8.299583864,-2.366529482
-2.624931446,-8.335372532,-2.343614993
-2.659079709,-8.371895074,-2.322610809
-2.693227973,-8.408417616,-2.322610809
-2.727376237,-8.444940159,-2.322610809
-2.761524500,-8.481462701,-2.322610809
-2.795672764,-8.517985243,-2.322610809
-2.829821028,-8.554507785,-2.322610809
-2.863585177,-8.591378642,-2.312240282
-2.896603358,-8.628925941,-2.292099200
-2.929621539,-8.666473241,-2.292099200
-2.962639720,-8.704020541,-2.292099200
-2.995657901,-8.741567841,-2.292099200
-3.028676082,-8.779115141,-2.292099200
-3.061694263,-8.816662440,-2.292099200
-3.094712444,-8.854209740,-2.292099200
-3.127357882,-8.892080277,-2.282231575
-3.159853520,-8.930080718,-2.278265954
-3.192349157,-8.968081160,-2.278265954
-3.224844795,-9.006081601,-2.278265954
-3.257340432,-9.044082043,-2.278265954
-3.289836069,-9.082082484,-2.278265954
-3.322331707,-9.120082926,-2.278265954
-3.354897996,-9.158022081,-2.280136505
-3.387926949,-9.195559905,-2.292386137
-3.420955903,-9.233097729,-2.292386137
-3.453984856,-9.270635554,-2.292386137
-3.487013809,-9.308173378,-2.292386137
-3.520042763,-9.345711202,-2.292386137
-3.553071716,-9.383249026,-2.292386137
-3.586100669,-9.420786850,-2.292386137
-3.619571797,-9.457923829,-2.304322790
-3.653698944,-9.494466103,-2.322032797
-3.687826092,-9.531008377,-2.322032797
-3.721953239,-9.567550651,-2.322032797
-3.756080387,-9.604092925,-2.322032797
-3.790207534,-9.640635199,-2.322032797
-3.824334682,-9.677177474,-2.322032797
-3.858461829,-9.713719748,-2.322032797
-3.892422605,-9.750416307,-2.317494795
-3.926291940,-9.787197663,-2.315000639
-3.960161274,-9.823979019,-2.315000639
-3.994030609,-9.860760375,-2.315000639
-4.027899944,-9.897541731,-2.315000639
-4.061769279,-9.934323088,-2.315000639
-4.095638614,-9.971104444,-2.315000639
-4.129507948,-10.007885800,-2.315000639
-4.162934152,-10.045070010,-2.303022954
-4.196331485,-10.082280468,-2.302242598
-4.229728819,-10.119490925,-2.302242598
-4.263126152,-10.156701383,-2.302242598
-4.296523485,-10.193911840,-2.302242598
-4.329920818,-10.231122298,-2.302242598
-4.363318151,-10.268332755,-2.302242598
-4.396815206,-10.305452664,-2.304936542
-4.430640216,-10.342274787,-2.313796219
-4.464465226,-10.379096909,-2.313796219
-4.498290236,-10.415919031,-2.313796219
-4.532115246,-10.452741154,-2.313796219
-4.565940256,-10.489563276,-2.313796219
-4.599765266,-10.526385398,-2.313796219
-4.633590276,-10.563207521,-2.313796219
-4.667745371,-10.599720238,-2.322844821
-4.702305116,-10.635853658,-2.333937537
-4.736864862,-10.671987078,-2.333937537
-4.771424607,-10.708120497,-2.333937537
-4.805984352,-10.744253917,-2.333937537
-4.840544097,-10.780387336,-2.333937537
-4.875103843,-10.816520756,-2.333937537
-4.909663588,-10.852654175,-2.333937537
-4.944376722,-10.888639752,-2.338198335
-4.979213560,-10.924506097,-2.341634542
-5.014050398,-10.960372442,-2.341634542
-5.048887236,-10.996238788,-2.341634542
-5.083724073,-11.032105133,-2.341634542
-5.118560911,-11.067971478,-2.341634542
-5.153397749,-11.103837824,-2.341634542
-5.188234587,-11.139704169,-2.341634542
-5.223164934,-11.175479241,-2.344247956
-5.258178211,-11.211173363,-2.346565740
-5.293191489,-11.246867486,-2.346565740
-5.328204767,-11.282561608,-2.346565740
-5.363218044,-11.318255731,-2.346565740
-5.398231322,-11.353949854,-2.346565740
-5.433244600,-11.389643976,-2.346565740
-5.468257877,-11.425338099,-2.346565740
-5.503434094,-11.460870427,-2.351158209
-5.538880478,-11.496134486,-2.358772962
-5.574326862,-11.531398545,-2.358772962
-5.609773247,-11.566662604,-2.358772962
-5.645219631,-11.601926662,-2.358772962
-5.680666015,-11.637190721,-2.358772962
-5.716112399,-11.672454780,-2.358772962
-5.751558783,-11.707718839,-2.358772962
-5.787011390,-11.742976469,-2.358951886
-5.823416050,-11.777250376,-2.386332448
-5.859820710,-11.811524284,-2.386332448
-5.896225370,-11.845798191,-2.386332448
-5.932630030,-11.880072098,-2.386332448
-5.969034690,-11.914346005,-2.386332448
-6.005439350,-11.948619913,-2.386332448
-6.041844010,-11.982893820,-2.386332448
-6.078248670,-12.017167727,-2.386332448
-6.115429623,-12.050572498,-2.409641354
-6.153581221,-12.082890537,-2.438787334
-6.191732818,-12.115208576,-2.438787334
-6.229884415,-12.147526615,-2.438787334
-6.268036012,-12.179844654,-2.438787334
-6.306187609,-12.212162692,-2.438787334
-6.344339206,-12.244480731,-2.438787334
-6.382490804,-12.276798770,-2.438787334
-6.420690060,-12.309055259,-2.440342840
-6.461529699,-12.337901816,-2.526626167
-6.502369339,-12.366748374,-2.526626167
-6.543208978,-12.395594931,-2.526626167
-6.584048617,-12.424441488,-2.526626167
-6.624888256,-12.453288046,-2.526626167
-6.665727895,-12.482134603,-2.526626167
-6.706567534,-12.510981161,-2.526626167
-6.747407173,-12.539827718,-2.526626167
-6.789737689,-12.566144716,-2.585367908
-6.834756032,-12.587901295,-2.691408241
-6.879774376,-12.609657874,-2.691408241
-6.924792720,-12.631414453,-2.691408241
-6.969811064,-12.653171032,-2.691408241
-7.014829407,-12.674927611,-2.691408241
-7.059847751,-12.696684190,-2.691408241
-7.104866095,-12.718440770,-2.691408241
-7.149884438,-12.740197349,-2.691408241
-7.196555248,-12.757723093,-2.782367645
-7.244402197,-12.772237553,-2.847063617
-7.292249145,-12.786752013,-2.847063617
-7.340096093,-12.801266473,-2.847063617
-7.387943041,-12.815780933,-2.847063617
-7.435789989,-12.830295393,-2.847063617
-7.483636938,-12.844809852,-2.847063617
-7.531483886,-12.859324312,-2.847063617
-7.579330834,-12.873838772,-2.847063617
-7.628240280,-12.883922538,-2.938269434
-7.677466212,-12.892686532,-2.965402615
-7.726692145,-12.901450526,-2.965402615
-7.775918077,-12.910214520,-2.965402615
-7.825144009,-12.918978514,-2.965402615
-7.874369941,-12.927742507,-2.965402615
-7.923595874,-12.936506501,-2.965402615
-7.972821806,-12.945270495,-2.965402615
-8.022047738,-12.954034489,-2.965402615
-8.071810829,-12.958862959,-3.044866304
-8.121584838,-12.963611440,-3.046479684
-8.171358846,-12.968359922,-3.046479684
-8.221132855,-12.973108403,-3.046479684
-8.270906863,-12.977856884,-3.046479684
-8.320680872,-12.982605366,-3.046479684
-8.370454880,-12.987353847,-3.046479684
-8.420228889,-12.992102329,-3.046479684
-8.470048687,-12.996182575,-3.059874930
-8.520005183,-12.998267887,-3.099874331
-8.569961678,-13.000353198,-3.099874331
-8.619918174,-13.002438509,-3.099874331
-8.669874670,-13.004523820,-3.099874331
-8.719831166,-13.006609131,-3.099874331
-8.769787662,-13.008694442,-3.099874331
-8.819744158,-13.010779753,-3.099874331
-8.869700653,-13.012865064,-3.099874331
-8.919682304,-13.013945313,-3.119983117
-8.969680570,-13.014361668,-3.133265448
-9.019678837,-13.014778024,-3.133265448
-9.069677103,-13.015194379,-3.133265448
-9.119675370,-13.015610735,-3.133265448
-9.169673636,-13.016027090,-3.133265448
-9.219671903,-13.016443445,-3.133265448
-9.269670169,-13.016859801,-3.133265448
-9.319668425,-13.017240892,-3.133970716
-9.369666429,-13.016794145,-3.150527719
-9.419664433,-13.016347397,-3.150527719
-9.469662437,-13.015900650,-3.150527719
-9.519660441,-13.015453903,-3.150527719
-9.569658446,-13.015007155,-3.150527719
-9.619656450,-13.014560408,-3.150527719
-9.669654454,-13.014113661,-3.150527719
-9.719652458,-13.013666913,-3.150527719
-9.769649738,-13.013149150,-3.151948111
-9.819646465,-13.012577017,-3.153035570
-9.869643192,-13.012004883,-3.153035570
-9.919639918,-13.011432750,-3.153035570
-9.969636645,-13.010860617,-3.153035570
-10.019633371,-13.010288483,-3.153035570
-10.069630098,-13.009716350,-3.153035570
-10.119626824,-13.009144217,-3.153035570
-10.169624114,-13.008683101,-3.150815197
-10.219624072,-13.008747948,-3.140295729
-10.269624030,-13.008812794,-3.140295729
-10.319623988,-13.008877640,-3.140295729
-10.369623946,-13.008942486,-3.140295729
-10.419623904,-13.009007332,-3.140295729
-10.469623862,-13.009072179,-3.140295729
-10.519623820,-13.009137025,-3.140295729
-10.569623777,-13.009201871,-3.140295729
-10.619617455,-13.009941125,-3.126806778
-10.669609951,-13.010807394,-3.124266403
-10.719602446,-13.011673664,-3.124266403
-10.769594941,-13.012539933,-3.124266403
-10.819587436,-13.013406202,-3.124266403
-10.869579931,-13.014272471,-3.124266403
-10.919572427,-13.015138740,-3.124266403
-10.969564922,-13.016005009,-3.124266403
-11.019534086,-13.017627584,-3.109132539
-11.069484917,-13.019844445,-3.097240895
-11.119435748,-13.022061306,-3.097240895
-11.169386579,-13.024278167,-3.097240895
-11.219337410,-13.026495028,-3.097240895
-11.269288242,-13.028711889,-3.097240895
-11.319239073,-13.030928750,-3.097240895
-11.369189904,-13.033145611,-3.097240895
-11.419099261,-13.036007082,-3.084321987
-11.468922340,-13.040209560,-3.057443813
-11.518745419,-13.044412039,-3.057443813
-11.568568498,-13.048614517,-3.057443813
-11.618391576,-13.052816995,-3.057443813
-11.668214655,-13.057019474,-3.057443813
-11.718037734,-13.061221952,-3.057443813
-11.767860813,-13.065424430,-3.057443813
-11.817646347,-13.069965024,-3.050641188
-11.867177669,-13.076794964,-3.004565448
-11.916708992,-13.083624904,-3.004565448
-11.966240315,-13.090454843,-3.004565448
-12.015771637,-13.097284783,-3.004565448
-12.065302960,-13.104114723,-3.004565448
-12.114834283,-13.110944662,-3.004565448
-12.164365605,-13.117774602,-3.004565448
-12.213896928,-13.124604542,-3.004565448
-12.262897149,-13.134531324,-2.941711342
-12.311873846,-13.144595280,-2.938929054
-12.360850542,-13.154659237,-2.938929054
-12.409827238,-13.164723193,-2.938929054
-12.458803934,-13.174787149,-2.938929054
-12.507780631,-13.184851106,-2.938929054
-12.556757327,-13.194915062,-2.938929054
-12.605734023,-13.204979019,-2.938929054
-12.653948354,-13.218131674,-2.875277048
-12.701982968,-13.232012448,-2.860281529
-12.750017582,-13.245893221,-2.860281529
-12.798052196,-13.259773995,-2.860281529
-12.846086809,-13.273654769,-2.860281529
-12.894121423,-13.287535543,-2.860281529
-12.942156037,-13.301416316,-2.860281529
-12.990190651,-13.315297090,-2.860281529
-13.037201788,-13.332187176,-2.796676034
-13.083739046,-13.350470601,-2.767241709
-13.130276304,-13.368754026,-2.767241709
-13.176813561,-13.387037451,-2.767241709
-13.223350819,-13.405320876,-2.767241709
-13.269888077,-13.423604301,-2.767241709
-13.316425335,-13.441887726,-2.767241709
-13.362962593,-13.460171151,-2.767241709
-13.408154187,-13.481388961,-2.702634921
-13.452374202,-13.504725419,-2.656003881
-13.496594218,-13.528061876,-2.656003881
-13.540814233,-13.551398334,-2.656003881
-13.585034248,-13.574734791,-2.656003881
-13.629254263,-13.598071249,-2.656003881
-13.673474279,-13.621407706,-2.656003881
-13.717694294,-13.644744164,-2.656003881
-13.759349761,-13.672187000,-2.559052406
-13.799723692,-13.701681841,-2.510661588
-13.840097623,-13.731176682,-2.510661588
-13.880471554,-13.760671524,-2.510661588
-13.920845486,-13.790166365,-2.510661588
-13.961219417,-13.819661207,-2.510661588
-14.001593348,-13.849156048,-2.510661588
-14.041967280,-13.878650890,-2.510661588
-14.079871794,-13.911140278,-2.432969357
-14.116516234,-13.945157700,-2.393354675
-14.153160674,-13.979175123,-2.393354675
-14.189805113,-14.013192546,-2.393354675
-14.226449553,-14.047209968,-2.393354675
-14.263093993,-14.081227391,-2.393354675
-14.299738433,-14.115244813,-2.393354675
-14.336382872,-14.149262236,-2.393354675
-14.368307687,-14.187670008,-2.264278488
-14.399590805,-14.226674707,-2.246776649
-14.430873923,-14.265679405,-2.246776649
-14.462157041,-14.304684104,-2.246776649
-14.493440159,-14.343688803,-2.246776649
-14.524723277,-14.382693502,-2.246776649
-14.556006395,-14.421698200,-2.246776649
-14.584239744,-14.462783575,-2.172871328
-14.609145954,-14.506138860,-2.092230459
-14.634052164,-14.549494145,-2.092230459
-14.658958373,-14.592849430,-2.092230459
-14.683864583,-14.636204714,-2.092230459
-14.708770793,-14.679559999,-2.092230459
-14.733677003,-14.722915284,-2.092230459
-14.755960679,-14.767468263,-2.034572979
-14.772417020,-14.814682549,-1.906175053
-14.788873361,-14.861896836,-1.906175053
-14.805329702,-14.909111122,-1.906175053
-14.821786043,-14.956325409,-1.906175053
-14.838242384,-15.003539695,-1.906175053
-14.854698725,-15.050753981,-1.906175053
-14.868098797,-15.098740056,-1.843108660
-14.876031693,-15.148106737,-1.730127526
-14.883964588,-15.197473418,-1.730127526
-14.891897484,-15.246840098,-1.730127526
-14.899830379,-15.296206779,-1.730127526
-14.907763275,-15.345573460,-1.730127526
-14.915696171,-15.394940141,-1.730127526
-14.917138277,-15.444852861,-1.599680845
-14.917564475,-15.494851044,-1.579320390
-14.917990673,-15.544849228,-1.579320390
-14.918416871,-15.594847411,-1.579320390
-14.918843069,-15.644845595,-1.579320390
-14.919269267,-15.694843778,-1.579320390
-14.916795978,-15.744678651,-1.521207332
-14.910758101,-15.794312753,-1.449743356
-14.904720224,-15.843946855,-1.449743356
-14.898682347,-15.893580956,-1.449743356
-14.892644470,-15.943215058,-1.449743356
-14.886606593,-15.992849159,-1.449743356
-14.880110759,-16.042399841,-1.440444922
-14.868259183,-16.090974939,-1.331487192
-14.856407608,-16.139550037,-1.331487192
-14.844556033,-16.188125136,-1.331487192
-14.832704458,-16.236700234,-1.331487192
-14.820852882,-16.285275332,-1.331487192
-14.809001307,-16.333850430,-1.331487192
-14.793596892,-16.381378160,-1.257365750
-14.777203536,-16.428614352,-1.236751316
-14.760810180,-16.475850545,-1.236751316
-14.744416824,-16.523086737,-1.236751316
-14.728023468,-16.570322930,-1.236751316
-14.711630112,-16.617559122,-1.236751316
-14.694337949,-16.664450500,-1.217498175
-14.674931753,-16.710530860,-1.172201272
-14.655525557,-16.756611220,-1.172201272
-14.636119361,-16.802691580,-1.172201272
-14.616713165,-16.848771940,-1.172201272
-14.597306969,-16.894852299,-1.172201272
-14.577900773,-16.940932659,-1.172201272
-14.557486934,-16.986559081,-1.150096107
-14.535831642,-17.031626234,-1.122860594
-14.514176350,-17.076693388,-1.122860594
-14.492521057,-17.121760541,-1.122860594
-14.470865765,-17.166827695,-1.122860594
-14.449210473,-17.211894848,-1.122860594
-14.427555181,-17.256962001,-1.122860594
-14.405899888,-17.302029155,-1.122860594
-14.383094443,-17.346520216,-1.097131568
-14.359971244,-17.390852119,-1.090024127
-14.336848045,-17.435184023,-1.090024127
-14.313724847,-17.479515927,-1.090024127
-14.290601648,-17.523847830,-1.090024127
-14.267478449,-17.568179734,-1.090024127
-14.244355250,-17.612511638,-1.090024127
-14.221286477,-17.656871240,-1.091245440
-14.199054922,-17.701656929,-1.110033965
-14.176823367,-17.746442619,-1.110033965
-14.154591812,-17.791228308,-1.110033965
-14.132360258,-17.836013997,-1.110033965
-14.110128703,-17.880799687,-1.110033965
-14.087897148,-17.925585376,-1.110033965
-14.065665594,-17.970371066,-1.110033965
-14.043566554,-18.015220424,-1.112974161
-14.022494362,-18.060563149,-1.135759460
-14.001422170,-18.105905875,-1.135759460
-13.980349979,-18.151248600,-1.135759460
-13.959277787,-18.196591325,-1.135759460
-13.938205595,-18.241934050,-1.135759460
-13.917133403,-18.287276776,-1.135759460
-13.896061212,-18.332619501,-1.135759460
-13.874761949,-18.377854320,-1.130731348
-13.852914787,-18.422828774,-1.118598798
-13.831067625,-18.467803228,-1.118598798
-13.809220462,-18.512777682,-1.118598798
-13.787373300,-18.557752136,-1.118598798
-13.765526138,-18.602726590,-1.118598798
-13.743678976,-18.647701044,-1.118598798
-13.721831814,-18.692675498,-1.118598798
-13.699659050,-18.737488849,-1.111333168
-13.677160241,-18.782140877,-1.104057663
-13.654661432,-18.826792905,-1.104057663
-13.632162623,-18.871444932,-1.104057663
-13.609663815,-18.916096960,-1.104057663
-13.587165006,-18.960748988,-1.104057663
-13.564666197,-19.005401016,-1.104057663
-13.542167388,-19.050053044,-1.104057663
-13.519300129,-19.094516656,-1.095780971
-13.496269945,-19.138896951,-1.092121133
-13.473239762,-19.183277247,-1.092121133
-13.450209578,-19.227657543,-1.092121133
-13.427179394,-19.272037838,-1.092121133
-13.404149211,-19.316418134,-1.092121133
-13.381119027,-19.360798429,-1.092121133
-13.358088843,-19.405178725,-1.092121133
-13.334889264,-19.449470632,-1.088299742
-13.311659560,-19.493746820,-1.087620174
-13.288429856,-19.538023009,-1.087620174
-13.265200153,-19.582299197,-1.087620174
-13.241970449,-19.626575386,-1.087620174
-13.218740745,-19.670851574,-1.087620174
-13.195511042,-19.715127763,-1.087620174
-13.172281338,-19.759403951,-1.087620174
-13.149530971,-19.803927505,-1.098408304
-13.126902522,-19.848513974,-1.101152186
-13.104274072,-19.893100444,-1.101152186
-13.081645623,-19.937686914,-1.101152186
-13.059017174,-19.982273384,-1.101152186
-13.036388725,-20.026859853,-1.101152186
-13.013760276,-20.071446323,-1.101152186
-12.991131826,-20.116032793,-1.101152186
-12.969462929,-20.161083080,-1.122469168
-12.948580163,-20.206513356,-1.139933053
-12.927697396,-20.251943633,-1.139933053
-12.906814629,-20.297373910,-1.139933053
-12.885931863,-20.342804187,-1.139933053
-12.865049096,-20.388234464,-1.139933053
-12.844166329,-20.433664741,-1.139933053
-12.823283563,-20.479095018,-1.139933053
-12.803281372,-20.524891255,-1.159003028
-12.785813410,-20.571740698,-1.213909146
-12.768345447,-20.618590140,-1.213909146
-12.750877484,-20.665439583,-1.213909146
-12.733409522,-20.712289026,-1.213909146
-12.715941559,-20.759138469,-1.213909146
-12.698473596,-20.805987911,-1.213909146
-12.681005633,-20.852837354,-1.213909146
-12.663537671,-20.899686797,-1.213909146
-12.651462673,-20.948150599,-1.326613131
-12.640315872,-20.996892253,-1.345971072
-12.629169071,-21.045633907,-1.345971072
-12.618022270,-21.094375561,-1.345971072
-12.606875469,-21.143117215,-1.345971072
-12.595728668,-21.191858869,-1.345971072
-12.584581867,-21.240600523,-1.345971072
-12.573435067,-21.289342177,-1.345971072
-12.564611260,-21.338450719,-1.393013686
-12.560193911,-21.388255207,-1.482334014
-12.555776562,-21.438059695,-1.482334014
-12.551359213,-21.487864183,-1.482334014
-12.546941864,-21.537668671,-1.482334014
-12.542524515,-21.587473159,-1.482334014
-12.538107166,-21.637277647,-1.482334014
-12.533689817,-21.687082135,-1.482334014
-12.529272468,-21.736886623,-1.482334014
-12.529514866,-21.786830434,-1.575649703
-12.530948744,-21.836809870,-1.599477809
-12.532382621,-21.886789306,-1.599477809
-12.533816499,-21.936768742,-1.599477809
-12.535250376,-21.986748177,-1.599477809
-12.536684254,-22.036727613,-1.599477809
-12.538118131,-22.086707049,-1.599477809
-12.539552009,-22.136686484,-1.599477809
-12.542031306,-22.186589852,-1.620437470
-12.547847545,-22.236250414,-1.687385071
-12.553663785,-22.285910975,-1.687385071
-12.559480025,-22.335571536,-1.687385071
-12.565296264,-22.385232098,-1.687385071
-12.571112504,-22.434892659,-1.687385071
-12.576928743,-22.484553220,-1.687385071
-12.582744983,-22.534213782,-1.687385071
-12.588561223,-22.583874343,-1.687385071
-12.595949890,-22.633315085,-1.719143354
-12.603975210,-22.682666825,-1.732000001
-12.612000529,-22.732018565,-1.732000001
-12.620025849,-22.781370305,-1.732000001
-12.628051168,-22.830722045,-1.732000001
-12.636076488,-22.880073785,-1.732000001
-12.644101807,-22.929425525,-1.732000001
-12.652127127,-22.978777265,-1.732000001
-12.660346891,-23.028095723,-1.735945432
-12.669192064,-23.077307134,-1.748635717
-12.678037237,-23.126518544,-1.748635717
-12.686882410,-23.175729955,-1.748635717
-12.695727583,-23.224941365,-1.748635717
-12.704572755,-23.274152776,-1.748635717
-12.713417928,-23.323364186,-1.748635717
-12.722263101,-23.372575596,-1.748635717
-12.731108274,-23.421787007,-1.748635717
-12.739894421,-23.471008982,-1.747436458
-12.748667765,-23.520233249,-1.747176298
-12.757441108,-23.569457516,-1.747176298
-12.766214451,-23.618681783,-1.747176298
-12.774987795,-23.667906049,-1.747176298
-12.783761138,-23.717130316,-1.747176298
-12.792534481,-23.766354583,-1.747176298
-12.801307824,-23.815578850,-1.747176298
-12.809737405,-23.864861709,-1.740201841
-12.817765752,-23.914212957,-1.732061338
-12.825794099,-23.963564205,-1.732061338
-12.833822445,-24.012915452,-1.732061338
-12.841850792,-24.062266700,-1.732061338
-12.849879139,-24.111617948,-1.732061338
-12.857907485,-24.160969196,-1.732061338
-12.865935832,-24.210320443,-1.732061338
-12.873738050,-24.259705205,-1.727489552
-12.880368812,-24.309263584,-1.703803402
-12.886999575,-24.358821964,-1.703803402
-12.893630338,-24.408380344,-1.703803402
-12.900261100,-24.457938723,-1.703803402
-12.906891863,-24.507497103,-1.703803402
-12.913522626,-24.557055482,-1.703803402
-12.920153388,-24.606613862,-1.703803402
-12.926784151,-24.656172242,-1.703803402
-12.931409749,-24.705953944,-1.663447932
-12.935845251,-24.755756819,-1.659623120
-12.940280752,-24.805559694,-1.659623120
-12.944716253,-24.855362568,-1.659623120
-12.949151755,-24.905165443,-1.659623120
-12.953587256,-24.954968318,-1.659623120
-12.958022758,-25.004771192,-1.659623120
-12.962458259,-25.054574067,-1.659623120
-12.964555380,-25.104506777,-1.612770597
-12.965660625,-25.154494560,-1.592903020
-12.966765869,-25.204482343,-1.592903020
-12.967871114,-25.254470126,-1.592903020
-12.968976359,-25.304457909,-1.592903020
-12.970081603,-25.354445692,-1.592903020
-12.971186848,-25.404433474,-1.592903020
-12.972292093,-25.454421257,-1.592903020
-12.971745528,-25.504394313,-1.559859573
-12.969749154,-25.554354442,-1.530858231
-12.967752780,-25.604314571,-1.530858231
-12.965756406,-25.654274700,-1.530858231
-12.963760032,-25.704234829,-1.530858231
-12.961763658,-25.754194958,-1.530858231
-12.959767284,-25.804155087,-1.530858231
-12.957770910,-25.854115216,-1.530858231
-12.954773212,-25.904010302,-1.510788435
-12.950289552,-25.953808864,-1.481002508
-12.945805892,-26.003607426,-1.481002508
-12.941322232,-26.053405988,-1.481002508
-12.936838572,-26.103204550,-1.481002508
-12.932354912,-26.153003113,-1.481002508
-12.927871252,-26.202801675,-1.481002508
-12.923387592,-26.252600237,-1.481002508
-12.918394676,-26.302344449,-1.470759573
-12.912267597,-26.351967618,-1.447945975
-12.906140519,-26.401590787,-1.447945975
-12.900013440,-26.451213956,-1.447945975
-12.893886362,-26.500837125,-1.447945975
-12.887759283,-26.550460294,-1.447945975
-12.881632205,-26.600083463,-1.447945975
-12.875505126,-26.649706632,-1.447945975
-12.869206219,-26.699307388,-1.444480299
-12.862398941,-26.748841830,-1.434226639
-12.855591664,-26.798376272,-1.434226639
-12.848784386,-26.847910715,-1.434226639
-12.841977109,-26.897445157,-1.434226639
-12.835169831,-26.946979599,-1.434226639
-12.828362554,-26.996514041,-1.434226639
-12.821555276,-27.046048484,-1.434226639
-12.814821942,-27.095592842,-1.435718737
-12.808337825,-27.145170622,-1.440747733
-12.801853709,-27.194748401,-1.440747733
-12.795369593,-27.244326181,-1.440747733
-12.788885476,-27.293903961,-1.440747733
-12.782401360,-27.343481740,-1.440747733
-12.775917244,-27.393059520,-1.440747733
-12.769433127,-27.442637300,-1.440747733
-12.763256355,-27.492251173,-1.446936748
-12.758077873,-27.541982283,-1.467040630
-12.752899392,-27.591713394,-1.467040630
-12.747720910,-27.641444504,-1.467040630
-12.742542428,-27.691175614,-1.467040630
-12.737363946,-27.740906724,-1.467040630
-12.732185464,-27.790637835,-1.467040630
-12.727006982,-27.840368945,-1.467040630
-12.722422549,-27.890148568,-1.478960806
-12.719463732,-27.940060945,-1.511585388
-12.716504915,-27.989973322,-1.511585388
-12.713546097,-28.039885699,-1.511585388
-12.710587280,-28.089798076,-1.511585388
-12.707628463,-28.139710454,-1.511585388
-12.704669645,-28.189622831,-1.511585388
-12.701710828,-28.239535208,-1.511585388
-12.699340992,-28.289464245,-1.523367830
-12.699473678,-28.339464069,-1.573450060
-12.699606365,-28.389463893,-1.573450060
-12.699739051,-28.439463717,-1.573450060
-12.699871738,-28.489463541,-1.573450060
-12.700004424,-28.539463365,-1.573450060
-12.700137111,-28.589463189,-1.573450060
-12.700269797,-28.639463013,-1.573450060
-12.700849954,-28.689447157,-1.582402618
-12.704217487,-28.739333625,-1.638198008
-12.707585020,-28.789220093,-1.638198008
-12.710952553,-28.839106562,-1.638198008
-12.714320086,-28.888993030,-1.638198008
-12.717687619,-28.938879498,-1.638198008
-12.721055151,-28.988765967,-1.638198008
-12.724422684,-29.038652435,-1.638198008
-12.727992170,-29.088516792,-1.642258341
-12.735498889,-29.137950072,-1.721500524
-12.743005609,-29.187383352,-1.721500524
-12.750512328,-29.236816632,-1.721500524
-12.758019047,-29.286249912,-1.721500524
-12.765525766,-29.335683192,-1.721500524
-12.773032486,-29.385116472,-1.721500524
-12.780539205,-29.434549752,-1.721500524
-12.788045924,-29.483983031,-1.721500524
-12.801207567,-29.532207248,-1.837233349
-12.814571483,-29.580388217,-1.841363800
-12.827935398,-29.628569186,-1.841363800
-12.841299313,-29.676750154,-1.841363800
-12.854663229,-29.724931123,-1.841363800
-12.868027144,-29.773112092,-1.841363800
-12.881391059,-29.821293061,-1.841363800
-12.894754975,-29.869474030,-1.841363800
-12.912955640,-29.915963589,-1.943953761
-12.932529999,-29.961972767,-1.973043536
-12.952104357,-30.007981945,-1.973043536
-12.971678716,-30.053991123,-1.973043536
-12.991253075,-30.100000302,-1.973043536
-13.010827433,-30.146009480,-1.973043536
-13.030401792,-30.192018658,-1.973043536
-13.049976151,-30.238027836,-1.973043536
-13.072406986,-30.282627013,-2.036795403
-13.097025322,-30.326146406,-2.085603159
-13.121643659,-30.369665798,-2.085603159
-13.146261995,-30.413185191,-2.085603159
-13.170880331,-30.456704583,-2.085603159
-13.195498668,-30.500223975,-2.085603159
-13.220117004,-30.543743368,-2.085603159
-13.244735341,-30.587262760,-2.085603159
-13.270487651,-30.630068592,-2.112396998
-13.299069601,-30.671093854,-2.179298337
-13.327651551,-30.712119116,-2.179298337
-13.356233500,-30.753144379,-2.179298337
-13.384815450,-30.794169641,-2.179298337
-13.413397400,-30.835194903,-2.179298337
-13.441979349,-30.876220166,-2.179298337
-13.470561299,-30.917245428,-2.179298337
-13.499143249,-30.958270691,-2.179298337
-13.530135019,-30.997507094,-2.239331606
-13.561130752,-31.036740556,-2.239430268
-13.592126485,-31.075974018,-2.239430268
-13.623122218,-31.115207480,-2.239430268
-13.654117951,-31.154440942,-2.239430268
-13.685113684,-31.193674403,-2.239430268
-13.716109418,-31.232907865,-2.239430268
-13.747105151,-31.272141327,-2.239430268
-13.779270389,-31.310413309,-2.269713072
-13.811768724,-31.348411444,-2.278336926
-13.844267058,-31.386409579,-2.278336926
-13.876765392,-31.424407714,-2.278336926
-13.909263727,-31.462405849,-2.278336926
-13.941762061,-31.500403984,-2.278336926
-13.974260395,-31.538402119,-2.278336926
-14.006758730,-31.576400254,-2.278336926
-14.040086380,-31.613655162,-2.300611178
-14.074309833,-31.650107257,-2.324671522
-14.108533287,-31.686559352,-2.324671522
-14.142756741,-31.723011446,-2.324671522
-14.176980194,-31.759463541,-2.324671522
-14.211203648,-31.795915636,-2.324671522
-14.245427101,-31.832367731,-2.324671522
-14.279650555,-31.868819826,-2.324671522
-14.313921507,-31.905224783,-2.326009417
-14.350111953,-31.939724806,-2.380102968
-14.386302400,-31.974224829,-2.380102968
-14.422492846,-32.008724852,-2.380102968
-14.458683293,-32.043224875,-2.380102968
-14.494873739,-32.077724898,-2.380102968
-14.531064186,-32.112224921,-2.380102968
-14.567254632,-32.146724944,-2.380102968
-14.603445079,-32.181224967,-2.380102968
-14.640407631,-32.214859250,-2.403304335
-14.678807338,-32.246882093,-2.446499664
-14.717207046,-32.278904936,-2.446499664
-14.755606753,-32.310927779,-2.446499664
-14.794006461,-32.342950622,-2.446499664
-14.832406168,-32.374973464,-2.446499664
-14.870805876,-32.406996307,-2.446499664
-14.909205583,-32.439019150,-2.446499664
-14.947605290,-32.471041993,-2.446499664
-14.987650234,-32.500913044,-2.500696216
-15.028619667,-32.529574962,-2.531140055
-15.069589100,-32.558236881,-2.531140055
-15.110558533,-32.586898800,-2.531140055
-15.151527965,-32.615560718,-2.531140055
-15.192497398,-32.644222637,-2.531140055
-15.233466831,-32.672884555,-2.531140055
-15.274436264,-32.701546474,-2.531140055
-15.315405697,-32.730208393,-2.531140055
-15.357876118,-32.756472812,-2.587741391
-15.401555355,-32.780806417,-2.633316437
-15.445234591,-32.805140022,-2.633316437
-15.488913827,-32.829473627,-2.633316437
-15.532593063,-32.853807232,-2.633316437
-15.576272299,-32.878140837,-2.633316437
-15.619951535,-32.902474442,-2.633316437
-15.663630771,-32.926808047,-2.633316437
-15.707310007,-32.951141652,-2.633316437
-15.750989243,-32.975475257,-2.633316437
-15.797114531,-32.994635897,-2.747877686
-15.843637826,-33.012954822,-2.766478782
-15.890161122,-33.031273746,-2.766478782
-15.936684417,-33.049592670,-2.766478782
-15.983207712,-33.067911594,-2.766478782
-16.029731008,-33.086230519,-2.766478782
-16.076254303,-33.104549443,-2.766478782
-16.122777599,-33.122868367,-2.766478782
-16.169300894,-33.141187292,-2.766478782
-16.215824189,-33.159506216,-2.766478782
-16.262587128,-33.177003591,-2.783548241
-16.311663286,-33.186570761,-2.949061993
-16.360739444,-33.196137931,-2.949061993
-16.409815601,-33.205705102,-2.949061993
-16.458891759,-33.215272272,-2.949061993
-16.507967917,-33.224839442,-2.949061993
-16.557044074,-33.234406613,-2.949061993
-16.606120232,-33.243973783,-2.949061993
-16.655196390,-33.253540953,-2.949061993
-16.704272548,-33.263108124,-2.949061993
-16.753348705,-33.272675294,-2.949061993
-16.802847234,-33.277166975,-3.051096782
-16.852829709,-33.275843252,-3.168070210
-16.902812183,-33.274519529,-3.168070210
-16.952794658,-33.273195805,-3.168070210
-17.002777132,-33.271872082,-3.168070210
-17.052759607,-33.270548359,-3.168070210
-17.102742081,-33.269224636,-3.168070210
-17.152724556,-33.267900913,-3.168070210
-17.202707030,-33.266577190,-3.168070210
-17.252689505,-33.265253467,-3.168070210
-17.302671979,-33.263929744,-3.168070210
-17.351408113,-33.253620543,-3.350050675
-17.399863914,-33.241290280,-3.390768415
-17.448319715,-33.228960017,-3.390768415
-17.496775515,-33.216629754,-3.390768415
-17.545231316,-33.204299491,-3.390768415
-17.593687117,-33.191969228,-3.390768415
-17.642142917,-33.179638965,-3.390768415
-17.690598718,-33.167308702,-3.390768415
-17.739054519,-33.154978439,-3.390768415
-17.787510319,-33.142648176,-3.390768415
-17.835966120,-33.130317913,-3.390768415
-17.880335657,-33.107416790,-3.618072836
-17.924486227,-33.083949212,-3.630148921
-17.968636797,-33.060481635,-3.630148921
-18.012787367,-33.037014058,-3.630148921
-18.056937937,-33.013546480,-3.630148921
-18.101088507,-32.990078903,-3.630148921
-18.145239076,-32.966611326,-3.630148921
-18.189389646,-32.943143749,-3.630148921
-18.233540216,-32.919676171,-3.630148921
-18.277690786,-32.896208594,-3.630148921
-18.321049629,-32.871601052,-3.657796604
-18.358457386,-32.838424860,-3.867111679
-18.395865143,-32.805248668,-3.867111679
-18.433272900,-32.772072476,-3.867111679
-18.470680657,-32.738896284,-3.867111679
-18.508088414,-32.705720092,-3.867111679
-18.545496171,-32.672543899,-3.867111679
-18.582903927,-32.639367707,-3.867111679
-18.620311684,-32.606191515,-3.867111679
-18.657719441,-32.573015323,-3.867111679
-18.695127198,-32.539839131,-3.867111679
-18.725585212,-32.500449972,-4.054167649
-18.754379481,-32.459573450,-4.098702243
-18.783173751,-32.418696928,-4.098702243
-18.811968020,-32.377820406,-4.098702243
-18.840762289,-32.336943884,-4.098702243
-18.869556559,-32.296067362,-4.098702243
-18.898350828,-32.255190840,-4.098702243
-18.927145098,-32.214314318,-4.098702243
-18.955939367,-32.173437796,-4.098702243
-18.984733636,-32.132561274,-4.098702243
-19.005469364,-32.087326196,-4.282572193
-19.023918461,-32.040854368,-4.334475543
-19.042367559,-31.994382540,-4.334475543
-19.060816656,-31.947910712,-4.334475543
-19.079265753,-31.901438884,-4.334475543
-19.097714850,-31.854967055,-4.334475543
-19.116163948,-31.808495227,-4.334475543
-19.134613045,-31.762023399,-4.334475543
-19.153062142,-31.715551571,-4.334475543
-19.171511240,-31.669079743,-4.334475543
-19.180899957,-31.620068361,-4.523119918
-19.189292335,-31.570777713,-4.543743138
-19.197684712,-31.521487065,-4.543743138
-19.206077090,-31.472196416,-4.543743138
-19.214469468,-31.422905768,-4.543743138
-19.222861846,-31.373615120,-4.543743138
-19.231254224,-31.324324472,-4.543743138
-19.239646602,-31.275033824,-4.543743138
-19.248038980,-31.225743176,-4.543743138
-19.255394362,-31.176366003,-4.564513158
-19.255286525,-31.126366120,-4.714545712
-19.255178689,-31.076366236,-4.714545712
-19.255070852,-31.026366352,-4.714545712
-19.254963016,-30.976366469,-4.714545712
-19.254855179,-30.926366585,-4.714545712
-19.254747343,-30.876366701,-4.714545712
-19.254639506,-30.826366817,-4.714545712
-19.254531670,-30.776366934,-4.714545712
-19.254116742,-30.726385105,-4.720690373
-19.248364821,-30.676717053,-4.827682645
-19.242612901,-30.627049000,-4.827682645
-19.236860980,-30.577380948,-4.827682645
-19.231109060,-30.527712896,-4.827682645
-19.225357139,-30.478044844,-4.827682645
-19.219605219,-30.428376792,-4.827682645
-19.213853299,-30.378708739,-4.827682645
-19.208101378,-30.329040687,-4.827682645
-19.202077238,-30.279414831,-4.833189092
-19.192522628,-30.230336226,-4.904663707
-19.182968018,-30.181257622,-4.904663707
-19.173413409,-30.132179017,-4.904663707
-19.163858799,-30.083100413,-4.904663707
-19.154304189,-30.034021808,-4.904663707
-19.144749579,-29.984943203,-4.904663707
-19.135194970,-29.935864599,-4.904663707
-19.125640360,-29.886785994,-4.904663707
-19.115486765,-29.837838047,-4.916924774
-19.103734717,-29.789238774,-4.949649691
-19.091982669,-29.740639501,-4.949649691
-19.080230620,-29.692040227,-4.949649691
-19.068478572,-29.643440954,-4.949649691
-19.056726524,-29.594841681,-4.949649691
-19.044974476,-29.546242407,-4.949649691
-19.033222428,-29.497643134,-4.949649691
-19.021253621,-29.449099534,-4.954125383
-19.008131240,-29.400852222,-4.977946840
-18.995008860,-29.352604910,-4.977946840
-18.981886479,-29.304357598,-4.977946840
-18.968764098,-29.256110286,-4.977946840
-18.955641718,-29.207862973,-4.977946840
-18.942519337,-29.159615661,-4.977946840
-18.929396956,-29.111368349,-4.977946840
-18.916060146,-29.063183133,-4.982411335
-18.901370443,-29.015389696,-5.010582643
-18.886680740,-28.967596259,-5.010582643
-18.871991036,-28.919802822,-5.010582643
-18.857301333,-28.872009385,-5.010582643
-18.842611630,-28.824215948,-5.010582643
-18.827921927,-28.776422511,-5.010582643
-18.813232223,-28.728629074,-5.010582643
-18.798096265,-28.680983091,-5.019981860
-18.781418715,-28.633846488,-5.052456775
-18.764741165,-28.586709885,-5.052456775
-18.748063614,-28.539573283,-5.052456775
-18.731386064,-28.492436680,-5.052456775
-18.714708514,-28.445300077,-5.052456775
-18.698030964,-28.398163475,-5.052456775
-18.681353413,-28.351026872,-5.052456775
-18.663294240,-28.304420912,-5.082061399
-18.644130748,-28.258239092,-5.105722885
-18.624967255,-28.212057271,-5.105722885
-18.605803762,-28.165875451,-5.105722885
-18.586640269,-28.119693630,-5.105722885
-18.567476776,-28.073511810,-5.105722885
-18.548313284,-28.027329989,-5.105722885
-18.527783741,-27.981768063,-5.135729695
-18.505646311,-27.936935774,-5.171050772
-18.483508880,-27.892103484,-5.171050772
-18.461371450,-27.847271195,-5.171050772
-18.439234020,-27.802438905,-5.171050772
-18.417096590,-27.757606616,-5.171050772
-18.394959159,-27.712774326,-5.171050772
-18.372704294,-27.668005763,-5.173721297
-18.347181897,-27.625010330,-5.248094606
-18.321659500,-27.582014897,-5.248094606
-18.296137103,-27.539019464,-5.248094606
-18.270614706,-27.496024032,-5.248094606
-18.245092309,-27.453028599,-5.248094606
-18.219569912,-27.410033166,-5.248094606
-18.194047515,-27.367037733,-5.248094606
-18.165518347,-27.325980945,-5.319664304
-18.136888919,-27.284988802,-5.322048762
-18.108259490,-27.243996658,-5.322048762
-18.079630062,-27.203004515,-5.322048762
-18.051000634,-27.162012371,-5.322048762
-18.022371205,-27.121020228,-5.322048762
-17.991212103,-27.081992659,-5.386145598
-17.958583529,-27.044106301,-5.423362150
-17.925954955,-27.006219942,-5.423362150
-17.893326381,-26.968333584,-5.423362150
-17.860697808,-26.930447225,-5.423362150
-17.828069234,-26.892560866,-5.423362150
-17.794204943,-26.855860273,-5.457614515
-17.757696416,-26.821697025,-5.530960484
-17.721187889,-26.787533778,-5.530960484
-17.684679363,-26.753370530,-5.530960484
-17.648170836,-26.719207283,-5.530960484
-17.611662309,-26.685044035,-5.530960484
-17.575153783,-26.650880788,-5.530960484
-17.536682413,-26.619003613,-5.591250104
-17.497389610,-26.588083141,-5.616468199
-17.458096806,-26.557162669,-5.616468199
-17.418804003,-26.526242196,-5.616468199
-17.379511199,-26.495321724,-5.616468199
-17.340218396,-26.464401252,-5.616468199
-17.300925593,-26.433480780,-5.616468199
-17.260341176,-26.404332722,-5.660343360
-17.218871687,-26.376399203,-5.690403515
-17.177402197,-26.348465685,-5.690403515
-17.135932708,-26.320532166,-5.690403515
-17.094463219,-26.292598647,-5.690403515
-17.052993729,-26.264665129,-5.690403515
-17.011524240,-26.236731610,-5.690403515
-16.969573715,-26.209553068,-5.708307981
-16.926734636,-26.183769094,-5.741384784
-16.883895557,-26.157985120,-5.741384784
-16.841056478,-26.132201146,-5.741384784
-16.798217400,-26.106417172,-5.741384784
-16.755378321,-26.080633198,-5.741384784
-16.712539242,-26.054849224,-5.741384784
-16.669700163,-26.029065250,-5.741384784
-16.626495447,-26.003912948,-5.755982524
-16.582800515,-25.979607538,-5.775554489
-16.539105583,-25.955302129,-5.775554489
-16.495410651,-25.930996720,-5.775554489
-16.451715719,-25.906691310,-5.775554489
-16.408020787,-25.882385901,-5.775554489
-16.364325855,-25.858080491,-5.775554489
-16.320630923,-25.833775082,-5.775554489
-16.276976176,-25.809397721,-5.773906236
-16.233364518,-25.784943206,-5.772138810
-16.189752860,-25.760488690,-5.772138810
-16.146141203,-25.736034175,-5.772138810
-16.102529545,-25.711579660,-5.772138810
-16.058917887,-25.687125145,-5.772138810
-16.015306230,-25.662670629,-5.772138810
-15.971694572,-25.638216114,-5.772138810
-15.928230292,-25.613502197,-5.766171874
-15.884896191,-25.588559147,-5.760901238
-15.841562091,-25.563616097,-5.760901238
-15.798227991,-25.538673047,-5.760901238
-15.754893890,-25.513729997,-5.760901238
-15.711559790,-25.488786947,-5.760901238
-15.668225689,-25.463843897,-5.760901238
-15.624891589,-25.438900847,-5.760901238
-15.581720044,-25.413679009,-5.754446828
-15.538668108,-25.388252040,-5.749697716
-15.495616171,-25.362825071,-5.749697716
-15.452564234,-25.337398102,-5.749697716
-15.409512298,-25.311971133,-5.749697716
-15.366460361,-25.286544164,-5.749697716
-15.323408424,-25.261117195,-5.749697716
-15.280356488,-25.235690226,-5.749697716
-15.237385752,-25.210126582,-5.746518165
-15.194466160,-25.184476852,-5.744515527
-15.151546568,-25.158827122,-5.744515527
-15.108626976,-25.133177392,-5.744515527
-15.065707384,-25.107527663,-5.744515527
-15.022787793,-25.081877933,-5.744515527
-14.979868201,-25.056228203,-5.744515527
-14.936948609,-25.030578473,-5.744515527
-14.893609740,-25.005651065,-5.761219956
-14.850050424,-24.981103438,-5.770002508
-14.806491108,-24.956555811,-5.770002508
-14.762931792,-24.932008184,-5.770002508
-14.719372476,-24.907460557,-5.770002508
-14.675813160,-24.882912930,-5.770002508
-14.632253844,-24.858365303,-5.770002508
-14.588694528,-24.833817676,-5.770002508
-14.544720616,-24.810027558,-5.787274073
-14.500565847,-24.786567881,-5.794807964
-14.456411079,-24.763108203,-5.794807964
-14.412256311,-24.739648526,-5.794807964
-14.368101543,-24.716188849,-5.794807964
-14.323946775,-24.692729171,-5.794807964
-14.279792007,-24.669269494,-5.794807964
-14.235637239,-24.645809817,-5.794807964
-14.191029369,-24.623231383,-5.814626948
-14.146258961,-24.600969069,-5.821736029
-14.101488554,-24.578706756,-5.821736029
-14.056718146,-24.556444442,-5.821736029
-14.011947738,-24.534182129,-5.821736029
-13.967177331,-24.511919816,-5.821736029
-13.922406923,-24.489657502,-5.821736029
-13.877636516,-24.467395189,-5.821736029
-13.832440589,-24.446016548,-5.841352565
-13.787119918,-24.424896967,-5.847103037
-13.741799246,-24.403777385,-5.847103037
-13.696478575,-24.382657803,-5.847103037
-13.651157903,-24.361538222,-5.847103037
-13.605837232,-24.340418640,-5.847103037
-13.560516560,-24.319299058,-5.847103037
-13.515195889,-24.298179477,-5.847103037
-13.469633516,-24.277588455,-5.858727208
-13.424013869,-24.257122683,-5.861481657
-13.378394223,-24.236656910,-5.861481657
-13.332774576,-24.216191138,-5.861481657
-13.287154929,-24.195725366,-5.861481657
-13.241535283,-24.175259594,-5.861481657
-13.195915636,-24.154793821,-5.861481657
-13.150295989,-24.134328049,-5.861481657
-13.104718857,-24.113767820,-5.859409974
-13.059149752,-24.093189758,-5.859018860
-13.013580647,-24.072611696,-5.859018860
-12.968011541,-24.052033634,-5.859018860
-12.922442436,-24.031455572,-5.859018860
-12.876873330,-24.010877510,-5.859018860
-12.831304225,-23.990299448,-5.859018860
-12.785735120,-23.969721386,-5.859018860
-12.740354992,-23.948730587,-5.849939949
-12.695002725,-23.927678939,-5.848601458
-12.649650458,-23.906627290,-5.848601458
-12.604298192,-23.885575642,-5.848601458
-12.558945925,-23.864523993,-5.848601458
-12.513593658,-23.843472345,-5.848601458
-12.468241392,-23.822420696,-5.848601458
-12.422889125,-23.801369048,-5.848601458
-12.377737003,-23.779891696,-5.839193314
-12.332593210,-23.758396628,-5.838801767
-12.287449417,-23.736901559,-5.838801767
-12.242305624,-23.715406490,-5.838801767
-12.197161832,-23.693911421,-5.838801767
-12.152018039,-23.672416353,-5.838801767
-12.106874246,-23.650921284,-5.838801767
-12.061749703,-23.629386031,-5.837910641
-12.016707408,-23.607679081,-5.834103014
-11.971665114,-23.585972131,-5.834103014
-11.926622819,-23.564265181,-5.834103014
-11.881580524,-23.542558230,-5.834103014
-11.836538230,-23.520851280,-5.834103014
-11.791495935,-23.499144330,-5.834103014
-11.746453640,-23.477437380,-5.834103014
-11.701394221,-23.455766121,-5.834894753
-11.656277556,-23.434214171,-5.837541390
-11.611160891,-23.412662221,-5.837541390
-11.566044226,-23.391110271,-5.837541390
-11.520927561,-23.369558321,-5.837541390
-11.475810896,-23.348006371,-5.837541390
-11.430694231,-23.326454421,-5.837541390
-11.385573511,-23.304911051,-5.837731174
-11.340280863,-23.283731437,-5.845778019
-11.294988215,-23.262551823,-5.845778019
-11.249695567,-23.241372209,-5.845778019
-11.204402919,-23.220192596,-5.845778019
-11.159110271,-23.199012982,-5.845778019
-11.113817623,-23.177833368,-5.845778019
-11.068524975,-23.156653754,-5.845778019
-11.023287009,-23.135365032,-5.843337880
-10.979211740,-23.111756333,-5.791429951
-10.935136471,-23.088147635,-5.791429951
-10.891061201,-23.064538936,-5.791429951
-10.846985932,-23.040930238,-5.791429951
-10.802910663,-23.017321539,-5.791429951
-10.758835394,-22.993712841,-5.791429951
-10.714760125,-22.970104142,-5.791429951
-10.671049282,-22.945836033,-5.776361181
-10.627608787,-22.921078743,-5.765182677
-10.584168291,-22.896321454,-5.765182677
-10.540727796,-22.871564164,-5.765182677
-10.497287301,-22.846806875,-5.765182677
-10.453846806,-22.822049585,-5.765182677
-10.410406311,-22.797292295,-5.765182677
-10.366965816,-22.772535006,-5.765182677
-10.324198974,-22.746649792,-5.738904487
-10.281804065,-22.720141837,-5.724397106
-10.239409156,-22.693633882,-5.724397106
-10.197014247,-22.667125927,-5.724397106
-10.154619338,-22.640617971,-5.724397106
-10.112224429,-22.614110016,-5.724397106
-10.069829520,-22.587602061,-5.724397106
-10.027434611,-22.561094106,-5.724397106
-9.985407404,-22.534010995,-5.710743820
-9.943552963,-22.506657645,-5.704328900
-9.901698522,-22.479304295,-5.704328900
-9.859844081,-22.451950944,-5.704328900
-9.817989640,-22.424597594,-5.704328900
-9.776135199,-22.397244244,-5.704328900
-9.734280758,-22.369890894,-5.704328900
-9.692426317,-22.342537543,-5.704328900
-9.650169625,-22.315812846,-5.719255881
-9.607795554,-22.289271594,-5.723611508
-9.565421482,-22.262730342,-5.723611508
-9.523047411,-22.236189089,-5.723611508
-9.480673340,-22.209647837,-5.723611508
-9.438299268,-22.183106584,-5.723611508
-9.395925197,-22.156565332,-5.723611508
-9.353551126,-22.130024079,-5.723611508
-9.310795729,-22.104102937,-5.738171200
-9.267989628,-22.078264252,-5.740107159
-9.225183526,-22.052425566,-5.740107159
-9.182377424,-22.026586881,-5.740107159
-9.139571323,-22.000748196,-5.740107159
-9.096765221,-21.974909510,-5.740107159
-9.053865871,-21.949226851,-5.743742509
-9.010834373,-21.923765309,-5.748894474
-8.967802874,-21.898303767,-5.748894474
-8.924771375,-21.872842226,-5.748894474
-8.881739876,-21.847380684,-5.748894474
-8.838708378,-21.821919142,-5.748894474
-8.795676879,-21.796457600,-5.748894474
-8.752969409,-21.770475475,-5.736631009
-8.711124754,-21.743107156,-5.703971233
-8.669280099,-21.715738838,-5.703971233
-8.627435445,-21.688370519,-5.703971233
-8.585590790,-21.661002201,-5.703971233
-8.543746135,-21.633633882,-5.703971233
-8.501901480,-21.606265564,-5.703971233
-8.460056825,-21.578897245,-5.703971233
-8.419247728,-21.550021015,-5.667381542
-8.378680324,-21.520792849,-5.658843559
-8.338112920,-21.491564682,-5.658843559
-8.297545516,-21.462336516,-5.658843559
-8.256978111,-21.433108349,-5.658843559
-8.216410707,-21.403880183,-5.658843559
-8.175843303,-21.374652017,-5.658843559
-8.135271566,-21.345429867,-5.658991853
-8.094691171,-21.316219739,-5.659288149
-8.054110776,-21.287009612,-5.659288149
-8.013530381,-21.257799484,-5.659288149
-7.972949986,-21.228589356,-5.659288149
-7.932369592,-21.199379229,-5.659288149
-7.891789197,-21.170169101,-5.659288149
-7.851208802,-21.140958973,-5.659288149
-7.811066827,-21.111151085,-5.644461807
-7.771013864,-21.081221831,-5.641451690
-7.730960902,-21.051292578,-5.641451690
-7.690907940,-21.021363324,-5.641451690
-7.650854978,-20.991434071,-5.641451690
-7.610802016,-20.961504817,-5.641451690
-7.570749053,-20.931575563,-5.641451690
-7.530932511,-20.901338422,-5.633687975
-7.491677979,-20.870369377,-5.615231437
-7.452423447,-20.839400333,-5.615231437
-7.413168915,-20.808431289,-5.615231437
-7.373914382,-20.777462244,-5.615231437
-7.334659850,-20.746493200,-5.615231437
-7.295405318,-20.715524156,-5.615231437
-7.256150786,-20.684555111,-5.615231437
-7.216853634,-20.653640194,-5.616609300
-7.177540793,-20.622745202,-5.617116483
-7.138227953,-20.591850209,-5.617116483
-7.098915113,-20.560955216,-5.617116483
-7.059602272,-20.530060223,-5.617116483
-7.020289432,-20.499165231,-5.617116483
-6.980976591,-20.468270238,-5.617116483
-6.941659277,-20.437380944,-5.617261405
-6.902315646,-20.406525171,-5.618113723
-6.862972015,-20.375669398,-5.618113723
-6.823628385,-20.344813625,-5.618113723
-6.784284754,-20.313957852,-5.618113723
-6.744941124,-20.283102079,-5.618113723
-6.705597493,-20.252246306,-5.618113723
-6.666253863,-20.221390533,-5.618113723
-6.627193275,-20.190179128,-5.609023244
-6.588295318,-20.158763384,-5.603800081
-6.549397361,-20.127347641,-5.603800081
-6.510499404,-20.095931897,-5.603800081
-6.471601447,-20.064516153,-5.603800081
-6.432703490,-20.033100410,-5.603800081
-6.393805534,-20.001684666,-5.603800081
-6.354948906,-19.970218229,-5.602491984
-6.316341776,-19.938445764,-5.594595020
-6.277734647,-19.906673298,-5.594595020
-6.239127518,-19.874900832,-5.594595020
-6.200520389,-19.843128366,-5.594595020
-6.161913260,-19.811355901,-5.594595020
-6.123306131,-19.779583435,-5.594595020
-6.084699002,-19.747810969,-5.594595020
-6.046119876,-19.716004523,-5.593714360
-6.007556402,-19.684179086,-5.593222185
-5.968992928,-19.652353649,-5.593222185
-5.930429453,-19.620528212,-5.593222185
-5.891865979,-19.588702775,-5.593222185
-5.853302504,-19.556877338,-5.593222185
-5.814739030,-19.525051901,-5.593222185
-5.776130665,-19.493281429,-5.594641518
-5.737243048,-19.461852887,-5.603471018
-5.698355431,-19.430424346,-5.603471018
-5.659467814,-19.398995804,-5.603471018
-5.620580197,-19.367567262,-5.603471018
-5.581692580,-19.336138720,-5.603471018
-5.542804963,-19.304710178,-5.603471018
-5.503917346,-19.273281636,-5.603471018
-5.464389588,-19.242670295,-5.624233671
-5.424563535,-19.212439756,-5.633908174
-5.384737482,-19.182209217,-5.633908174
-5.344911429,-19.151978677,-5.633908174
-5.305085376,-19.121748138,-5.633908174
-5.265259323,-19.091517599,-5.633908174
-5.225433270,-19.061287060,-5.633908174
-5.184352720,-19.032824273,-5.677272046
-5.142669256,-19.005211074,-5.698107807
-5.100985792,-18.977597874,-5.698107807
-5.059302327,-18.949984674,-5.698107807
-5.017618863,-18.922371475,-5.698107807
-4.975935399,-18.894758275,-5.698107807
-4.934251934,-18.867145075,-5.698107807
-4.890993927,-18.842212893,-5.760329607
-4.846574428,-18.819258413,-5.806215150
-4.802154930,-18.796303933,-5.806215150
-4.757735431,-18.773349452,-5.806215150
-4.713315933,-18.750394972,-5.806215150
-4.668896435,-18.727440492,-5.806215150
-4.624476936,-18.704486012,-5.806215150
-4.579015451,-18.683824613,-5.856610908
-4.532509354,-18.665462071,-5.907133719
-4.486003257,-18.647099529,-5.907133719
-4.439497160,-18.628736987,-5.907133719
-4.392991063,-18.610374445,-5.907133719
-4.346484966,-18.592011903,-5.907133719
-4.299978869,-18.573649362,-5.907133719
-4.253128718,-18.556265630,-5.927882462
-4.205361487,-18.541490935,-5.983212840
-4.157594256,-18.526716240,-5.983212840
-4.109827025,-18.511941545,-5.983212840
-4.062059793,-18.497166850,-5.983212840
-4.014292562,-18.482392155,-5.983212840
-3.966525331,-18.467617459,-5.983212840
-3.918758100,-18.452842764,-5.983212840
-3.870935543,-18.438254838,-5.987108536
-3.822827911,-18.424629284,-6.007183376
-3.774720279,-18.411003729,-6.007183376
-3.726612647,-18.397378175,-6.007183376
-3.678505015,-18.383752621,-6.007183376
-3.630397382,-18.370127067,-6.007183376
-3.582289750,-18.356501513,-6.007183376
-3.534182118,-18.342875958,-6.007183376
-3.486255818,-18.328715222,-5.995890543
-3.439773860,-18.310291661,-5.905821309
-3.393291902,-18.291868099,-5.905821309
-3.346809945,-18.273444538,-5.905821309
-3.300327987,-18.255020977,-5.905821309
-3.253846029,-18.236597416,-5.905821309
-3.207364071,-18.218173855,-5.905821309
-3.160882114,-18.199750294,-5.905821309
-3.114400156,-18.181326733,-5.905821309
-3.071307225,-18.156046972,-5.752652039
-3.028442168,-18.130306210,-5.742393164
-2.985577110,-18.104565447,-5.742393164
-2.942712053,-18.078824684,-5.742393164
-2.899846996,-18.053083921,-5.742393164
-2.856981939,-18.027343158,-5.742393164
-2.814116882,-18.001602395,-5.742393164
-2.771251825,-17.975861632,-5.742393164
-2.729835165,-17.948231512,-5.694864948
-2.693845785,-17.913521794,-5.515885285
-2.657856405,-17.878812076,-5.515885285
-2.621867025,-17.844102358,-5.515885285
-2.585877645,-17.809392640,-5.515885285
-2.549888265,-17.774682922,-5.515885285
-2.513898885,-17.739973204,-5.515885285
-2.477909505,-17.705263486,-5.515885285
-2.441920125,-17.670553767,-5.515885285
-2.410917885,-17.631715617,-5.386057006
-2.383539695,-17.589877420,-5.291838976
-2.356161505,-17.548039223,-5.291838976
-2.328783315,-17.506201026,-5.291838976
-2.301405125,-17.464362829,-5.291838976
-2.274026936,-17.422524632,-5.291838976
-2.246648746,-17.380686435,-5.291838976
-2.219270556,-17.338848238,-5.291838976
-2.192034656,-17.296938068,-5.288668419
-2.174555038,-17.250092973,-5.069524950
-2.157075420,-17.203247877,-5.069524950
-2.139595802,-17.156402782,-5.069524950
-2.122116185,-17.109557687,-5.069524950
-2.104636567,-17.062712591,-5.069524950
-2.087156949,-17.015867496,-5.069524950
-2.069677331,-16.969022400,-5.069524950
-2.052197713,-16.922177305,-5.069524950
-2.040202390,-16.873950457,-4.956169253
-2.033399302,-16.824415439,-4.848874094
-2.026596213,-16.774880421,-4.848874094
-2.019793125,-16.725345403,-4.848874094
-2.012990037,-16.675810385,-4.848874094
-2.006186949,-16.626275368,-4.848874094
-1.999383861,-16.576740350,-4.848874094
-1.992580773,-16.527205332,-4.848874094
-1.991739550,-16.477470375,-4.729301482
-1.995208642,-16.427590866,-4.642951358
-1.998677733,-16.377711357,-4.642951358
-2.002146825,-16.327831849,-4.642951358
-2.005615917,-16.277952340,-4.642951358
-2.009085009,-16.228072831,-4.642951358
-2.012554101,-16.178193322,-4.642951358
-2.016023193,-16.128313813,-4.642951358
-2.025751786,-16.079526875,-4.515560993
-2.039385550,-16.031421569,-4.436216383
-2.053019314,-15.983316263,-4.436216383
-2.066653079,-15.935210957,-4.436216383
-2.080286843,-15.887105651,-4.436216383
-2.093920608,-15.839000345,-4.436216383
-2.107554372,-15.790895039,-4.436216383
-2.121188136,-15.742789733,-4.436216383
-2.140806055,-15.697073995,-4.307026785
-2.164057201,-15.652809063,-4.228728492
-2.187308346,-15.608544131,-4.228728492
-2.210559492,-15.564279198,-4.228728492
-2.233810637,-15.520014266,-4.228728492
-2.257061783,-15.475749334,-4.228728492
-2.280312928,-15.431484401,-4.228728492
-2.303564074,-15.387219469,-4.228728492
-2.331302922,-15.345860264,-4.121612106
-2.362177594,-15.306531463,-4.046836953
-2.393052266,-15.267202661,-4.046836953
-2.423926938,-15.227873859,-4.046836953
-2.454801610,-15.188545058,-4.046836953
-2.485676282,-15.149216256,-4.046836953
-2.516550954,-15.109887455,-4.046836953
-2.547425626,-15.070558653,-4.046836953
-2.582749741,-15.035240229,-3.926910258
-2.618671053,-15.000460073,-3.910851734
-2.654592366,-14.965679916,-3.910851734
-2.690513678,-14.930899759,-3.910851734
-2.726434991,-14.896119603,-3.910851734
-2.762356304,-14.861339446,-3.910851734
-2.798277616,-14.826559289,-3.910851734
-2.836347620,-14.794288302,-3.844735340
-2.876240540,-14.764146058,-3.788654635
-2.916133461,-14.734003814,-3.788654635
-2.956026381,-14.703861569,-3.788654635
-2.995919301,-14.673719325,-3.788654635
-3.035812222,-14.643577080,-3.788654635
-3.075705142,-14.613434836,-3.788654635
-3.116207656,-14.584215880,-3.766544306
-3.159598089,-14.559370953,-3.661613856
-3.202988521,-14.534526026,-3.661613856
-3.246378953,-14.509681099,-3.661613856
-3.289769385,-14.484836172,-3.661613856
-3.333159817,-14.459991245,-3.661613856
-3.376550250,-14.435146318,-3.661613856
-3.419940682,-14.410301391,-3.661613856
-3.465116295,-14.389029905,-3.581659471
-3.511040136,-14.369256164,-3.548177397
-3.556963978,-14.349482424,-3.548177397
-3.602887819,-14.329708684,-3.548177397
-3.648811660,-14.309934943,-3.548177397
-3.694735501,-14.290161203,-3.548177397
-3.740659342,-14.270387463,-3.548177397
-3.787654282,-14.253439573,-3.487707811
-3.835147045,-14.237805077,-3.459616306
-3.882639808,-14.222170580,-3.459616306
-3.930132571,-14.206536084,-3.459616306
-3.977625334,-14.190901587,-3.459616306
-4.025118096,-14.175267091,-3.459616306
-4.072610859,-14.159632594,-3.459616306
-4.120352091,-14.144831395,-3.442225408
-4.168651719,-14.131902903,-3.403134063
-4.216951348,-14.118974410,-3.403134063
-4.265250976,-14.106045918,-3.403134063
-4.313550604,-14.093117426,-3.403134063
-4.361850232,-14.080188933,-3.403134063
-4.410149860,-14.067260441,-3.403134063
-4.458449489,-14.054331948,-3.403134063
-4.506771818,-14.041494742,-3.401252971
-4.555501143,-14.030294166,-3.367521319
-4.604230467,-14.019093590,-3.367521319
-4.652959792,-14.007893014,-3.367521319
-4.701689117,-13.996692437,-3.367521319
-4.750418442,-13.985491861,-3.367521319
-4.799147766,-13.974291285,-3.367521319
-4.847877091,-13.963090709,-3.367521319
-4.896639229,-13.952035613,-3.364538629
-4.945458625,-13.941234383,-3.359333737
-4.994278021,-13.930433153,-3.359333737
-5.043097417,-13.919631923,-3.359333737
-5.091916813,-13.908830693,-3.359333737
-5.140736209,-13.898029463,-3.359333737
-5.189555605,-13.887228233,-3.359333737
-5.238375001,-13.876427003,-3.359333737
-5.286934544,-13.864527175,-3.381913165
-5.335419690,-13.852312816,-3.388377195
-5.383904837,-13.840098456,-3.388377195
-5.432389983,-13.827884097,-3.388377195
-5.480875130,-13.815669737,-3.388377195
-5.529360276,-13.803455378,-3.388377195
-5.577845423,-13.791241019,-3.388377195
-5.626284699,-13.778859122,-3.391850773
-5.674229645,-13.764671729,-3.429293003
-5.722174592,-13.750484337,-3.429293003
-5.770119538,-13.736296945,-3.429293003
-5.818064485,-13.722109553,-3.429293003
-5.866009431,-13.707922160,-3.429293003
-5.913954378,-13.693734768,-3.429293003
-5.961899325,-13.679547376,-3.429293003
-6.009824638,-13.665294167,-3.430666645
-6.057706917,-13.650896687,-3.433677724
-6.105589195,-13.636499207,-3.433677724
-6.153471473,-13.622101726,-3.433677724
-6.201353751,-13.607704246,-3.433677724
-6.249236029,-13.593306766,-3.433677724
-6.297118307,-13.578909285,-3.433677724
-6.345000585,-13.564511805,-3.433677724
-6.392924065,-13.550252549,-3.430793028
-6.440874681,-13.536084328,-3.428893162
-6.488825296,-13.521916107,-3.428893162
-6.536775912,-13.507747887,-3.428893162
-6.584726527,-13.493579666,-3.428893162
-6.632677142,-13.479411445,-3.428893162
-6.680627758,-13.465243225,-3.428893162
-6.728578373,-13.451075004,-3.428893162
-6.776262661,-13.436037734,-3.447072414
-6.823918185,-13.420906608,-3.449035661
-6.871573710,-13.405775481,-3.449035661
-6.919229234,-13.390644354,-3.449035661
-6.966884759,-13.375513228,-3.449035661
-7.014540283,-13.360382101,-3.449035661
-7.062195808,-13.345250975,-3.449035661
-7.109796795,-13.329956376,-3.452482039
-7.156991393,-13.313443658,-3.478165690
-7.204185992,-13.296930941,-3.478165690
-7.251380591,-13.280418223,-3.478165690
-7.298575190,-13.263905505,-3.478165690
-7.345769788,-13.247392788,-3.478165690
-7.392964387,-13.230880070,-3.478165690
-7.440158986,-13.214367352,-3.478165690
-7.487307532,-13.197727311,-3.480873532
-7.534145575,-13.180228805,-3.499131868
-7.580983619,-13.162730298,-3.499131868
-7.627821662,-13.145231792,-3.499131868
-7.674659705,-13.127733286,-3.499131868
-7.721497748,-13.110234779,-3.499131868
-7.768335791,-13.092736273,-3.499131868
-7.815173834,-13.075237766,-3.499131868
-7.862011877,-13.057739260,-3.499131868
-7.908648235,-13.039710164,-3.510484513
-7.955283465,-13.021678100,-3.510547996
-8.001918695,-13.003646036,-3.510547996
-8.048553925,-12.985613973,-3.510547996
-8.095189155,-12.967581909,-3.510547996
-8.141824385,-12.949549846,-3.510547996
-8.188459615,-12.931517782,-3.510547996
-8.235094845,-12.913485718,-3.510547996
-8.281493042,-12.894857058,-3.523387460
-8.327787521,-12.875967347,-3.529005466
-8.374082000,-12.857077635,-3.529005466
-8.420376479,-12.838187923,-3.529005466
-8.466670958,-12.819298212,-3.529005466
-8.512965437,-12.800408500,-3.529005466
-8.559259917,-12.781518788,-3.529005466
-8.605554396,-12.762629077,-3.529005466
-8.651742383,-12.743490114,-3.534426118
-8.697394154,-12.723096100,-3.561723889
-8.743045925,-12.702702086,-3.561723889
-8.788697696,-12.682308072,-3.561723889
-8.834349467,-12.661914058,-3.561723889
-8.880001238,-12.641520044,-3.561723889
-8.925653009,-12.621126030,-3.561723889
-8.971304780,-12.600732016,-3.561723889
-9.016956551,-12.580338002,-3.561723889
-9.062123470,-12.558942817,-3.583972831
-9.106430172,-12.535771365,-3.623453608
-9.150736874,-12.512599913,-3.623453608
-9.195043576,-12.489428462,-3.623453608
-9.239350278,-12.466257010,-3.623453608
-9.283656980,-12.443085558,-3.623453608
-9.327963682,-12.419914107,-3.623453608
-9.372270383,-12.396742655,-3.623453608
-9.416577085,-12.373571204,-3.623453608
-9.459453841,-12.347956792,-3.680095395
-9.501351630,-12.320669884,-3.718862422
-9.543249418,-12.293382976,-3.718862422
-9.585147206,-12.266096068,-3.718862422
-9.627044994,-12.238809160,-3.718862422
-9.668942782,-12.211522252,-3.718862422
-9.710840570,-12.184235344,-3.718862422
-9.752738359,-12.156948436,-3.718862422
-9.794636147,-12.129661528,-3.718862422
-9.832459183,-12.097019850,-3.853591666
-9.869927747,-12.063912348,-3.865276938
-9.907396310,-12.030804845,-3.865276938
-9.944864874,-11.997697342,-3.865276938
-9.982333437,-11.964589839,-3.865276938
-10.019802001,-11.931482336,-3.865276938
-10.057270564,-11.898374833,-3.865276938
-10.094739128,-11.865267330,-3.865276938
-10.130623048,-11.830603981,-3.909691089
-10.163037885,-11.792534593,-4.007043714
-10.195452722,-11.754465205,-4.007043714
-10.227867560,-11.716395817,-4.007043714
-10.260282397,-11.678326429,-4.007043714
-10.292697235,-11.640257041,-4.007043714
-10.325112072,-11.602187653,-4.007043714
-10.357526910,-11.564118264,-4.007043714
-10.389941747,-11.526048876,-4.007043714
-10.419229853,-11.485614060,-4.085520826
-10.447046815,-11.444066297,-4.122415187
-10.474863778,-11.402518534,-4.122415187
-10.502680740,-11.360970771,-4.122415187
-10.530497702,-11.319423008,-4.122415187
-10.558314664,-11.277875245,-4.122415187
-10.586131627,-11.236327482,-4.122415187
-10.613948589,-11.194779719,-4.122415187
-10.641597112,-11.153128841,-4.126362443
-10.665948124,-11.109459307,-4.203714205
-10.690299136,-11.065789773,-4.203714205
-10.714650148,-11.022120238,-4.203714205
-10.739001159,-10.978450704,-4.203714205
-10.763352171,-10.934781170,-4.203714205
-10.787703183,-10.891111636,-4.203714205
-10.812054195,-10.847442101,-4.203714205
-10.836405207,-10.803772567,-4.203714205
-10.860086822,-10.759745497,-4.218892652
-10.882840714,-10.715222914,-4.239929343
-10.905594607,-10.670700331,-4.239929343
-10.928348499,-10.626177748,-4.239929343
-10.951102391,-10.581655165,-4.239929343
-10.973856284,-10.537132583,-4.239929343
-10.996610176,-10.492610000,-4.239929343
-11.019364068,-10.448087417,-4.239929343
-11.042117961,-10.403564834,-4.239929343
-11.063201242,-10.358236240,-4.277031823
-11.083889389,-10.312717006,-4.285805438
-11.104577535,-10.267197773,-4.285805438
-11.125265682,-10.221678540,-4.285805438
-11.145953829,-10.176159307,-4.285805438
-11.166641975,-10.130640074,-4.285805438
-11.187330122,-10.085120841,-4.285805438
-11.208018268,-10.039601607,-4.285805438
-11.227800017,-9.993688918,-4.305568889
-11.246925072,-9.947491166,-4.319887256
-11.266050126,-9.901293414,-4.319887256
-11.285175181,-9.855095662,-4.319887256
-11.304300235,-9.808897910,-4.319887256
-11.323425290,-9.762700158,-4.319887256
-11.342550344,-9.716502406,-4.319887256
-11.361675399,-9.670304654,-4.319887256
-11.380563645,-9.624013678,-4.324976832
-11.398063614,-9.577176182,-4.354818531
-11.415563584,-9.530338685,-4.354818531
-11.433063553,-9.483501189,-4.354818531
-11.450563522,-9.436663693,-4.354818531
-11.468063492,-9.389826196,-4.354818531
-11.485563461,-9.342988700,-4.354818531
-11.503063430,-9.296151203,-4.354818531
-11.520563400,-9.249313707,-4.354818531
-11.537690109,-9.202338786,-4.362773659
-11.554739797,-9.155335508,-4.364415170
-11.571789485,-9.108332230,-4.364415170
-11.588839173,-9.061328952,-4.364415170
-11.605888861,-9.014325674,-4.364415170
-11.622938549,-8.967322396,-4.364415170
-11.639988237,-8.920319118,-4.364415170
-11.657037924,-8.873315840,-4.364415170
-11.675461153,-8.826850607,-4.334907878
-11.694873339,-8.780772771,-4.313663929
-11.714285525,-8.734694934,-4.313663929
-11.733697711,-8.688617097,-4.313663929
-11.753109897,-8.642539261,-4.313663929
-11.772522083,-8.596461424,-4.313663929
-11.791934269,-8.550383587,-4.313663929
-11.811346455,-8.504305751,-4.313663929
-11.831579303,-8.458601551,-4.295629642
-11.853586530,-8.413705204,-4.256629341
-11.875593757,-8.368808857,-4.256629341
-11.897600984,-8.323912510,-4.256629341
-11.919608211,-8.279016164,-4.256629341
-11.941615438,-8.234119817,-4.256629341
-11.963622665,-8.189223470,-4.256629341
-11.985629892,-8.144327123,-4.256629341
-12.008501854,-8.099874812,-4.237186585
-12.032165730,-8.055829142,-4.219381321
-12.055829605,-8.011783473,-4.219381321
-12.079493481,-7.967737804,-4.219381321
-12.103157356,-7.923692134,-4.219381321
-12.126821232,-7.879646465,-4.219381321
-12.150485108,-7.835600795,-4.219381321
-12.174148983,-7.791555126,-4.219381321
-12.198221025,-7.747731541,-4.210087806
-12.222350224,-7.703939057,-4.208786381
-12.246479424,-7.660146572,-4.208786381
-12.270608624,-7.616354087,-4.208786381
-12.294737824,-7.572561603,-4.208786381
-12.318867024,-7.528769118,-4.208786381
-12.342996224,-7.484976633,-4.208786381
-12.367673657,-7.441494681,-4.196184625
-12.392826276,-7.398281884,-4.185262039
-12.417978894,-7.355069087,-4.185262039
-12.443131512,-7.311856291,-4.185262039
-12.468284130,-7.268643494,-4.185262039
-12.493436748,-7.225430697,-4.185262039
-12.518589366,-7.182217900,-4.185262039
-12.544573406,-7.139503130,-4.165877862
-12.570803593,-7.096935803,-4.160139389
-12.597033779,-7.054368477,-4.160139389
-12.623263966,-7.011801150,-4.160139389
-12.649494153,-6.969233823,-4.160139389
-12.675724340,-6.926666497,-4.160139389
-12.701972933,-6.884110649,-4.159705545
-12.728656247,-6.841825890,-4.149459106
-12.755339560,-6.799541132,-4.149459106
-12.782022873,-6.757256373,-4.149459106
-12.808706187,-6.714971615,-4.149459106
-12.835389500,-6.672686857,-4.149459106
-12.862072813,-6.630402098,-4.149459106
-12.889024461,-6.588288197,-4.143096829
-12.916050503,-6.546221666,-4.141332926
-12.943076545,-6.504155135,-4.141332926
-12.970102587,-6.462088604,-4.141332926
-12.997128629,-6.420022072,-4.141332926
-13.024154671,-6.377955541,-4.141332926
-13.050949329,-6.335741349,-4.146822640
-13.077718521,-6.293510906,-4.147426838
-13.104487713,-6.251280462,-4.147426838
-13.131256905,-6.209050019,-4.147426838
-13.158026097,-6.166819575,-4.147426838
-13.184720858,-6.124542228,-4.149186384
-13.211265408,-6.082170222,-4.152737369
-13.237809957,-6.039798216,-4.152737369
-13.264354507,-5.997426210,-4.152737369
-13.290899057,-5.955054204,-4.152737369
-13.317443606,-5.912682198,-4.152737369
-13.344357446,-5.870544285,-4.143992607
-13.371351481,-5.828457207,-4.142093611
-13.398345515,-5.786370130,-4.142093611
-13.425339550,-5.744283053,-4.142093611
-13.452333585,-5.702195975,-4.142093611
-13.479681473,-5.660339345,-4.133647981
-13.507258504,-5.618631943,-4.128178939
-13.534835535,-5.576924541,-4.128178939
-13.562412565,-5.535217139,-4.128178939
-13.589989596,-5.493509736,-4.128178939
-13.618009101,-5.452106062,-4.117445200
-13.647016491,-5.411380501,-4.093478854
-13.676023880,-5.370654939,-4.093478854
-13.705031270,-5.329929378,-4.093478854
-13.734038659,-5.289203817,-4.093478854
-13.763046049,-5.248478255,-4.093478854
-13.792849682,-5.208360888,-4.073440291
-13.824509549,-5.169661369,-4.026711719
-13.856169417,-5.130961850,-4.026711719
-13.887829284,-5.092262331,-4.026711719
-13.919489152,-5.053562811,-4.026711719
-13.951149019,-5.014863292,-4.026711719
-13.984408692,-4.977589572,-3.983839394
-14.019223457,-4.941701800,-3.942166012
-14.054038221,-4.905814028,-3.942166012
-14.088852986,-4.869926256,-3.942166012
-14.123667751,-4.834038484,-3.942166012
-14.158482515,-4.798150713,-3.942166012
-14.194093630,-4.763106493,-3.918967612
-14.231924496,-4.730413595,-3.854264880
-14.269755362,-4.697720697,-3.854264880
-14.307586228,-4.665027799,-3.854264880
-14.345417094,-4.632334901,-3.854264880
-14.383247961,-4.599642004,-3.854264880
-14.422134140,-4.568267404,-3.820485369
-14.462315418,-4.538510642,-3.779026585
-14.502496696,-4.508753879,-3.779026585
-14.542677974,-4.478997117,-3.779026585
-14.582859252,-4.449240355,-3.779026585
-14.623040530,-4.419483593,-3.779026585
-14.663221808,-4.389726830,-3.779026585
-14.703403086,-4.359970068,-3.779026585
-14.745462981,-4.332978862,-3.712134029
-14.787932974,-4.306591370,-3.697541911
-14.830402966,-4.280203878,-3.697541911
-14.872872959,-4.253816386,-3.697541911
-14.915342951,-4.227428894,-3.697541911
-14.957812944,-4.201041403,-3.697541911
-15.000282937,-4.174653911,-3.697541911
-15.042752929,-4.148266419,-3.697541911
-15.085522233,-4.122398432,-3.685553138
-15.129651996,-4.098891752,-3.631034784
-15.173781760,-4.075385073,-3.631034784
-15.217911523,-4.051878393,-3.631034784
-15.262041287,-4.028371714,-3.631034784
-15.306171050,-4.004865035,-3.631034784
-15.350300814,-3.981358355,-3.631034784
-15.394430577,-3.957851676,-3.631034784
-15.438560340,-3.934344996,-3.631034784
-15.482690104,-3.910838317,-3.631034784
-15.527614016,-3.888894743,-3.595966424
-15.572621044,-3.867114765,-3.592296908
-15.617628071,-3.845334786,-3.592296908
-15.662635099,-3.823554808,-3.592296908
-15.707642126,-3.801774829,-3.592296908
-15.752649154,-3.779994851,-3.592296908
-15.797656182,-3.758214872,-3.592296908
-15.842663209,-3.736434894,-3.592296908
-15.887925497,-3.715225322,-3.579800143
-15.934154741,-3.696176515,-3.532444471
-15.980383984,-3.677127709,-3.532444471
-16.026613228,-3.658078902,-3.532444471
-16.072842472,-3.639030095,-3.532444471
-16.119071715,-3.619981289,-3.532444471
-16.165300959,-3.600932482,-3.532444471
-16.211530203,-3.581883676,-3.532444471
-16.257779949,-3.562889658,-3.531275081
-16.305157745,-3.546910158,-3.466889405
-16.352535541,-3.530930659,-3.466889405
-16.399913338,-3.514951159,-3.466889405
-16.447291134,-3.498971660,-3.466889405
-16.494668931,-3.482992160,-3.466889405
-16.542046727,-3.467012661,-3.466889405
-16.589424524,-3.451033161,-3.466889405
-16.636802320,-3.435053662,-3.466889405
-16.685014936,-3.421955023,-3.406874229
-16.733595887,-3.410127459,-3.380407507
-16.782176837,-3.398299894,-3.380407507
-16.830757787,-3.386472330,-3.380407507
-16.879338737,-3.374644766,-3.380407507
-16.927919688,-3.362817202,-3.380407507
-16.976500638,-3.350989638,-3.380407507
-17.025081588,-3.339162074,-3.380407507
-17.074048942,-3.329250916,-3.341298083
-17.123417385,-3.321328993,-3.300701580
-17.172785828,-3.313407071,-3.300701580
-17.222154271,-3.305485148,-3.300701580
-17.271522714,-3.297563226,-3.300701580
-17.320891156,-3.289641303,-3.300701580
-17.370259599,-3.281719380,-3.300701580
-17.419628042,-3.273797458,-3.300701580
-17.469232386,-3.267667262,-3.264551056
-17.518968892,-3.262540860,-3.244301180
-17.568705398,-3.257414458,-3.244301180
-17.618441904,-3.252288056,-3.244301180
-17.668178409,-3.247161654,-3.244301180
-17.717914915,-3.242035251,-3.244301180
-17.767651421,-3.236908849,-3.244301180
-17.817387927,-3.231782447,-3.244301180
-17.867208906,-3.227619835,-3.224950437
-17.917078861,-3.224016003,-3.213731837
-17.966948816,-3.220412172,-3.213731837
-18.016818770,-3.216808340,-3.213731837
-18.066688725,-3.213204509,-3.213731837
-18.116558680,-3.209600677,-3.213731837
-18.166428635,-3.205996846,-3.213731837
-18.216298590,-3.202393014,-3.213731837
-18.266155807,-3.198618620,-3.217152603
-18.316007880,-3.194775340,-3.218534146
-18.365859954,-3.190932060,-3.218534146
-18.415712027,-3.187088780,-3.218534146
-18.465564100,-3.183245500,-3.218534146
-18.515416173,-3.179402220,-3.218534146
-18.565268246,-3.175558940,-3.218534146
-18.615120319,-3.171715660,-3.218534146
-18.664792326,-3.166048804,-3.255187029
-18.714433306,-3.160067746,-3.261500947
-18.764074287,-3.154086688,-3.261500947
-18.813715267,-3.148105630,-3.261500947
-18.863356248,-3.142124572,-3.261500947
-18.912997228,-3.136143514,-3.261500947
-18.962638209,-3.130162456,-3.261500947
-19.012279189,-3.124181398,-3.261500947
-19.061569643,-3.115809949,-3.309826483
-19.110837878,-3.107286976,-3.312888578
-19.160106112,-3.098764004,-3.312888578
-19.209374347,-3.090241031,-3.312888578
-19.258642581,-3.081718059,-3.312888578
-19.307910816,-3.073195086,-3.312888578
-19.357179051,-3.064672114,-3.312888578
-19.406447285,-3.056149141,-3.312888578
-19.455502900,-3.046478060,-3.336241761
-19.504555886,-3.036792788,-3.336530388
-19.553608873,-3.027107515,-3.336530388
-19.602661860,-3.017422243,-3.336530388
-19.651714846,-3.007736970,-3.336530388
-19.700767833,-2.998051698,-3.336530388
-19.749820820,-2.988366425,-3.336530388
-19.798871184,-2.978668036,-3.336797911
-19.847877132,-2.968747500,-3.341328794
-19.896883080,-2.958826964,-3.341328794
-19.945889028,-2.948906428,-3.341328794
-19.994894977,-2.938985892,-3.341328794
-20.043900925,-2.929065355,-3.341328794
-20.092906873,-2.919144819,-3.341328794
-20.141912821,-2.909224283,-3.341328794
-20.190895863,-2.899193954,-3.343571920
-20.239780414,-2.888691540,-3.353216995
-20.288664965,-2.878189126,-3.353216995
-20.337549516,-2.867686712,-3.353216995
-20.386434066,-2.857184298,-3.353216995
-20.435318617,-2.846681884,-3.353216995
-20.484203168,-2.836179470,-3.353216995
-20.533087718,-2.825677056,-3.353216995
-20.581874386,-2.814746457,-3.362001634
-20.630466677,-2.802965572,-3.379446764
-20.679058968,-2.791184687,-3.379446764
-20.727651259,-2.779403802,-3.379446764
-20.776243550,-2.767622918,-3.379446764
-20.824835841,-2.755842033,-3.379446764
-20.873428132,-2.744061148,-3.379446764
-20.922020423,-2.732280263,-3.379446764
-20.970358237,-2.719499967,-3.400073390
-21.018667389,-2.706607106,-3.402396419
-21.066976540,-2.693714245,-3.402396419
-21.115285692,-2.680821384,-3.402396419
-21.163594844,-2.667928523,-3.402396419
-21.211903995,-2.655035662,-3.402396419
-21.260213147,-2.642142801,-3.402396419
-21.308455393,-2.629005550,-3.407464082
-21.356595180,-2.615494037,-3.415224830
-21.404734966,-2.601982525,-3.415224830
-21.452874752,-2.588471012,-3.415224830
-21.501014538,-2.574959499,-3.415224830
-21.549154325,-2.561447986,-3.415224830
-21.597294111,-2.547936473,-3.415224830
-21.645433897,-2.534424961,-3.415224830
-21.693382533,-2.520253006,-3.428976003
-21.741297197,-2.505963674,-3.431419842
-21.789211861,-2.491674343,-3.431419842
-21.837126525,-2.477385012,-3.431419842
-21.885041189,-2.463095681,-3.431419842
-21.932955852,-2.448806349,-3.431419842
-21.980870516,-2.434517018,-3.431419842
-22.028710421,-2.419987358,-3.436453506
-22.076275953,-2.404575670,-3.454928496
-22.123841486,-2.389163981,-3.454928496
-22.171407018,-2.373752293,-3.454928496
-22.218972550,-2.358340605,-3.454928496
-22.266538082,-2.342928916,-3.454928496
-22.314103615,-2.327517228,-3.454928496
-22.361669147,-2.312105539,-3.454928496
-22.408968283,-2.295919735,-3.471302618
-22.455944880,-2.278796672,-3.491127985
-22.502921478,-2.261673608,-3.491127985
-22.549898075,-2.244550544,-3.491127985
-22.596874672,-2.227427481,-3.491127985
-22.643851269,-2.210304417,-3.491127985
-22.690827867,-2.193181353,-3.491127985
-22.737804464,-2.176058290,-3.491127985
-22.784128997,-2.157290719,-3.526515688
-22.830075164,-2.137568912,-3.547046829
-22.876021332,-2.117847104,-3.547046829
-22.921967499,-2.098125296,-3.547046829
-22.967913666,-2.078403489,-3.547046829
-23.013859834,-2.058681681,-3.547046829
-23.059806001,-2.038959873,-3.547046829
-23.105752169,-2.019238066,-3.547046829
-23.149762696,-1.995573446,-3.634946274
-23.193466282,-1.971283602,-3.648867283
-23.237169869,-1.946993757,-3.648867283
-23.280873455,-1.922703913,-3.648867283
-23.324577042,-1.898414069,-3.648867283
-23.368280628,-1.874124225,-3.648867283
-23.411984215,-1.849834381,-3.648867283
-23.455314296,-1.824944014,-3.663003106
-23.496423620,-1.796483102,-3.747147349
-23.537532944,-1.768022191,-3.747147349
-23.578642269,-1.739561280,-3.747147349
-23.619751593,-1.711100368,-3.747147349
-23.660860917,-1.682639457,-3.747147349
-23.701970241,-1.654178546,-3.747147349
-23.743079565,-1.625717634,-3.747147349
-23.783104319,-1.595802819,-3.783432722
-23.822099643,-1.564508015,-3.817872600
-23.861094967,-1.533213212,-3.817872600
-23.900090290,-1.501918408,-3.817872600
-23.939085614,-1.470623605,-3.817872600
-23.978080938,-1.439328802,-3.817872600
-24.017076262,-1.408033998,-3.817872600
-24.056071586,-1.376739195,-3.817872600
-24.094275406,-1.344491288,-3.842652438
-24.132200442,-1.311907677,-3.851379623
-24.170125478,-1.279324067,-3.851379623
-24.208050514,-1.246740457,-3.851379623
-24.245975549,-1.214156847,-3.851379623
-24.283900585,-1.181573237,-3.851379623
-24.321825621,-1.148989627,-3.851379623
-24.359750657,-1.116406017,-3.851379623
-24.398292228,-1.084565471,-3.832067752
-24.437314546,-1.053304333,-3.817009577
-24.476336863,-1.022043195,-3.817009577
-24.515359181,-0.990782057,-3.817009577
-24.554381498,-0.959520919,-3.817009577
-24.593403816,-0.928259781,-3.817009577
-24.632426133,-0.896998644,-3.817009577
-24.671448450,-0.865737506,-3.817009577
-24.710470768,-0.834476368,-3.817009577
-24.753001866,-0.808249025,-3.694174143
-24.795834183,-0.782453820,-3.683655374
-24.838666500,-0.756658614,-3.683655374
-24.881498817,-0.730863409,-3.683655374
-24.924331134,-0.705068203,-3.683655374
-24.967163451,-0.679272998,-3.683655374
-25.009995768,-0.653477792,-3.683655374
-25.052828085,-0.627682587,-3.683655374
-25.096693208,-0.604144472,-3.634091366
-25.144214069,-0.588595588,-3.457814203
-25.191734929,-0.573046704,-3.457814203
-25.239255790,-0.557497819,-3.457814203
-25.286776651,-0.541948935,-3.457814203
-25.334297511,-0.526400051,-3.457814203
-25.381818372,-0.510851167,-3.457814203
-25.429339233,-0.495302283,-3.457814203
-25.476860093,-0.479753398,-3.457814203
-25.525880110,-0.471408427,-3.310212173
-25.575658773,-0.466708995,-3.235720219
-25.625437437,-0.462009564,-3.235720219
-25.675216100,-0.457310132,-3.235720219
-25.724994764,-0.452610701,-3.235720219
-25.774773427,-0.447911269,-3.235720219
-25.824552091,-0.443211837,-3.235720219
-25.874330754,-0.438512406,-3.235720219
-25.924073081,-0.436150274,-3.189044365
-25.973681602,-0.442394838,-3.016374411
-26.023290124,-0.448639401,-3.016374411
-26.072898646,-0.454883965,-3.016374411
-26.122507168,-0.461128528,-3.016374411
-26.172115689,-0.467373092,-3.016374411
-26.221724211,-0.473617655,-3.016374411
-26.271332733,-0.479862219,-3.016374411
-26.320941254,-0.486106782,-3.016374411
-26.368494043,-0.500966824,-2.838711709
-26.415577491,-0.517793856,-2.798351820
-26.462660938,-0.534620889,-2.798351820
-26.509744385,-0.551447921,-2.798351820
-26.556827832,-0.568274953,-2.798351820
-26.603911279,-0.585101986,-2.798351820
-26.650994726,-0.601929018,-2.798351820
-26.698078173,-0.618756050,-2.798351820
-26.743046086,-0.639942166,-2.701299649
-26.785397612,-0.666519378,-2.581170011
-26.827749139,-0.693096590,-2.581170011
-26.870100666,-0.719673802,-2.581170011
-26.912452192,-0.746251014,-2.581170011
-26.954803719,-0.772828225,-2.581170011
-26.997155246,-0.799405437,-2.581170011
-27.039506772,-0.825982649,-2.581170011
-27.081249807,-0.853329689,-2.561620813
-27.116889296,-0.888398575,-2.364264113
-27.152528786,-0.923467462,-2.364264113
-27.188168275,-0.958536349,-2.364264113
-27.223807764,-0.993605236,-2.364264113
-27.259447253,-1.028674122,-2.364264113
-27.295086742,-1.063743009,-2.364264113
-27.330726231,-1.098811896,-2.364264113
-27.366365720,-1.133880783,-2.364264113
-27.395979637,-1.173870286,-2.208216949
-27.423218416,-1.215799380,-2.146917811
-27.450457196,-1.257728473,-2.146917811
-27.477695975,-1.299657567,-2.146917811
-27.504934755,-1.341586661,-2.146917811
-27.532173534,-1.383515754,-2.146917811
-27.559412314,-1.425444848,-2.146917811
-27.586651093,-1.467373941,-2.146917811
-27.607011231,-1.512919411,-1.991176672
-27.626109967,-1.559128050,-1.962728419
-27.645208702,-1.605336689,-1.962728419
-27.664307438,-1.651545327,-1.962728419
-27.683406174,-1.697753966,-1.962728419
-27.702504909,-1.743962605,-1.962728419
-27.721603645,-1.790171244,-1.962728419
-27.740702381,-1.836379882,-1.962728419
-27.753086964,-1.884784801,-1.821276841
-27.764989080,-1.933347540,-1.811146050
-27.776891195,-1.981910279,-1.811146050
-27.788793311,-2.030473018,-1.811146050
-27.800695427,-2.079035758,-1.811146050
-27.812597542,-2.127598497,-1.811146050
-27.824499658,-2.176161236,-1.811146050
-27.836401773,-2.224723975,-1.811146050
-27.842847680,-2.274306212,-1.700075625
-27.849284359,-2.323890173,-1.699888153
-27.855721038,-2.373474133,-1.699888153
-27.862157717,-2.423058094,-1.699888153
-27.868594396,-2.472642055,-1.699888153
-27.875031075,-2.522226016,-1.699888153
-27.881467754,-2.571809976,-1.699888153
-27.886288936,-2.621543934,-1.667433802
-27.889091176,-2.671465346,-1.626870513
-27.891893416,-2.721386759,-1.626870513
-27.894695656,-2.771308172,-1.626870513
-27.897497897,-2.821229584,-1.626870513
-27.900300137,-2.871150997,-1.626870513
-27.903102377,-2.921072410,-1.626870513
-27.905904617,-2.970993823,-1.626870513
-27.905074866,-3.020962751,-1.554192505
-27.903579557,-3.070940387,-1.540885688
-27.902084248,-3.120918022,-1.540885688
-27.900588939,-3.170895658,-1.540885688
-27.899093630,-3.220873293,-1.540885688
-27.897598321,-3.270850929,-1.540885688
-27.896103012,-3.320828564,-1.540885688
-27.892830136,-3.370675626,-1.505232079
-27.887006424,-3.420335311,-1.454057113
-27.881182712,-3.469994997,-1.454057113
-27.875359000,-3.519654682,-1.454057113
-27.869535288,-3.569314368,-1.454057113
-27.863711576,-3.618974054,-1.454057113
-27.857887864,-3.668633739,-1.454057113
-27.852064152,-3.718293425,-1.454057113
-27.843809465,-3.767593299,-1.404896977
-27.834998219,-3.816810795,-1.393646294
-27.826186973,-3.866028291,-1.393646294
-27.817375726,-3.915245787,-1.393646294
-27.808564480,-3.964463284,-1.393646294
-27.799753234,-4.013680780,-1.393646294
-27.790941987,-4.062898276,-1.393646294
-27.782130741,-4.112115772,-1.393646294
-27.772920226,-4.161259780,-1.385526734
-27.763629856,-4.210389089,-1.383902836
-27.754339487,-4.259518398,-1.383902836
-27.745049118,-4.308647708,-1.383902836
-27.735758749,-4.357777017,-1.383902836
-27.726468380,-4.406906326,-1.383902836
-27.717178010,-4.456035636,-1.383902836
-27.707887641,-4.505164945,-1.383902836
-27.699731390,-4.554493119,-1.406932212
-27.691752078,-4.603852319,-1.410524812
-27.683772766,-4.653211518,-1.410524812
-27.675793453,-4.702570717,-1.410524812
-27.667814141,-4.751929917,-1.410524812
-27.659834829,-4.801289116,-1.410524812
-27.651855516,-4.850648316,-1.410524812
-27.644099547,-4.900041880,-1.415044236
-27.636871711,-4.949516706,-1.425731351
-27.629643875,-4.998991532,-1.425731351
-27.622416039,-5.048466358,-1.425731351
-27.615188202,-5.097941183,-1.425731351
-27.607960366,-5.147416009,-1.425731351
-27.600732530,-5.196890835,-1.425731351
-27.593504694,-5.246365661,-1.425731351
-27.585927197,-5.295785622,-1.418652549
-27.577654756,-5.345096541,-1.404583245
-27.569382315,-5.394407460,-1.404583245
-27.561109874,-5.443718378,-1.404583245
-27.552837434,-5.493029297,-1.404583245
-27.544564993,-5.542340216,-1.404583245
-27.536292552,-5.591651135,-1.404583245
-27.528020111,-5.640962054,-1.404583245
-27.519081952,-5.690150327,-1.391044442
-27.509238560,-5.739171829,-1.372634113
-27.499395168,-5.788193331,-1.372634113
-27.489551776,-5.837214833,-1.372634113
-27.479708383,-5.886236334,-1.372634113
-27.469864991,-5.935257836,-1.372634113
-27.460021599,-5.984279338,-1.372634113
-27.450178207,-6.033300839,-1.372634113
-27.440575147,-6.082369498,-1.377532439
-27.431164272,-6.131475867,-1.381449418
-27.421753396,-6.180582235,-1.381449418
-27.412342520,-6.229688603,-1.381449418
-27.402931644,-6.278794972,-1.381449418
-27.393520768,-6.327901340,-1.381449418
-27.384109892,-6.377007709,-1.381449418
-27.374721619,-6.426118353,-1.381909491
-27.365543860,-6.475268823,-1.386194456
-27.356366101,-6.524419294,-1.386194456
-27.347188342,-6.573569764,-1.386194456
-27.338010583,-6.622720235,-1.386194456
-27.328832824,-6.671870705,-1.386194456
-27.319655064,-6.721021175,-1.386194456
-27.310477305,-6.770171646,-1.386194456
-27.300673989,-6.819199614,-1.373445429
-27.290634695,-6.868181372,-1.368636250
-27.280595400,-6.917163129,-1.368636250
-27.270556106,-6.966144887,-1.368636250
-27.260516812,-7.015126644,-1.368636250
-27.250477518,-7.064108402,-1.368636250
-27.240438223,-7.113090159,-1.368636250
-27.230310601,-7.162053572,-1.366831995
-27.220014946,-7.210982086,-1.363399612
-27.209719291,-7.259910600,-1.363399612
-27.199423636,-7.308839114,-1.363399612
-27.189127981,-7.357767628,-1.363399612
-27.178832326,-7.406696142,-1.363399612
-27.168536671,-7.455624656,-1.363399612
-27.158241015,-7.504553170,-1.363399612
-27.148245671,-7.553543793,-1.369532953
-27.138288603,-7.602542332,-1.370314662
-27.128331534,-7.651540870,-1.370314662
-27.118374466,-7.700539409,-1.370314662
-27.108417397,-7.749537948,-1.370314662
-27.098460328,-7.798536486,-1.370314662
-27.088503260,-7.847535025,-1.370314662
-27.078624532,-7.896549315,-1.371912834
-27.068869261,-7.945588429,-1.374431398
-27.059113991,-7.994627543,-1.374431398
-27.049358720,-8.043666657,-1.374431398
-27.039603449,-8.092705771,-1.374431398
-27.029848178,-8.141744885,-1.374431398
-27.020092908,-8.190783999,-1.374431398
-27.010337637,-8.239823113,-1.374431398
-27.000487465,-8.288843224,-1.372495692
-26.990608826,-8.337857635,-1.371915054
-26.980730187,-8.386872046,-1.371915054
-26.970851548,-8.435886457,-1.371915054
-26.960972909,-8.484900868,-1.371915054
-26.951094270,-8.533915279,-1.371915054
-26.941215631,-8.582929690,-1.371915054
-26.931340469,-8.631944797,-1.371985973
-26.921599580,-8.680986769,-1.374724651
-26.911858690,-8.730028742,-1.374724651
-26.902117801,-8.779070715,-1.374724651
-26.892376911,-8.828112687,-1.374724651
-26.882636022,-8.877154660,-1.374724651
-26.872895132,-8.926196632,-1.374724651
-26.863154243,-8.975238605,-1.374724651
-26.853462225,-9.024289876,-1.375719593
-26.844513380,-9.073482539,-1.390849867
-26.835564536,-9.122675203,-1.390849867
-26.826615691,-9.171867867,-1.390849867
-26.817666846,-9.221060531,-1.390849867
-26.808718001,-9.270253195,-1.390849867
-26.799769156,-9.319445859,-1.390849867
-26.790820311,-9.368638522,-1.390849867
-26.781871466,-9.417831186,-1.390849867
-26.774589595,-9.467290465,-1.424616883
-26.767748824,-9.516820293,-1.433550444
-26.760908053,-9.566350121,-1.433550444
-26.754067282,-9.615879949,-1.433550444
-26.747226511,-9.665409777,-1.433550444
-26.740385740,-9.714939604,-1.433550444
-26.733544969,-9.764469432,-1.433550444
-26.726704198,-9.813999260,-1.433550444
-26.720803848,-9.863619953,-1.452442976
-26.718035312,-9.913543246,-1.515397286
-26.715266777,-9.963466539,-1.515397286
-26.712498241,-10.013389833,-1.515397286
-26.709729706,-10.063313126,-1.515397286
-26.706961171,-10.113236419,-1.515397286
-26.704192635,-10.163159713,-1.515397286
-26.701424100,-10.213083006,-1.515397286
-26.698655564,-10.263006299,-1.515397286
-26.701526015,-10.312814718,-1.628362478
-26.706325431,-10.362583841,-1.666932675
-26.711124848,-10.412352964,-1.666932675
-26.715924265,-10.462122087,-1.666932675
-26.720723681,-10.511891210,-1.666932675
-26.725523098,-10.561660333,-1.666932675
-26.730322514,-10.611429456,-1.666932675
-26.735121931,-10.661198579,-1.666932675
-26.739955829,-10.710961098,-1.667631838
-26.753884436,-10.758981863,-1.853103409
-26.767813043,-10.807002629,-1.853103409
-26.781741650,-10.855023394,-1.853103409
-26.795670258,-10.903044159,-1.853103409
-26.809598865,-10.951064925,-1.853103409
-26.823527472,-10.999085690,-1.853103409
-26.837456079,-11.047106455,-1.853103409
-26.851384687,-11.095127221,-1.853103409
-26.866480102,-11.142704632,-1.878031024
-26.887954976,-11.187858036,-2.014732556
-26.909429849,-11.233011439,-2.014732556
-26.930904722,-11.278164842,-2.014732556
-26.952379596,-11.323318245,-2.014732556
-26.973854469,-11.368471648,-2.014732556
-26.995329342,-11.413625051,-2.014732556
-27.016804216,-11.458778454,-2.014732556
-27.038279089,-11.503931858,-2.014732556
-27.061261863,-11.548252243,-2.049181358
-27.088053156,-11.590468669,-2.136281907
-27.114844450,-11.632685095,-2.136281907
-27.141635743,-11.674901520,-2.136281907
-27.168427037,-11.717117946,-2.136281907
-27.195218330,-11.759334372,-2.136281907
-27.222009623,-11.801550797,-2.136281907
-27.248800917,-11.843767223,-2.136281907
-27.275592210,-11.885983649,-2.136281907
-27.303826532,-11.927202595,-2.171373230
-27.333852881,-11.967182820,-2.214956325
-27.363879230,-12.007163045,-2.214956325
-27.393905579,-12.047143269,-2.214956325
-27.423931928,-12.087123494,-2.214956325
-27.453958277,-12.127103718,-2.214956325
-27.483984626,-12.167083943,-2.214956325
-27.514010975,-12.207064168,-2.214956325
-27.544037324,-12.247044392,-2.214956325
-27.575098218,-12.286215575,-2.241225307
-27.606662545,-12.324993059,-2.254007298
-27.638226872,-12.363770543,-2.254007298
-27.669791199,-12.402548027,-2.254007298
-27.701355526,-12.441325511,-2.254007298
-27.732919853,-12.480102995,-2.254007298
-27.764484180,-12.518880478,-2.254007298
-27.796048507,-12.557657962,-2.254007298
-27.827612834,-12.596435446,-2.254007298
-27.859420577,-12.635013488,-2.260301065
-27.891233780,-12.673587055,-2.260442245
-27.923046983,-12.712160623,-2.260442245
-27.954860186,-12.750734191,-2.260442245
-27.986673389,-12.789307758,-2.260442245
-28.018486592,-12.827881326,-2.260442245
-28.050299794,-12.866454893,-2.260442245
-28.082112997,-12.905028461,-2.260442245
-28.113671043,-12.943808637,-2.253875865
-28.144784799,-12.982948568,-2.242442084
-28.175898555,-13.022088499,-2.242442084
-28.207012312,-13.061228429,-2.242442084
-28.238126068,-13.100368360,-2.242442084
-28.269239824,-13.139508290,-2.242442084
-28.300353581,-13.178648221,-2.242442084
-28.331467337,-13.217788152,-2.242442084
-28.362581093,-13.256928082,-2.242442084
-28.392177636,-13.297219086,-2.204348554
-28.421489856,-13.337725798,-2.197211582
-28.450802077,-13.378232511,-2.197211582
-28.480114297,-13.418739223,-2.197211582
-28.509426517,-13.459245935,-2.197211582
-28.538738738,-13.499752648,-2.197211582
-28.568050958,-13.540259360,-2.197211582
-28.597363178,-13.580766072,-2.197211582
-28.625469725,-13.622079132,-2.168199148
-28.651711950,-13.664639037,-2.123328764
-28.677954176,-13.707198943,-2.123328764
-28.704196402,-13.749758849,-2.123328764
-28.730438628,-13.792318755,-2.123328764
-28.756680854,-13.834878661,-2.123328764
-28.782923079,-13.877438567,-2.123328764
-28.809165305,-13.919998473,-2.123328764
-28.835383529,-13.962571733,-2.122779963
-28.857713795,-14.007308287,-2.033763979
-28.880044061,-14.052044840,-2.033763979
-28.902374327,-14.096781394,-2.033763979
-28.924704593,-14.141517947,-2.033763979
-28.947034859,-14.186254501,-2.033763979
-28.969365125,-14.230991054,-2.033763979
-28.991695391,-14.275727608,-2.033763979
-29.014025657,-14.320464161,-2.033763979
-29.033823583,-14.366336724,-1.978231581
-29.052388694,-14.412762327,-1.951207441
-29.070953806,-14.459187930,-1.951207441
-29.089518917,-14.505613533,-1.951207441
-29.108084028,-14.552039137,-1.951207441
-29.126649140,-14.598464740,-1.951207441
-29.145214251,-14.644890343,-1.951207441
-29.163779362,-14.691315947,-1.951207441
-29.180981187,-14.738232641,-1.922223028
-29.196286452,-14.785832524,-1.881895568
-29.211591716,-14.833432407,-1.881895568
-29.226896981,-14.881032290,-1.881895568
-29.242202246,-14.928632173,-1.881895568
-29.257507511,-14.976232056,-1.881895568
-29.272812776,-15.023831939,-1.881895568
-29.288118040,-15.071431822,-1.881895568
-29.302802161,-15.119212457,-1.868958482
-29.315426784,-15.167592400,-1.826051648
-29.328051408,-15.215972343,-1.826051648
-29.340676031,-15.264352286,-1.826051648
-29.353300654,-15.312732229,-1.826051648
-29.365925278,-15.361112172,-1.826051648
-29.378549901,-15.409492115,-1.826051648
-29.391174524,-15.457872058,-1.826051648
-29.403583473,-15.506303421,-1.821617872
-29.414144985,-15.555175237,-1.783629760
-29.424706498,-15.604047054,-1.783629760
-29.435268010,-15.652918870,-1.783629760
-29.445829522,-15.701790687,-1.783629760
-29.456391034,-15.750662504,-1.783629760
-29.466952546,-15.799534320,-1.783629760
-29.477514059,-15.848406137,-1.783629760
-29.488035326,-15.897286107,-1.782808561
-29.497328361,-15.946414912,-1.757744093
-29.506621397,-15.995543717,-1.757744093
-29.515914433,-16.044672522,-1.757744093
-29.525207468,-16.093801327,-1.757744093
-29.534500504,-16.142930132,-1.757744093
-29.543793540,-16.192058937,-1.757744093
-29.553086575,-16.241187743,-1.757744093
-29.562379191,-16.290316627,-1.757735534
-29.571643267,-16.339450901,-1.757154679
-29.580907344,-16.388585175,-1.757154679
-29.590171421,-16.437719449,-1.757154679
-29.599435498,-16.486853723,-1.757154679
-29.608699575,-16.535987997,-1.757154679
-29.617963652,-16.585122271,-1.757154679
-29.627227728,-16.634256545,-1.757154679
-29.636479965,-16.683393023,-1.756913804
-29.645519336,-16.732569133,-1.752583337
-29.654558707,-16.781745243,-1.752583337
-29.663598079,-16.830921352,-1.752583337
-29.672637450,-16.880097462,-1.752583337
-29.681676821,-16.929273572,-1.752583337
-29.690716193,-16.978449682,-1.752583337
-29.699755564,-17.027625791,-1.752583337
-29.708677292,-17.076822543,-1.750194565
-29.716919806,-17.126138473,-1.736402547
-29.725162321,-17.175454403,-1.736402547
-29.733404835,-17.224770333,-1.736402547
-29.741647349,-17.274086263,-1.736402547
-29.749889864,-17.323402194,-1.736402547
-29.758132378,-17.372718124,-1.736402547
-29.766374893,-17.422034054,-1.736402547
-29.774168492,-17.471418033,-1.727321717
-29.780911543,-17.520961259,-1.706069538
-29.787654595,-17.570504485,-1.706069538
-29.794397646,-17.620047711,-1.706069538
-29.801140698,-17.669590937,-1.706069538
-29.807883749,-17.719134163,-1.706069538
-29.814626801,-17.768677389,-1.706069538
-29.821369853,-17.818220615,-1.706069538
-29.826990283,-17.867891161,-1.683471265
-29.831513451,-17.917686150,-1.661383531
-29.836036619,-17.967481140,-1.661383531
-29.840559788,-18.017276129,-1.661383531
-29.845082956,-18.067071118,-1.661383531
-29.849606124,-18.116866107,-1.661383531
-29.854129292,-18.166661096,-1.661383531
-29.858652460,-18.216456086,-1.661383531
-29.860958162,-18.266387462,-1.616940965
-29.862571381,-18.316361431,-1.603066310
-29.864184600,-18.366335399,-1.603066310
-29.865797819,-18.416309368,-1.603066310
-29.867411038,-18.466283336,-1.603066310
-29.869024257,-18.516257305,-1.603066310
-29.870637477,-18.566231273,-1.603066310
-29.872250696,-18.616205241,-1.603066310
-29.870253674,-18.666165230,-1.530845170
-29.868253473,-18.716125206,-1.530781632
-29.866253272,-18.766085182,-1.530781632
-29.864253071,-18.816045158,-1.530781632
-29.862252870,-18.866005134,-1.530781632
-29.860252669,-18.915965109,-1.530781632
-29.858252469,-18.965925085,-1.530781632
-29.855316707,-19.015806655,-1.512009505
-29.848973453,-19.065402654,-1.443588457
-29.842630200,-19.114998653,-1.443588457
-29.836286946,-19.164594653,-1.443588457
-29.829943693,-19.214190652,-1.443588457
-29.823600439,-19.263786651,-1.443588457
-29.817257186,-19.313382650,-1.443588457
-29.810913932,-19.362978649,-1.443588457
-29.802476624,-19.412196017,-1.401017173
-29.791050871,-19.460873036,-1.340244199
-29.779625117,-19.509550054,-1.340244199
-29.768199363,-19.558227073,-1.340244199
-29.756773609,-19.606904092,-1.340244199
-29.745347855,-19.655581110,-1.340244199
-29.733922101,-19.704258129,-1.340244199
-29.722496348,-19.752935148,-1.340244199
-29.707591226,-19.800565932,-1.267519376
-29.690275486,-19.847471849,-1.217156370
-29.672959746,-19.894377767,-1.217156370
-29.655644006,-19.941283685,-1.217156370
-29.638328265,-19.988189603,-1.217156370
-29.621012525,-20.035095521,-1.217156370
-29.603696785,-20.082001439,-1.217156370
-29.586381045,-20.128907357,-1.217156370
-29.563741499,-20.173355078,-1.099694945
-29.539267095,-20.216955578,-1.059293735
-29.514792691,-20.260556077,-1.059293735
-29.490318287,-20.304156577,-1.059293735
-29.465843884,-20.347757076,-1.059293735
-29.441369480,-20.391357576,-1.059293735
-29.416895076,-20.434958076,-1.059293735
-29.392420672,-20.478558575,-1.059293735
-29.361248831,-20.517522524,-0.896044703
-29.329054809,-20.555778829,-0.871237175
-29.296860787,-20.594035135,-0.871237175
-29.264666764,-20.632291441,-0.871237175
-29.232472742,-20.670547747,-0.871237175
-29.200278720,-20.708804052,-0.871237175
-29.168084697,-20.747060358,-0.871237175
-29.135890675,-20.785316664,-0.871237175
-29.097402388,-20.817195851,-0.691750228
-29.058728357,-20.848886848,-0.686481939
-29.020054327,-20.880577846,-0.686481939
-28.981380296,-20.912268844,-0.686481939
-28.942706265,-20.943959842,-0.686481939
-28.904032235,-20.975650840,-0.686481939
-28.865358204,-21.007341838,-0.686481939
-28.826416527,-21.038644055,-0.677067719
-28.783009314,-21.063459651,-0.519345356
-28.739602100,-21.088275247,-0.519345356
-28.696194886,-21.113090843,-0.519345356
-28.652787673,-21.137906438,-0.519345356
-28.609380459,-21.162722034,-0.519345356
-28.565973245,-21.187537630,-0.519345356
-28.522566032,-21.212353226,-0.519345356
-28.478777778,-21.236384053,-0.501918506
-28.432431958,-21.255147447,-0.384685767
-28.386086138,-21.273910841,-0.384685767
-28.339740318,-21.292674236,-0.384685767
-28.293394498,-21.311437630,-0.384685767
-28.247048678,-21.330201025,-0.384685767
-28.200702858,-21.348964419,-0.384685767
-28.154357038,-21.367727813,-0.384685767
-28.107686748,-21.385560537,-0.364980855
-28.059721172,-21.399678027,-0.286242704
-28.011755596,-21.413795518,-0.286242704
-27.963790020,-21.427913008,-0.286242704
-27.915824444,-21.442030499,-0.286242704
-27.867858869,-21.456147989,-0.286242704
-27.819893293,-21.470265480,-0.286242704
-27.771927717,-21.484382970,-0.286242704
-27.723672118,-21.497317145,-0.261879171
-27.674614594,-21.506979410,-0.194468722
-27.625557071,-21.516641675,-0.194468722
-27.576499547,-21.526303940,-0.194468722
-27.527442023,-21.535966205,-0.194468722
-27.478384499,-21.545628470,-0.194468722
-27.429326976,-21.555290735,-0.194468722
-27.380269452,-21.564953000,-0.194468722
-27.330981084,-21.573037689,-0.162580549
-27.281211911,-21.577836593,-0.096126061
-27.231442739,-21.582635498,-0.096126061
-27.181673567,-21.587434402,-0.096126061
-27.131904394,-21.592233307,-0.096126061
-27.082135222,-21.597032212,-0.096126061
-27.032366050,-21.601831116,-0.096126061
-26.982596877,-21.606630021,-0.096126061
-26.932743010,-21.609279768,-0.053100328
-26.882750536,-21.608412297,0.017350291
-26.832758062,-21.607544826,0.017350291
-26.782765587,-21.606677355,0.017350291
-26.732773113,-21.605809884,0.017350291
-26.682780639,-21.604942413,0.017350291
-26.632788164,-21.604074942,0.017350291
-26.582795690,-21.603207471,0.017350291
-26.533067860,-21.599348563,0.077445363
-26.483699543,-21.591425853,0.159124888
-26.434331227,-21.583503142,0.159124888
-26.384962911,-21.575580432,0.159124888
-26.335594594,-21.567657721,0.159124888
-26.286226278,-21.559735011,0.159124888
-26.236857962,-21.551812300,0.159124888
-26.187489645,-21.543889589,0.159124888
-26.139022813,-21.532302935,0.234659377
-26.091614400,-21.516414502,0.323375244
-26.044205986,-21.500526068,0.323375244
-25.996797572,-21.484637635,0.323375244
-25.949389158,-21.468749202,0.323375244
-25.901980745,-21.452860769,0.323375244
-25.854572331,-21.436972336,0.323375244
-25.807163917,-21.421083902,0.323375244
-25.761249827,-21.401730378,0.398915986
-25.717155119,-21.378158007,0.490931321
-25.673060410,-21.354585636,0.490931321
-25.628965701,-21.331013265,0.490931321
-25.584870993,-21.307440894,0.490931321
-25.540776284,-21.283868523,0.490931321
-25.496681576,-21.260296152,0.490931321
-25.452586867,-21.236723782,0.490931321
-25.410317678,-21.210322316,0.558313828
-25.370669830,-21.179858433,0.655149329
-25.331021982,-21.149394550,0.655149329
-25.291374135,-21.118930667,0.655149329
-25.251726287,-21.088466784,0.655149329
-25.212078439,-21.058002901,0.655149329
-25.172430592,-21.027539018,0.655149329
-25.132782744,-20.997075135,0.655149329
-25.094975757,-20.964561200,0.710269879
-25.060436517,-20.928408179,0.808222446
-25.025897277,-20.892255159,0.808222446
-24.991358036,-20.856102138,0.808222446
-24.956818796,-20.819949118,0.808222446
-24.922279556,-20.783796097,0.808222446
-24.887740316,-20.747643077,0.808222446
-24.853201076,-20.711490056,0.808222446
-24.820136052,-20.674098967,0.846722021
-24.790496143,-20.633831414,0.936267442
-24.760856235,-20.593563861,0.936267442
-24.731216327,-20.553296308,0.936267442
-24.701576418,-20.513028755,0.936267442
-24.671936510,-20.472761202,0.936267442
-24.642296602,-20.432493648,0.936267442
-24.612656693,-20.392226095,0.936267442
-24.583992330,-20.351313020,0.959656924
-24.558517915,-20.308289140,1.036206320
-24.533043501,-20.265265261,1.036206320
-24.507569086,-20.222241382,1.036206320
-24.482094671,-20.179217502,1.036206320
-24.456620257,-20.136193623,1.036206320
-24.431145842,-20.093169743,1.036206320
-24.405671428,-20.050145864,1.036206320
-24.380813640,-20.006794661,1.050161716
-24.359452412,-19.961587384,1.129375452
-24.338091183,-19.916380107,1.129375452
-24.316729954,-19.871172829,1.129375452
-24.295368725,-19.825965552,1.129375452
-24.274007497,-19.780758275,1.129375452
-24.252646268,-19.735550998,1.129375452
-24.231285039,-19.690343721,1.129375452
-24.210251510,-19.644999686,1.136471927
-24.193140182,-19.598018813,1.221510803
-24.176028854,-19.551037940,1.221510803
-24.158917526,-19.504057066,1.221510803
-24.141806198,-19.457076193,1.221510803
-24.124694869,-19.410095320,1.221510803
-24.107583541,-19.363114447,1.221510803
-24.093233013,-19.315243786,1.279544034
-24.079690426,-19.267112733,1.296518579
-24.066147838,-19.218981679,1.296518579
-24.052605251,-19.170850626,1.296518579
-24.040536867,-19.122350300,1.326918226
