x,y,yaw
0.000000000,0.000000000,-0.000000000
0.050000000,-0.000000000,-0.000000000
0.100000000,-0.000000000,-0.000000000
0.150000000,-0.000000000,-0.000000000
0.200000000,-0.000000000,-0.000000000
0.250000000,-0.000000000,-0.000000000
0.300000000,-0.000000000,-0.000000000
0.350000000,-0.000000000,-0.000000000
0.400000000,-0.000000000,-0.000000000
0.450000000,-0.000000000,-0.000000000
0.500000000,-0.000000000,-0.000000000
0.550000000,-0.000000000,-0.000000000
0.600000000,-0.000000000,-0.000000000
0.650000000,-0.000000000,-0.000000000
0.700000000,-0.000000000,-0.000000000
0.750000000,-0.000000000,-0.000000000
0.799839801,-0.001775869,-0.035616477
0.849032610,-0.010723918,-0.179930279
0.898225419,-0.019671967,-0.179930279
0.947418227,-0.028620016,-0.179930279
0.996611036,-0.037568065,-0.179930279
1.045803844,-0.046516114,-0.179930279
1.094996653,-0.055464163,-0.179930279
1.144189462,-0.064412212,-0.179930279
1.193075505,-0.074494242,-0.203383849
1.240070431,-0.091566937,-0.348463326
1.287065358,-0.108639632,-0.348463326
1.334060284,-0.125712326,-0.348463326
1.381055210,-0.142785021,-0.348463326
1.428050136,-0.159857716,-0.348463326
1.475045063,-0.176930411,-0.348463326
1.522039989,-0.194003105,-0.348463326
1.568794888,-0.211609447,-0.360143583
1.612748395,-0.235444071,-0.496888324
1.656701901,-0.259278694,-0.496888324
1.700655407,-0.283113318,-0.496888324
1.744608914,-0.306947941,-0.496888324
1.788562420,-0.330782565,-0.496888324
1.832515926,-0.354617188,-0.496888324
1.876469433,-0.378451812,-0.496888324
1.920367894,-0.402374147,-0.498955485
1.960945437,-0.431588237,-0.623994791
2.001522980,-0.460802326,-0.623994791
2.042100522,-0.490016416,-0.623994791
2.082678065,-0.519230505,-0.623994791
2.123255608,-0.548444595,-0.623994791
2.163833151,-0.577658684,-0.623994791
2.204410693,-0.606872774,-0.623994791
2.244988236,-0.636086863,-0.623994791
2.282477503,-0.669153033,-0.722790427
2.319816850,-0.702406200,-0.727578636
2.357156198,-0.735659367,-0.727578636
2.394495545,-0.768912535,-0.727578636
2.431834893,-0.802165702,-0.727578636
2.469174240,-0.835418869,-0.727578636
2.506513588,-0.868672036,-0.727578636
2.543852935,-0.901925203,-0.727578636
2.579077508,-0.937396032,-0.788881485
2.614065657,-0.973114786,-0.795730664
2.649053806,-1.008833541,-0.795730664
2.684041956,-1.044552295,-0.795730664
2.719030105,-1.080271049,-0.795730664
2.754018254,-1.115989804,-0.795730664
2.789006403,-1.151708558,-0.795730664
2.823994553,-1.187427312,-0.795730664
2.857058322,-1.224918592,-0.848068552
2.889787223,-1.262718314,-0.857172018
2.922516124,-1.300518037,-0.857172018
2.955245025,-1.338317760,-0.857172018
2.987973926,-1.376117483,-0.857172018
3.020702827,-1.413917205,-0.857172018
3.053431728,-1.451716928,-0.857172018
3.086160629,-1.489516651,-0.857172018
3.116740972,-1.529051988,-0.912427882
3.146814425,-1.568996792,-0.925457611
3.176887879,-1.608941596,-0.925457611
3.206961333,-1.648886401,-0.925457611
3.237034786,-1.688831205,-0.925457611
3.267108240,-1.728776009,-0.925457611
3.297181693,-1.768720814,-0.925457611
3.327255147,-1.808665618,-0.925457611
3.354726278,-1.850407382,-0.988733305
3.381426667,-1.892681360,-1.007462594
3.408127055,-1.934955339,-1.007462594
3.434827443,-1.977229318,-1.007462594
3.461527831,-2.019503296,-1.007462594
3.488228219,-2.061777275,-1.007462594
3.514928607,-2.104051254,-1.007462594
3.541628996,-2.146325232,-1.007462594
3.564742672,-2.190593626,-1.089605052
3.586564261,-2.235580494,-1.119167341
3.608385849,-2.280567361,-1.119167341
3.630207438,-2.325554229,-1.119167341
3.652029027,-2.370541097,-1.119167341
3.673850615,-2.415527965,-1.119167341
3.695672204,-2.460514832,-1.119167341
3.717493792,-2.505501700,-1.119167341
3.735237736,-2.552158251,-1.207378644
3.751234544,-2.599530207,-1.245134224
3.767231351,-2.646902162,-1.245134224
3.783228159,-2.694274117,-1.245134224
3.799224967,-2.741646072,-1.245134224
3.815221775,-2.789018027,-1.245134224
3.831218583,-2.836389982,-1.245134224
3.847215391,-2.883761938,-1.245134224
3.859257020,-2.932203904,-1.327156045
3.869325556,-2.981179659,-1.368039211
3.879394092,-3.030155414,-1.368039211
3.889462629,-3.079131169,-1.368039211
3.899531165,-3.128106924,-1.368039211
3.909599702,-3.177082679,-1.368039211
3.919668238,-3.226058434,-1.368039211
3.929736775,-3.275034189,-1.368039211
3.936392453,-3.324520792,-1.437104036
3.941105635,-3.374298156,-1.476392537
3.945818816,-3.424075519,-1.476392537
3.950531998,-3.473852883,-1.476392537
3.955245179,-3.523630246,-1.476392537
3.959958361,-3.573407610,-1.476392537
3.964671542,-3.623184973,-1.476392537
3.969384724,-3.672962337,-1.476392537
3.971587383,-3.722873930,-1.526693730
3.972208781,-3.772870069,-1.558368047
3.972830179,-3.822866207,-1.558368047
3.973451577,-3.872862346,-1.558368047
3.974072975,-3.922858484,-1.558368047
3.974694373,-3.972854623,-1.558368047
3.975315771,-4.022850761,-1.558368047
3.975937169,-4.072846900,-1.558368047
3.974332889,-4.122787311,-1.602909157
3.971210216,-4.172689705,-1.633290464
3.968087543,-4.222592099,-1.633290464
3.964964870,-4.272494493,-1.633290464
3.961842196,-4.322396887,-1.633290464
3.958719523,-4.372299281,-1.633290464
3.955596850,-4.422201674,-1.633290464
3.952474176,-4.472104068,-1.633290464
3.947017436,-4.521765078,-1.680237057
3.939861636,-4.571250374,-1.714405442
3.932705836,-4.620735670,-1.714405442
3.925550036,-4.670220966,-1.714405442
3.918394236,-4.719706262,-1.714405442
3.911238436,-4.769191558,-1.714405442
3.904082636,-4.818676854,-1.714405442
3.896926836,-4.868162150,-1.714405442
3.887009199,-4.917106262,-1.770721233
3.874959523,-4.965632598,-1.814185739
3.862909848,-5.014158934,-1.814185739
3.850860172,-5.062685270,-1.814185739
3.838810496,-5.111211607,-1.814185739
3.826760820,-5.159737943,-1.814185739
3.814711144,-5.208264279,-1.814185739
3.802661468,-5.256790615,-1.814185739
3.787315928,-5.304282853,-1.883323983
3.769483917,-5.350994943,-1.935465483
3.751651906,-5.397707033,-1.935465483
3.733819895,-5.444419123,-1.935465483
3.715987883,-5.491131213,-1.935465483
3.698155872,-5.537843304,-1.935465483
3.680323861,-5.584555394,-1.935465483
3.662491849,-5.631267484,-1.935465483
3.641380612,-5.676495283,-2.007513017
3.618051770,-5.720719316,-2.056212886
3.594722928,-5.764943350,-2.056212886
3.571394086,-5.809167383,-2.056212886
3.548065244,-5.853391416,-2.056212886
3.524736402,-5.897615450,-2.056212886
3.501407560,-5.941839483,-2.056212886
3.478078719,-5.986063517,-2.056212886
3.452005923,-6.028663198,-2.120023243
3.424455203,-6.070387985,-2.154375668
3.396904483,-6.112112771,-2.154375668
3.369353762,-6.153837558,-2.154375668
3.341803042,-6.195562344,-2.154375668
3.314252322,-6.237287131,-2.154375668
3.286701601,-6.279011917,-2.154375668
3.259150881,-6.320736704,-2.154375668
3.229080195,-6.360638573,-2.216607654
3.198073064,-6.399863027,-2.239720819
3.167065933,-6.439087482,-2.239720819
3.136058802,-6.478311936,-2.239720819
3.105051670,-6.517536390,-2.239720819
3.074044539,-6.556760845,-2.239720819
3.043037408,-6.595985299,-2.239720819
3.012030277,-6.635209753,-2.239720819
2.978164983,-6.671953872,-2.315445944
2.943698644,-6.708176399,-2.331355699
2.909232304,-6.744398925,-2.331355699
2.874765965,-6.780621452,-2.331355699
2.840299625,-6.816843979,-2.331355699
2.805833285,-6.853066505,-2.331355699
2.771366946,-6.889289032,-2.331355699
2.736900606,-6.925511559,-2.331355699
2.699139100,-6.958262144,-2.427139926
2.661166500,-6.990790310,-2.433266698
2.623193899,-7.023318477,-2.433266698
2.585221299,-7.055846643,-2.433266698
2.547248698,-7.088374809,-2.433266698
2.509276097,-7.120902976,-2.433266698
2.471303497,-7.153431142,-2.433266698
2.433117446,-7.185685559,-2.440204050
2.392313197,-7.214582156,-2.525400375
2.351508948,-7.243478753,-2.525400375
2.310704700,-7.272375349,-2.525400375
2.269900451,-7.301271946,-2.525400375
2.229096203,-7.330168543,-2.525400375
2.188291954,-7.359065139,-2.525400375
2.147487706,-7.387961736,-2.525400375
2.106187289,-7.416097034,-2.543571837
2.063276186,-7.441760963,-2.602592003
2.020365084,-7.467424892,-2.602592003
1.977453981,-7.493088821,-2.602592003
1.934542878,-7.518752751,-2.602592003
1.891631776,-7.544416680,-2.602592003
1.848720673,-7.570080609,-2.602592003
1.805809570,-7.595744538,-2.602592003
1.762260857,-7.620262959,-2.628814813
1.717837888,-7.643210722,-2.664773714
1.673414919,-7.666158485,-2.664773714
1.628991950,-7.689106248,-2.664773714
1.584568981,-7.712054011,-2.664773714
1.540146012,-7.735001774,-2.664773714
1.495723043,-7.757949537,-2.664773714
1.451300074,-7.780897300,-2.664773714
1.406200351,-7.802452809,-2.695738392
1.360712319,-7.823209469,-2.713503447
1.315224287,-7.843966129,-2.713503447
1.269736254,-7.864722789,-2.713503447
1.224248222,-7.885479448,-2.713503447
1.178760190,-7.906236108,-2.713503447
1.133272158,-7.926992768,-2.713503447
1.087784126,-7.947749428,-2.713503447
1.041676321,-7.967077818,-2.744644936
0.995444848,-7.986121212,-2.750857899
0.949213374,-8.005164607,-2.750857899
0.902981901,-8.024208002,-2.750857899
0.856750428,-8.043251396,-2.750857899
0.810518955,-8.062294791,-2.750857899
0.764287481,-8.081338186,-2.750857899
0.718047702,-8.100360621,-2.751308761
0.671321568,-8.118155801,-2.777711847
0.624595435,-8.135950982,-2.777711847
0.577869301,-8.153746162,-2.777711847
0.531143168,-8.171541342,-2.777711847
0.484417034,-8.189336523,-2.777711847
0.437690901,-8.207131703,-2.777711847
0.390964767,-8.224926883,-2.777711847
0.344186388,-8.242581480,-2.780711371
0.297179226,-8.259620455,-2.793846755
0.250172063,-8.276659429,-2.793846755
0.203164900,-8.293698404,-2.793846755
0.156157738,-8.310737379,-2.793846755
0.109150575,-8.327776354,-2.793846755
0.062143413,-8.344815329,-2.793846755
0.015136250,-8.361854304,-2.793846755
-0.031891175,-8.378837074,-2.795041665
-0.078957525,-8.395711868,-2.797337215
-0.126023875,-8.412586663,-2.797337215
-0.173090225,-8.429461458,-2.797337215
-0.220156575,-8.446336253,-2.797337215
-0.267222925,-8.463211048,-2.797337215
-0.314289275,-8.480085842,-2.797337215
-0.361355625,-8.496960637,-2.797337215
-0.408262760,-8.514266650,-2.788143653
-0.455002206,-8.532026837,-2.778460635
-0.501741651,-8.549787024,-2.778460635
-0.548481096,-8.567547212,-2.778460635
-0.595220541,-8.585307399,-2.778460635
-0.641959987,-8.603067586,-2.778460635
-0.688699432,-8.620827774,-2.778460635
-0.735438877,-8.638587961,-2.778460635
-0.781899291,-8.657056231,-2.763238556
-0.828189673,-8.675955981,-2.753963001
-0.874480055,-8.694855730,-2.753963001
-0.920770437,-8.713755480,-2.753963001
-0.967060819,-8.732655230,-2.753963001
-1.013351201,-8.751554979,-2.753963001
-1.059641583,-8.770454729,-2.753963001
-1.105931965,-8.789354479,-2.753963001
-1.151931481,-8.808946631,-2.738942318
-1.197831936,-8.828774595,-2.733826864
-1.243732392,-8.848602560,-2.733826864
-1.289632847,-8.868430525,-2.733826864
-1.335533303,-8.888258489,-2.733826864
-1.381433758,-8.908086454,-2.733826864
-1.427334214,-8.927914419,-2.733826864
-1.473234669,-8.947742383,-2.733826864
-1.518954896,-8.967981662,-2.724845468
-1.564646110,-8.988287154,-2.723399641
-1.610337323,-9.008592647,-2.723399641
-1.656028536,-9.028898139,-2.723399641
-1.701719750,-9.049203631,-2.723399641
-1.747410963,-9.069509124,-2.723399641
-1.793102177,-9.089814616,-2.723399641
-1.838793390,-9.110120109,-2.723399641
-1.884661832,-9.130021857,-2.732218269
-1.930536106,-9.149910322,-2.732508418
-1.976410379,-9.169798787,-2.732508418
-2.022284653,-9.189687252,-2.732508418
-2.068158926,-9.209575716,-2.732508418
-2.114033200,-9.229464181,-2.732508418
-2.159907473,-9.249352646,-2.732508418
-2.205803870,-9.269188877,-2.733642902
-2.252007854,-9.288298871,-2.749416908
-2.298211838,-9.307408865,-2.749416908
-2.344415821,-9.326518859,-2.749416908
-2.390619805,-9.345628853,-2.749416908
-2.436823789,-9.364738847,-2.749416908
-2.483027773,-9.383848841,-2.749416908
-2.529231757,-9.402958835,-2.749416908
-2.575478756,-9.421962664,-2.751707829
-2.621953734,-9.440403825,-2.763850009
-2.668428713,-9.458844985,-2.763850009
-2.714903691,-9.477286145,-2.763850009
-2.761378670,-9.495727305,-2.763850009
-2.807853648,-9.514168465,-2.763850009
-2.854328626,-9.532609625,-2.763850009
-2.900803605,-9.551050785,-2.763850009
-2.947301650,-9.569433372,-2.765109033
-2.993871337,-9.587634037,-2.769019432
-3.040441024,-9.605834703,-2.769019432
-3.087010711,-9.624035369,-2.769019432
-3.133580398,-9.642236035,-2.769019432
-3.180150086,-9.660436701,-2.769019432
-3.226719773,-9.678637367,-2.769019432
-3.273289460,-9.696838033,-2.769019432
-3.319787878,-9.715217881,-2.765162716
-3.366136273,-9.733974915,-2.757044112
-3.412484667,-9.752731950,-2.757044112
-3.458833061,-9.771488984,-2.757044112
-3.505181456,-9.790246018,-2.757044112
-3.551529850,-9.809003053,-2.757044112
-3.597878244,-9.827760087,-2.757044112
-3.644226639,-9.846517122,-2.757044112
-3.690448303,-9.865579908,-2.750424567
-3.736475698,-9.885111394,-2.740277086
-3.782503092,-9.904642880,-2.740277086
-3.828530487,-9.924174366,-2.740277086
-3.874557881,-9.943705852,-2.740277086
-3.920585276,-9.963237338,-2.740277086
-3.966612670,-9.982768825,-2.740277086
-4.012640065,-10.002300311,-2.740277086
-4.058551652,-10.022099980,-2.734434676
-4.104328459,-10.042211765,-2.727635140
-4.150105266,-10.062323551,-2.727635140
-4.195882073,-10.082435337,-2.727635140
-4.241658880,-10.102547123,-2.727635140
-4.287435688,-10.122658908,-2.727635140
-4.333212495,-10.142770694,-2.727635140
-4.378989302,-10.162882480,-2.727635140
-4.424759004,-10.183010422,-2.727282144
-4.470522265,-10.203153014,-2.726962089
-4.516285525,-10.223295605,-2.726962089
-4.562048786,-10.243438196,-2.726962089
-4.607812046,-10.263580787,-2.726962089
-4.653575307,-10.283723379,-2.726962089
-4.699338568,-10.303865970,-2.726962089
-4.745101828,-10.324008561,-2.726962089
-4.791019865,-10.343793016,-2.734765175
-4.837048986,-10.363320433,-2.740365498
-4.883078107,-10.382847850,-2.740365498
-4.929107228,-10.402375266,-2.740365498
-4.975136350,-10.421902683,-2.740365498
-5.021165471,-10.441430100,-2.740365498
-5.067194592,-10.460957516,-2.740365498
-5.113223713,-10.480484933,-2.740365498
-5.159443522,-10.499552900,-2.750314619
-5.205772648,-10.518357477,-2.756018138
-5.252101774,-10.537162054,-2.756018138
-5.298430900,-10.555966631,-2.756018138
-5.344760025,-10.574771208,-2.756018138
-5.391089151,-10.593575784,-2.756018138
-5.437418277,-10.612380361,-2.756018138
-5.483747403,-10.631184938,-2.756018138
-5.530204373,-10.649669944,-2.762902068
-5.576720112,-10.668008046,-2.766066533
-5.623235852,-10.686346147,-2.766066533
-5.669751591,-10.704684249,-2.766066533
-5.716267331,-10.723022351,-2.766066533
-5.762783070,-10.741360453,-2.766066533
-5.809298810,-10.759698555,-2.766066533
-5.855814549,-10.778036657,-2.766066533
-5.902262006,-10.796546685,-2.762366738
-5.948684313,-10.815120037,-2.761004031
-5.995106620,-10.833693389,-2.761004031
-6.041528928,-10.852266741,-2.761004031
-6.087951235,-10.870840093,-2.761004031
-6.134373542,-10.889413445,-2.761004031
-6.180795849,-10.907986796,-2.761004031
-6.227218156,-10.926560148,-2.761004031
-6.273422830,-10.945665933,-2.749499976
-6.319563663,-10.964927904,-2.746125400
-6.365704496,-10.984189875,-2.746125400
-6.411845329,-11.003451847,-2.746125400
-6.457986162,-11.022713818,-2.746125400
-6.504126995,-11.041975789,-2.746125400
-6.550267829,-11.061237760,-2.746125400
-6.596408662,-11.080499731,-2.746125400
-6.642324934,-11.100289123,-2.734660522
-6.688189355,-11.120200299,-2.732013287
-6.734053775,-11.140111475,-2.732013287
-6.779918196,-11.160022651,-2.732013287
-6.825782616,-11.179933827,-2.732013287
-6.871647037,-11.199845003,-2.732013287
-6.917511457,-11.219756179,-2.732013287
-6.963375878,-11.239667355,-2.732013287
-7.009136462,-11.259815729,-2.726834683
-7.054878534,-11.280006392,-2.725911398
-7.100620605,-11.300197055,-2.725911398
-7.146362677,-11.320387718,-2.725911398
-7.192104749,-11.340578382,-2.725911398
-7.237846820,-11.360769045,-2.725911398
-7.283588892,-11.380959708,-2.725911398
-7.329330964,-11.401150371,-2.725911398
-7.375255813,-11.420921228,-2.735068863
-7.421199359,-11.440649141,-2.736005589
-7.467142905,-11.460377054,-2.736005589
-7.513086452,-11.480104967,-2.736005589
-7.559029998,-11.499832881,-2.736005589
-7.604973544,-11.519560794,-2.736005589
-7.650917090,-11.539288707,-2.736005589
-7.696860636,-11.559016621,-2.736005589
-7.743102165,-11.578035375,-2.751390151
-7.789347721,-11.597044545,-2.751598079
-7.835593277,-11.616053715,-2.751598079
-7.881838833,-11.635062885,-2.751598079
-7.928084390,-11.654072055,-2.751598079
-7.974329946,-11.673081225,-2.751598079
-8.020575502,-11.692090394,-2.751598079
-8.066841185,-11.711049715,-2.752673243
-8.113320460,-11.729480044,-2.764083064
-8.159799735,-11.747910372,-2.764083064
-8.206279010,-11.766340700,-2.764083064
-8.252758285,-11.784771028,-2.764083064
-8.299237560,-11.803201357,-2.764083064
-8.345716835,-11.821631685,-2.764083064
-8.392196110,-11.840062013,-2.764083064
-8.438673862,-11.858496180,-2.764000484
-8.485145709,-11.876945230,-2.763680215
-8.531617555,-11.895394281,-2.763680215
-8.578089402,-11.913843332,-2.763680215
-8.624561248,-11.932292383,-2.763680215
-8.671033095,-11.950741434,-2.763680215
-8.717504942,-11.969190485,-2.763680215
-8.763976788,-11.987639536,-2.763680215
-8.810369842,-12.006283613,-2.759473385
-8.856615180,-12.025293313,-2.751586611
-8.902860518,-12.044303013,-2.751586611
-8.949105856,-12.063312713,-2.751586611
-8.995351194,-12.082322414,-2.751586611
-9.041596533,-12.101332114,-2.751586611
-9.087841871,-12.120341814,-2.751586611
-9.134087209,-12.139351514,-2.751586611
-9.180280317,-12.158487326,-2.748856606
-9.226424388,-12.177741538,-2.746293568
-9.272568460,-12.196995749,-2.746293568
-9.318712531,-12.216249960,-2.746293568
-9.364856603,-12.235504172,-2.746293568
-9.411000675,-12.254758383,-2.746293568
-9.457144746,-12.274012594,-2.746293568
-9.503288818,-12.293266806,-2.746293568
-9.549488186,-12.312387731,-2.749179602
-9.595710368,-12.331453666,-2.750370286
-9.641932550,-12.350519602,-2.750370286
-9.688154732,-12.369585537,-2.750370286
-9.734376914,-12.388651473,-2.750370286
-9.780599096,-12.407717408,-2.750370286
-9.826821278,-12.426783344,-2.750370286
-9.873043460,-12.445849279,-2.750370286
-9.919513074,-12.464302991,-2.763577099
-9.966002822,-12.482706886,-2.764651701
-10.012492569,-12.501110782,-2.764651701
-10.058982317,-12.519514677,-2.764651701
-10.105472064,-12.537918573,-2.764651701
-10.151961812,-12.556322468,-2.764651701
-10.198451560,-12.574726364,-2.764651701
-10.245017747,-12.592929591,-2.768946227
-10.291969702,-12.610120109,-2.790621033
-10.338921657,-12.627310627,-2.790621033
-10.385873612,-12.644501145,-2.790621033
-10.432825567,-12.661691663,-2.790621033
-10.479777523,-12.678882181,-2.790621033
-10.526729478,-12.696072699,-2.790621033
-10.573681433,-12.713263217,-2.790621033
-10.620982142,-12.729420249,-2.812437501
-10.668749883,-12.744193297,-2.841654663
-10.716517624,-12.758966346,-2.841654663
-10.764285364,-12.773739394,-2.841654663
-10.812053105,-12.788512442,-2.841654663
-10.859820845,-12.803285490,-2.841654663
-10.907588586,-12.818058539,-2.841654663
-10.955356327,-12.832831587,-2.841654663
-11.003540552,-12.846143013,-2.872054416
-11.051920657,-12.858767016,-2.886350141
-11.100300762,-12.871391020,-2.886350141
-11.148680867,-12.884015023,-2.886350141
-11.197060971,-12.896639027,-2.886350141
-11.245441076,-12.909263031,-2.886350141
-11.293821181,-12.921887034,-2.886350141
-11.342201286,-12.934511038,-2.886350141
-11.390903209,-12.945824196,-2.913346730
-11.439629002,-12.957040127,-2.915348876
-11.488354794,-12.968256058,-2.915348876
-11.537080587,-12.979471989,-2.915348876
-11.585806380,-12.990687920,-2.915348876
-11.634532173,-13.001903850,-2.915348876
-11.683257966,-13.013119781,-2.915348876
-11.732006186,-13.024235744,-2.917397920
-11.780853693,-13.034909125,-2.926469626
-11.829701200,-13.045582506,-2.926469626
-11.878548707,-13.056255887,-2.926469626
-11.927396213,-13.066929268,-2.926469626
-11.976243720,-13.077602650,-2.926469626
-12.025091227,-13.088276031,-2.926469626
-12.073938734,-13.098949412,-2.926469626
-12.122756095,-13.109758699,-2.923685429
-12.171535152,-13.120740663,-2.920147940
-12.220314210,-13.131722628,-2.920147940
-12.269093268,-13.142704592,-2.920147940
-12.317872325,-13.153686557,-2.920147940
-12.366651383,-13.164668521,-2.920147940
-12.415430440,-13.175650485,-2.920147940
-12.464209498,-13.186632450,-2.920147940
-12.512810589,-13.198365609,-2.904707704
-12.561331972,-13.210435216,-2.897792498
-12.609853355,-13.222504823,-2.897792498
-12.658374737,-13.234574429,-2.897792498
-12.706896120,-13.246644036,-2.897792498
-12.755417503,-13.258713643,-2.897792498
-12.803938886,-13.270783250,-2.897792498
-12.852460269,-13.282852857,-2.897792498
-12.900539544,-13.296570394,-2.863666041
-12.948586549,-13.310408216,-2.861175604
-12.996633554,-13.324246038,-2.861175604
-13.044680559,-13.338083859,-2.861175604
-13.092727564,-13.351921681,-2.861175604
-13.140774569,-13.365759503,-2.861175604
-13.188821574,-13.379597324,-2.861175604
-13.236748127,-13.393817648,-2.853156239
-13.284054629,-13.410006993,-2.811863390
-13.331361131,-13.426196337,-2.811863390
-13.378667633,-13.442385681,-2.811863390
-13.425974135,-13.458575026,-2.811863390
-13.473280637,-13.474764370,-2.811863390
-13.520587139,-13.490953715,-2.811863390
-13.567893641,-13.507143059,-2.811863390
-13.614781500,-13.524441911,-2.788144559
-13.660991079,-13.543538372,-2.749709791
-13.707200658,-13.562634833,-2.749709791
-13.753410237,-13.581731294,-2.749709791
-13.799619815,-13.600827755,-2.749709791
-13.845829394,-13.619924216,-2.749709791
-13.892038973,-13.639020676,-2.749709791
-13.938248552,-13.658117137,-2.749709791
-13.983536270,-13.679226250,-2.705421718
-14.028179141,-13.701743223,-2.674447155
-14.072822012,-13.724260196,-2.674447155
-14.117464883,-13.746777169,-2.674447155
-14.162107754,-13.769294142,-2.674447155
-14.206750625,-13.791811115,-2.674447155
-14.251393495,-13.814328088,-2.674447155
-14.296036366,-13.836845061,-2.674447155
-14.338952589,-13.862433081,-2.603948446
-14.381388748,-13.888874949,-2.584362533
-14.423824907,-13.915316818,-2.584362533
-14.466261066,-13.941758686,-2.584362533
-14.508697225,-13.968200554,-2.584362533
-14.551133384,-13.994642423,-2.584362533
-14.593569543,-14.021084291,-2.584362533
-14.636005702,-14.047526160,-2.584362533
-14.675463460,-14.078219459,-2.480487391
-14.714809943,-14.109071595,-2.476613521
-14.754156426,-14.139923730,-2.476613521
-14.793502909,-14.170775866,-2.476613521
-14.832849392,-14.201628002,-2.476613521
-14.872195875,-14.232480137,-2.476613521
-14.911542358,-14.263332273,-2.476613521
-14.950305698,-14.294829761,-2.459240750
-14.984974722,-14.330858344,-2.336966240
-15.019643746,-14.366886927,-2.336966240
-15.054312770,-14.402915510,-2.336966240
-15.088981794,-14.438944092,-2.336966240
-15.123650818,-14.474972675,-2.336966240
-15.158319842,-14.511001258,-2.336966240
-15.192988866,-14.547029841,-2.336966240
-15.226115037,-14.584335337,-2.296925266
-15.255026524,-14.625129036,-2.187353578
-15.283938011,-14.665922736,-2.187353578
-15.312849498,-14.706716435,-2.187353578
-15.341760985,-14.747510134,-2.187353578
-15.370672473,-14.788303834,-2.187353578
-15.399583960,-14.829097533,-2.187353578
-15.428495447,-14.869891232,-2.187353578
-15.455043536,-14.912123137,-2.131999135
-15.477989691,-14.956546937,-2.047579059
-15.500935846,-15.000970736,-2.047579059
-15.523882000,-15.045394536,-2.047579059
-15.546828155,-15.089818336,-2.047579059
-15.569774309,-15.134242136,-2.047579059
-15.592720464,-15.178665936,-2.047579059
-15.615666618,-15.223089736,-2.047579059
-15.635733159,-15.268786181,-1.984571527
-15.653135926,-15.315659880,-1.926292280
-15.670538694,-15.362533579,-1.926292280
-15.687941461,-15.409407278,-1.926292280
-15.705344229,-15.456280978,-1.926292280
-15.722746997,-15.503154677,-1.926292280
-15.740149764,-15.550028376,-1.926292280
-15.757552532,-15.596902075,-1.926292280
-15.772402744,-15.644604599,-1.872595556
-15.785856462,-15.692760569,-1.843228129
-15.799310179,-15.740916539,-1.843228129
-15.812763896,-15.789072510,-1.843228129
-15.826217613,-15.837228480,-1.843228129
-15.839671331,-15.885384451,-1.843228129
-15.853125048,-15.933540421,-1.843228129
-15.866578765,-15.981696392,-1.843228129
-15.877375366,-16.030494902,-1.788537248
-15.887411501,-16.079477307,-1.772891913
-15.897447637,-16.128459712,-1.772891913
-15.907483772,-16.177442117,-1.772891913
-15.917519907,-16.226424522,-1.772891913
-15.927556043,-16.275406926,-1.772891913
-15.937592178,-16.324389331,-1.772891913
-15.947628313,-16.373371736,-1.772891913
-15.954246757,-16.422919905,-1.703586236
-15.960530530,-16.472523476,-1.696804978
-15.966814303,-16.522127046,-1.696804978
-15.973098075,-16.571730617,-1.696804978
-15.979381848,-16.621334187,-1.696804978
-15.985665620,-16.670937758,-1.696804978
-15.991949393,-16.720541328,-1.696804978
-15.998054358,-16.770159011,-1.693221127
-15.999629739,-16.820134186,-1.602309158
-16.001205120,-16.870109362,-1.602309158
-16.002780501,-16.920084537,-1.602309158
-16.004355881,-16.970059713,-1.602309158
-16.005931262,-17.020034889,-1.602309158
-16.007506643,-17.070010064,-1.602309158
-16.009082024,-17.119985240,-1.602309158
-16.009797256,-17.169941395,-1.585112547
-16.006014317,-17.219798083,-1.495065173
-16.002231377,-17.269654772,-1.495065173
-15.998448438,-17.319511460,-1.495065173
-15.994665499,-17.369368148,-1.495065173
-15.990882560,-17.419224837,-1.495065173
-15.987099620,-17.469081525,-1.495065173
-15.983316681,-17.518938213,-1.495065173
-15.978155861,-17.568622558,-1.467295348
-15.969542308,-17.617875037,-1.397661590
-15.960928755,-17.667127516,-1.397661590
-15.952315202,-17.716379995,-1.397661590
-15.943701649,-17.765632474,-1.397661590
-15.935088096,-17.814884953,-1.397661590
-15.926474543,-17.864137432,-1.397661590
-15.917860990,-17.913389912,-1.397661590
-15.907590881,-17.962282473,-1.363751803
-15.894990582,-18.010668757,-1.316043756
-15.882390283,-18.059055041,-1.316043756
-15.869789985,-18.107441325,-1.316043756
-15.857189686,-18.155827609,-1.316043756
-15.844589388,-18.204213893,-1.316043756
-15.831989089,-18.252600177,-1.316043756
-15.819388790,-18.300986461,-1.316043756
-15.805045802,-18.348857288,-1.279689514
-15.789297868,-18.396312557,-1.250383202
-15.773549933,-18.443767826,-1.250383202
-15.757801999,-18.491223095,-1.250383202
-15.742054065,-18.538678364,-1.250383202
-15.726306130,-18.586133633,-1.250383202
-15.710558196,-18.633588902,-1.250383202
-15.694810262,-18.681044171,-1.250383202
-15.677367820,-18.727888388,-1.214351018
-15.659204379,-18.774472606,-1.199022305
-15.641040937,-18.821056825,-1.199022305
-15.622877496,-18.867641043,-1.199022305
-15.604714054,-18.914225261,-1.199022305
-15.586550613,-18.960809479,-1.199022305
-15.568387171,-19.007393698,-1.199022305
-15.550223730,-19.053977916,-1.199022305
-15.530539458,-19.099934495,-1.166114221
-15.510561748,-19.145769974,-1.159765851
-15.490584039,-19.191605453,-1.159765851
-15.470606330,-19.237440932,-1.159765851
-15.450628620,-19.283276411,-1.159765851
-15.430650911,-19.329111890,-1.159765851
-15.410673202,-19.374947369,-1.159765851
-15.390695492,-19.420782848,-1.159765851
-15.369467253,-19.466051949,-1.132308600
-15.348192352,-19.511299917,-1.131284178
-15.326917450,-19.556547884,-1.131284178
-15.305642549,-19.601795852,-1.131284178
-15.284367647,-19.647043819,-1.131284178
-15.263092746,-19.692291787,-1.131284178
-15.241817844,-19.737539754,-1.131284178
-15.220478932,-19.782756926,-1.129863547
-15.198401557,-19.827618820,-1.113473641
-15.176324182,-19.872480713,-1.113473641
-15.154246807,-19.917342607,-1.113473641
-15.132169431,-19.962204501,-1.113473641
-15.110092056,-20.007066394,-1.113473641
-15.088014681,-20.051928288,-1.113473641
-15.065937306,-20.096790182,-1.113473641
-15.043810639,-20.141627637,-1.112373308
-15.021469178,-20.186358601,-1.107578418
-14.999127717,-20.231089565,-1.107578418
-14.976786256,-20.275820529,-1.107578418
-14.954444795,-20.320551493,-1.107578418
-14.932103335,-20.365282456,-1.107578418
-14.909761874,-20.410013420,-1.107578418
-14.887420413,-20.454744384,-1.107578418
-14.865244342,-20.499556624,-1.111264045
-14.843482206,-20.544572282,-1.120488483
-14.821720071,-20.589587940,-1.120488483
-14.799957935,-20.634603598,-1.120488483
-14.778195800,-20.679619256,-1.120488483
-14.756433664,-20.724634914,-1.120488483
-14.734671528,-20.769650572,-1.120488483
-14.712909393,-20.814666230,-1.120488483
-14.691582379,-20.859885446,-1.130096216
-14.670973662,-20.905440696,-1.145957061
-14.650364945,-20.950995946,-1.145957061
-14.629756227,-20.996551195,-1.145957061
-14.609147510,-21.042106445,-1.145957061
-14.588538793,-21.087661695,-1.145957061
-14.567930076,-21.133216945,-1.145957061
-14.547321359,-21.178772194,-1.145957061
-14.527218460,-21.224549034,-1.157001808
-14.507703326,-21.270583365,-1.169836007
-14.488188192,-21.316617695,-1.169836007
-14.468673059,-21.362652025,-1.169836007
-14.449157925,-21.408686355,-1.169836007
-14.429642791,-21.454720685,-1.169836007
-14.410127657,-21.500755015,-1.169836007
-14.390612523,-21.546789345,-1.169836007
-14.371499121,-21.592990187,-1.178533561
-14.352725775,-21.639331977,-1.185895821
-14.333952428,-21.685673766,-1.185895821
-14.315179082,-21.732015556,-1.185895821
-14.296405736,-21.778357346,-1.185895821
-14.277632390,-21.824699135,-1.185895821
-14.258859044,-21.871040925,-1.185895821
-14.240085697,-21.917382715,-1.185895821
-14.221334518,-21.963733475,-1.186374084
-14.202597232,-22.010089856,-1.186673828
-14.183859946,-22.056446237,-1.186673828
-14.165122659,-22.102802619,-1.186673828
-14.146385373,-22.149159000,-1.186673828
-14.127648087,-22.195515382,-1.186673828
-14.108910801,-22.241871763,-1.186673828
-14.090173514,-22.288228145,-1.186673828
-14.070977105,-22.334395049,-1.176740000
-14.051567058,-22.380473787,-1.172117717
-14.032157012,-22.426552526,-1.172117717
-14.012746966,-22.472631264,-1.172117717
-13.993336920,-22.518710002,-1.172117717
-13.973926874,-22.564788740,-1.172117717
-13.954516828,-22.610867478,-1.172117717
-13.935106782,-22.656946216,-1.172117717
-13.915130160,-22.702780749,-1.159778219
-13.894959767,-22.748531763,-1.155558180
-13.874789375,-22.794282777,-1.155558180
-13.854618982,-22.840033790,-1.155558180
-13.834448590,-22.885784804,-1.155558180
-13.814278197,-22.931535818,-1.155558180
-13.794107804,-22.977286832,-1.155558180
-13.773937412,-23.023037846,-1.155558180
-13.753361492,-23.068607489,-1.146673351
-13.732705062,-23.114141123,-1.144909437
-13.712048631,-23.159674758,-1.144909437
-13.691392201,-23.205208392,-1.144909437
-13.670735770,-23.250742027,-1.144909437
-13.650079340,-23.296275661,-1.144909437
-13.629422909,-23.341809296,-1.144909437
-13.608766479,-23.387342931,-1.144909437
-13.588283059,-23.432954635,-1.148705634
-13.567809045,-23.478570583,-1.148912004
-13.547335031,-23.524186532,-1.148912004
-13.526861017,-23.569802480,-1.148912004
-13.506387003,-23.615418428,-1.148912004
-13.485912989,-23.661034377,-1.148912004
-13.465438974,-23.706650325,-1.148912004
-13.445026557,-23.752293346,-1.150257641
-13.425265421,-23.798222612,-1.164486030
-13.405504285,-23.844151879,-1.164486030
-13.385743149,-23.890081145,-1.164486030
-13.365982013,-23.936010411,-1.164486030
-13.346220877,-23.981939678,-1.164486030
-13.326459741,-24.027868944,-1.164486030
-13.306698605,-24.073798210,-1.164486030
-13.287064462,-24.119781279,-1.167244423
-13.267816427,-24.165927927,-1.175631076
-13.248568391,-24.212074575,-1.175631076
-13.229320356,-24.258221223,-1.175631076
-13.210072320,-24.304367871,-1.175631076
-13.190824285,-24.350514519,-1.175631076
-13.171576250,-24.396661167,-1.175631076
-13.152328214,-24.442807816,-1.175631076
-13.132936181,-24.488893790,-1.172505911
-13.113355631,-24.534900334,-1.168414548
-13.093775081,-24.580906878,-1.168414548
-13.074194531,-24.626913422,-1.168414548
-13.054613981,-24.672919965,-1.168414548
-13.035033431,-24.718926509,-1.168414548
-13.015452881,-24.764933053,-1.168414548
-12.995872331,-24.810939596,-1.168414548
-12.976223710,-24.856917076,-1.166934224
-12.956537545,-24.902878526,-1.166117763
-12.936851379,-24.948839976,-1.166117763
-12.917165214,-24.994801427,-1.166117763
-12.897479049,-25.040762877,-1.166117763
-12.877792883,-25.086724327,-1.166117763
-12.858106718,-25.132685777,-1.166117763
-12.838420553,-25.178647227,-1.166117763
-12.819085831,-25.224757413,-1.173750235
-12.799797727,-25.270887327,-1.174762624
-12.780509623,-25.317017242,-1.174762624
-12.761221518,-25.363147157,-1.174762624
-12.741933414,-25.409277072,-1.174762624
-12.722645310,-25.455406986,-1.174762624
-12.703357205,-25.501536901,-1.174762624
-12.684211945,-25.547724807,-1.177845878
-12.665885958,-25.594245321,-1.195530643
-12.647559971,-25.640765835,-1.195530643
-12.629233984,-25.687286349,-1.195530643
-12.610907997,-25.733806862,-1.195530643
-12.592582010,-25.780327376,-1.195530643
-12.574256023,-25.826847890,-1.195530643
-12.555930037,-25.873368404,-1.195530643
-12.538274362,-25.920140463,-1.209850233
-12.521470872,-25.967232317,-1.228055454
-12.504667381,-26.014324171,-1.228055454
-12.487863891,-26.061416025,-1.228055454
-12.471060401,-26.108507879,-1.228055454
-12.454256910,-26.155599733,-1.228055454
-12.437453420,-26.202691587,-1.228055454
-12.420649930,-26.249783441,-1.228055454
-12.405429654,-26.297401183,-1.261424925
-12.390717869,-26.345187827,-1.272140596
-12.376006083,-26.392974471,-1.272140596
-12.361294298,-26.440761115,-1.272140596
-12.346582512,-26.488547759,-1.272140596
-12.331870727,-26.536334404,-1.272140596
-12.317158941,-26.584121048,-1.272140596
-12.302572949,-26.631942604,-1.274750733
-12.290552400,-26.680476164,-1.328007098
-12.278531851,-26.729009723,-1.328007098
-12.266511302,-26.777543283,-1.328007098
-12.254490753,-26.826076843,-1.328007098
-12.242470204,-26.874610402,-1.328007098
-12.230449655,-26.923143962,-1.328007098
-12.218429106,-26.971677521,-1.328007098
-12.207451877,-27.020431730,-1.349334847
-12.198793531,-27.069676355,-1.396752073
-12.190135186,-27.118920979,-1.396752073
-12.181476840,-27.168165604,-1.396752073
-12.172818495,-27.217410229,-1.396752073
-12.164160149,-27.266654853,-1.396752073
-12.155501804,-27.315899478,-1.396752073
-12.146843458,-27.365144102,-1.396752073
-12.140436177,-27.414689251,-1.442188037
-12.135872928,-27.464480583,-1.479404178
-12.131309679,-27.514271915,-1.479404178
-12.126746431,-27.564063247,-1.479404178
-12.122183182,-27.613854579,-1.479404178
-12.117619933,-27.663645912,-1.479404178
-12.113056684,-27.713437244,-1.479404178
-12.108493435,-27.763228576,-1.479404178
-12.107754843,-27.813178474,-1.556010749
-12.108180937,-27.863176658,-1.579318302
-12.108607031,-27.913174843,-1.579318302
-12.109033124,-27.963173027,-1.579318302
-12.109459218,-28.013171212,-1.579318302
-12.109885311,-28.063169396,-1.579318302
-12.110311405,-28.113167580,-1.579318302
-12.110737499,-28.163165765,-1.579318302
-12.117488934,-28.212689044,-1.706289571
-12.124533242,-28.262190334,-1.712152761
-12.131577549,-28.311691624,-1.712152761
-12.138621856,-28.361192914,-1.712152761
-12.145666164,-28.410694205,-1.712152761
-12.152710471,-28.460195495,-1.712152761
-12.159754779,-28.509696785,-1.712152761
-12.167895445,-28.558963716,-1.734552587
-12.181704920,-28.607018876,-1.850623454
-12.195514395,-28.655074036,-1.850623454
-12.209323870,-28.703129196,-1.850623454
-12.223133345,-28.751184356,-1.850623454
-12.236942821,-28.799239516,-1.850623454
-12.250752296,-28.847294676,-1.850623454
-12.264561771,-28.895349836,-1.850623454
-12.280592675,-28.942617332,-1.897775234
-12.300140154,-28.988637936,-1.972459385
-12.319687633,-29.034658541,-1.972459385
-12.339235112,-29.080679146,-1.972459385
-12.358782591,-29.126699751,-1.972459385
-12.378330070,-29.172720355,-1.972459385
-12.397877549,-29.218740960,-1.972459385
-12.417425029,-29.264761565,-1.972459385
-12.439352417,-29.309653426,-2.025160585
-12.462621179,-29.353909100,-2.054854830
-12.485889941,-29.398164775,-2.054854830
-12.509158703,-29.442420450,-2.054854830
-12.532427464,-29.486676124,-2.054854830
-12.555696226,-29.530931799,-2.054854830
-12.578964988,-29.575187473,-2.054854830
-12.602233749,-29.619443148,-2.054854830
-12.628301555,-29.662099093,-2.119350569
-12.654622470,-29.704610379,-2.125178724
-12.680943385,-29.747121665,-2.125178724
-12.707264300,-29.789632951,-2.125178724
-12.733585215,-29.832144237,-2.125178724
-12.759906129,-29.874655523,-2.125178724
-12.786227044,-29.917166809,-2.125178724
-12.813198789,-29.959241990,-2.140844791
-12.842507764,-29.999751050,-2.197131466
-12.871816739,-30.040260111,-2.197131466
-12.901125714,-30.080769171,-2.197131466
-12.930434689,-30.121278232,-2.197131466
-12.959743664,-30.161787292,-2.197131466
-12.989052639,-30.202296353,-2.197131466
-13.018361614,-30.242805413,-2.197131466
-13.049355756,-30.281990669,-2.240003421
-13.081773290,-30.320057761,-2.276212414
-13.114190823,-30.358124854,-2.276212414
-13.146608357,-30.396191946,-2.276212414
-13.179025890,-30.434259038,-2.276212414
-13.211443424,-30.472326131,-2.276212414
-13.243860957,-30.510393223,-2.276212414
-13.276278491,-30.548460315,-2.276212414
-13.311638215,-30.583782967,-2.356718993
-13.347361468,-30.618766523,-2.366655578
-13.383084722,-30.653750079,-2.366655578
-13.418807975,-30.688733635,-2.366655578
-13.454531228,-30.723717191,-2.366655578
-13.490254481,-30.758700747,-2.366655578
-13.525977734,-30.793684303,-2.366655578
-13.562606411,-30.827641323,-2.394026259
-13.601777393,-30.858715978,-2.470945518
-13.640948375,-30.889790633,-2.470945518
-13.680119357,-30.920865288,-2.470945518
-13.719290339,-30.951939943,-2.470945518
-13.758461321,-30.983014597,-2.470945518
-13.797632303,-31.014089252,-2.470945518
-13.836803285,-31.045163907,-2.470945518
-13.878262108,-31.072967289,-2.550853691
-13.920889298,-31.099100078,-2.591629535
-13.963516488,-31.125232867,-2.591629535
-14.006143678,-31.151365657,-2.591629535
-14.048770868,-31.177498446,-2.591629535
-14.091398058,-31.203631235,-2.591629535
-14.134025248,-31.229764025,-2.591629535
-14.176906653,-31.255422583,-2.602379211
-14.222267193,-31.276456400,-2.707401947
-14.267627732,-31.297490217,-2.707401947
-14.312988272,-31.318524034,-2.707401947
-14.358348811,-31.339557851,-2.707401947
-14.403709351,-31.360591668,-2.707401947
-14.449069890,-31.381625485,-2.707401947
-14.494430430,-31.402659302,-2.707401947
-14.539790969,-31.423693119,-2.707401947
-14.586791724,-31.440696087,-2.794480350
-14.633950813,-31.457309945,-2.802875757
-14.681109903,-31.473923803,-2.802875757
-14.728268992,-31.490537662,-2.802875757
-14.775428081,-31.507151520,-2.802875757
-14.822587171,-31.523765378,-2.802875757
-14.869746260,-31.540379237,-2.802875757
-14.916905349,-31.556993095,-2.802875757
-14.965334285,-31.569099896,-2.896622394
-15.014230220,-31.579549179,-2.931055055
-15.063126156,-31.589998462,-2.931055055
-15.112022091,-31.600447745,-2.931055055
-15.160918026,-31.610897028,-2.931055055
-15.209813962,-31.621346311,-2.931055055
-15.258709897,-31.631795594,-2.931055055
-15.307605832,-31.642244877,-2.931055055
-15.357023569,-31.649145959,-3.002842072
-15.406857641,-31.653216013,-3.060101408
-15.456691712,-31.657286067,-3.060101408
-15.506525783,-31.661356121,-3.060101408
-15.556359854,-31.665426176,-3.060101408
-15.606193926,-31.669496230,-3.060101408
-15.656027997,-31.673566284,-3.060101408
-15.705862068,-31.677636338,-3.060101408
-15.755748465,-31.679423086,-3.105791605
-15.805716666,-31.677640148,-3.177258979
-15.855684867,-31.675857210,-3.177258979
-15.905653069,-31.674074272,-3.177258979
-15.955621270,-31.672291334,-3.177258979
-16.005589471,-31.670508395,-3.177258979
-16.055557672,-31.668725457,-3.177258979
-16.105525873,-31.666942519,-3.177258979
-16.155395576,-31.664003819,-3.200452141
-16.204944863,-31.657305453,-3.275963968
-16.254494151,-31.650607087,-3.275963968
-16.304043438,-31.643908722,-3.275963968
-16.353592726,-31.637210356,-3.275963968
-16.403142013,-31.630511990,-3.275963968
-16.452691301,-31.623813624,-3.275963968
-16.502240588,-31.617115258,-3.275963968
-16.551733741,-31.610087236,-3.282649481
-16.600707469,-31.600008842,-3.344551053
-16.649681196,-31.589930448,-3.344551053
-16.698654923,-31.579852054,-3.344551053
-16.747628650,-31.569773659,-3.344551053
-16.796602378,-31.559695265,-3.344551053
-16.845576105,-31.549616871,-3.344551053
-16.894549832,-31.539538476,-3.344551053
-16.943523560,-31.529460082,-3.344551053
-16.991774665,-31.516361185,-3.406677377
-17.040007061,-31.503184085,-3.408284824
-17.088239457,-31.490006985,-3.408284824
-17.136471854,-31.476829886,-3.408284824
-17.184704250,-31.463652786,-3.408284824
-17.232936646,-31.450475686,-3.408284824
-17.281169042,-31.437298587,-3.408284824
-17.329401439,-31.424121487,-3.408284824
-17.376715052,-31.407998889,-3.470012457
-17.423885462,-31.391417200,-3.479627486
-17.471055872,-31.374835511,-3.479627486
-17.518226282,-31.358253822,-3.479627486
-17.565396693,-31.341672134,-3.479627486
-17.612567103,-31.325090445,-3.479627486
-17.659737513,-31.308508756,-3.479627486
-17.706907923,-31.291927067,-3.479627486
-17.752827941,-31.272230927,-3.546781194
-17.798368956,-31.251590772,-3.567122142
-17.843909970,-31.230950616,-3.567122142
-17.889450984,-31.210310461,-3.567122142
-17.934991998,-31.189670305,-3.567122142
-17.980533013,-31.169030150,-3.567122142
-18.026074027,-31.148389994,-3.567122142
-18.071615041,-31.127749839,-3.567122142
-18.115320861,-31.103617321,-3.646091163
-18.158151461,-31.077819263,-3.683721967
-18.200982060,-31.052021206,-3.683721967
-18.243812659,-31.026223148,-3.683721967
-18.286643258,-31.000425090,-3.683721967
-18.329473857,-30.974627032,-3.683721967
-18.372304456,-30.948828975,-3.683721967
-18.415135055,-30.923030917,-3.683721967
-18.455828846,-30.894144927,-3.758890665
-18.495065657,-30.863153433,-3.810118556
-18.534302467,-30.832161939,-3.810118556
-18.573539278,-30.801170445,-3.810118556
-18.612776088,-30.770178951,-3.810118556
-18.652012898,-30.739187457,-3.810118556
-18.691249709,-30.708195962,-3.810118556
-18.730486519,-30.677204468,-3.810118556
-18.767633581,-30.643872624,-3.872910847
-18.802852304,-30.608381194,-3.930847487
-18.838071026,-30.572889764,-3.930847487
-18.873289749,-30.537398335,-3.930847487
-18.908508471,-30.501906905,-3.930847487
-18.943727194,-30.466415475,-3.930847487
-18.978945917,-30.430924046,-3.930847487
-19.014164639,-30.395432616,-3.930847487
-19.047621761,-30.358366286,-3.978123623
-19.078962452,-30.319407833,-4.034931733
-19.110303143,-30.280449379,-4.034931733
-19.141643834,-30.241490926,-4.034931733
-19.172984525,-30.202532473,-4.034931733
-19.204325215,-30.163574019,-4.034931733
-19.235665906,-30.124615566,-4.034931733
-19.267006597,-30.085657112,-4.034931733
-19.297062437,-30.045747239,-4.066911389
-19.325183752,-30.004404868,-4.115071702
-19.353305067,-29.963062497,-4.115071702
-19.381426382,-29.921720126,-4.115071702
-19.409547697,-29.880377755,-4.115071702
-19.437669012,-29.839035383,-4.115071702
-19.465790327,-29.797693012,-4.115071702
-19.493911642,-29.756350641,-4.115071702
-19.520900915,-29.714299516,-4.141785360
-19.545807408,-29.670944394,-4.190948318
-19.570713901,-29.627589272,-4.190948318
-19.595620394,-29.584234150,-4.190948318
-19.620526887,-29.540879028,-4.190948318
-19.645433379,-29.497523906,-4.190948318
-19.670339872,-29.454168784,-4.190948318
-19.695246365,-29.410813661,-4.190948318
-19.718993735,-29.366855761,-4.217077783
-19.740184093,-29.321568139,-4.274744460
-19.761374451,-29.276280517,-4.274744460
-19.782564809,-29.230992894,-4.274744460
-19.803755167,-29.185705272,-4.274744460
-19.824945525,-29.140417650,-4.274744460
-19.846135883,-29.095130028,-4.274744460
-19.867326241,-29.049842405,-4.274744460
-19.887157691,-29.004005101,-4.304057707
-19.903412803,-28.956721157,-4.381269124
-19.919667916,-28.909437214,-4.381269124
-19.935923029,-28.862153270,-4.381269124
-19.952178142,-28.814869327,-4.381269124
-19.968433255,-28.767585384,-4.381269124
-19.984688368,-28.720301440,-4.381269124
-20.000943480,-28.673017497,-4.381269124
-20.015757536,-28.625336281,-4.411154345
-20.026027856,-28.576402443,-4.505510035
-20.036298176,-28.527468604,-4.505510035
-20.046568496,-28.478534766,-4.505510035
-20.056838816,-28.429600928,-4.505510035
-20.067109136,-28.380667090,-4.505510035
-20.077379456,-28.331733251,-4.505510035
-20.087649776,-28.282799413,-4.505510035
-20.096634941,-28.233678316,-4.531470444
-20.100755365,-28.183848385,-4.629886937
-20.104875789,-28.134018453,-4.629886937
-20.108996213,-28.084188521,-4.629886937
-20.113116637,-28.034358589,-4.629886937
-20.117237061,-27.984528657,-4.629886937
-20.121357485,-27.934698726,-4.629886937
-20.125477909,-27.884868794,-4.629886937
-20.128587221,-27.835012226,-4.650104501
-20.127096075,-27.785034466,-4.742216336
-20.125604928,-27.735056706,-4.742216336
-20.124113782,-27.685078946,-4.742216336
-20.122622635,-27.635101186,-4.742216336
-20.121131488,-27.585123426,-4.742216336
-20.119640342,-27.535145666,-4.742216336
-20.118149195,-27.485167907,-4.742216336
-20.115982410,-27.435239509,-4.755759604
-20.110193727,-27.385575728,-4.828422860
-20.104405043,-27.335911947,-4.828422860
-20.098616359,-27.286248166,-4.828422860
-20.092827675,-27.236584385,-4.828422860
-20.087038991,-27.186920604,-4.828422860
-20.081250307,-27.137256823,-4.828422860
-20.075461623,-27.087593042,-4.828422860
-20.069147816,-27.038010907,-4.839047676
-20.059584318,-26.988934034,-4.904844813
-20.050020820,-26.939857161,-4.904844813
-20.040457322,-26.890780287,-4.904844813
-20.030893824,-26.841703414,-4.904844813
-20.021330326,-26.792626540,-4.904844813
-20.011766827,-26.743549667,-4.904844813
-20.002203329,-26.694472794,-4.904844813
-19.992149537,-26.645512262,-4.914918488
-19.978644045,-26.597370787,-4.985896099
-19.965138552,-26.549229311,-4.985896099
-19.951633060,-26.501087835,-4.985896099
-19.938127567,-26.452946360,-4.985896099
-19.924622075,-26.404804884,-4.985896099
-19.911116582,-26.356663409,-4.985896099
-19.897611090,-26.308521933,-4.985896099
-19.883591220,-26.260552210,-4.996734410
-19.865462973,-26.213954284,-5.083407598
-19.847334727,-26.167356358,-5.083407598
-19.829206480,-26.120758432,-5.083407598
-19.811078234,-26.074160507,-5.083407598
-19.792949987,-26.027562581,-5.083407598
-19.774821741,-25.980964655,-5.083407598
-19.756693494,-25.934366730,-5.083407598
-19.737903155,-25.888073312,-5.097968255
-19.714322309,-25.843983135,-5.203512512
-19.690741463,-25.799892959,-5.203512512
-19.667160617,-25.755802782,-5.203512512
-19.643579771,-25.711712605,-5.203512512
-19.619998925,-25.667622428,-5.203512512
-19.596418079,-25.623532251,-5.203512512
-19.572837233,-25.579442074,-5.203512512
-19.548459630,-25.535841706,-5.222203022
-19.519764216,-25.494895727,-5.323659397
-19.491068801,-25.453949748,-5.323659397
-19.462373387,-25.413003769,-5.323659397
-19.433677972,-25.372057790,-5.323659397
-19.404982558,-25.331111811,-5.323659397
-19.376287143,-25.290165833,-5.323659397
-19.347591728,-25.249219854,-5.323659397
-19.318059153,-25.208922662,-5.344836002
-19.285568798,-25.170917704,-5.419719619
-19.253078442,-25.132912747,-5.419719619
-19.220588087,-25.094907789,-5.419719619
-19.188097731,-25.056902832,-5.419719619
-19.155607376,-25.018897874,-5.419719619
-19.123117020,-24.980892916,-5.419719619
-19.090626665,-24.942887959,-5.419719619
-19.057152606,-24.905799905,-5.446614636
-19.021522431,-24.870721555,-5.505591214
-18.985892256,-24.835643206,-5.505591214
-18.950262081,-24.800564856,-5.505591214
-18.914631906,-24.765486506,-5.505591214
-18.879001730,-24.730408157,-5.505591214
-18.843371555,-24.695329807,-5.505591214
-18.807741380,-24.660251457,-5.505591214
-18.770800104,-24.626633363,-5.544850044
-18.732100220,-24.594973942,-5.597519574
-18.693400335,-24.563314521,-5.597519574
-18.654700451,-24.531655099,-5.597519574
-18.616000567,-24.499995678,-5.597519574
-18.577300683,-24.468336256,-5.597519574
-18.538600799,-24.436676835,-5.597519574
-18.499900914,-24.405017414,-5.597519574
-18.459506608,-24.375659296,-5.654705807
-18.417784297,-24.348104827,-5.699516121
-18.376061986,-24.320550358,-5.699516121
-18.334339675,-24.292995890,-5.699516121
-18.292617363,-24.265441421,-5.699516121
-18.250895052,-24.237886952,-5.699516121
-18.209172741,-24.210332483,-5.699516121
-18.167450430,-24.182778014,-5.699516121
-18.124033231,-24.158066104,-5.765740979
-18.079955536,-24.134461934,-5.791532692
-18.035877842,-24.110857763,-5.791532692
-17.991800147,-24.087253593,-5.791532692
-17.947722453,-24.063649423,-5.791532692
-17.903644758,-24.040045253,-5.791532692
-17.859567064,-24.016441083,-5.791532692
-17.815489369,-23.992836913,-5.791532692
-17.769885361,-23.972366863,-5.861275530
-17.724124168,-23.952219574,-5.868452085
-17.678362976,-23.932072285,-5.868452085
-17.632601783,-23.911924996,-5.868452085
-17.586840591,-23.891777707,-5.868452085
-17.541079398,-23.871630418,-5.868452085
-17.495318206,-23.851483128,-5.868452085
-17.449414114,-23.831689672,-5.876082066
-17.402495861,-23.814407382,-5.930258389
-17.355577608,-23.797125092,-5.930258389
-17.308659356,-23.779842801,-5.930258389
-17.261741103,-23.762560511,-5.930258389
-17.214822850,-23.745278221,-5.930258389
-17.167904597,-23.727995931,-5.930258389
-17.120986344,-23.710713641,-5.930258389
-17.073778265,-23.694280887,-5.948211296
-17.026080301,-23.679284080,-5.978559596
-16.978382337,-23.664287273,-5.978559596
-16.930684373,-23.649290466,-5.978559596
-16.882986409,-23.634293659,-5.978559596
-16.835288445,-23.619296852,-5.978559596
-16.787590480,-23.604300045,-5.978559596
-16.739892516,-23.589303238,-5.978559596
-16.691880712,-23.575373106,-6.000798990
-16.643661238,-23.562148799,-6.015514264
-16.595441763,-23.548924493,-6.015514264
-16.547222289,-23.535700186,-6.015514264
-16.499002814,-23.522475879,-6.015514264
-16.450783340,-23.509251572,-6.015514264
-16.402563866,-23.496027266,-6.015514264
-16.354344391,-23.482802959,-6.015514264
-16.305853244,-23.470623345,-6.037103974
-16.257300161,-23.458681901,-6.042025654
-16.208747077,-23.446740457,-6.042025654
-16.160193994,-23.434799013,-6.042025654
-16.111640910,-23.422857568,-6.042025654
-16.063087827,-23.410916124,-6.042025654
-16.014534743,-23.398974680,-6.042025654
-15.965979694,-23.387041511,-6.042195743
-15.917242649,-23.375874577,-6.057946983
-15.868505604,-23.364707643,-6.057946983
-15.819768558,-23.353540710,-6.057946983
-15.771031513,-23.342373776,-6.057946983
-15.722294468,-23.331206843,-6.057946983
-15.673557422,-23.320039909,-6.057946983
-15.624820377,-23.308872975,-6.057946983
-15.576075754,-23.297739383,-6.058630817
-15.527299313,-23.286745803,-6.061502456
-15.478522872,-23.275752223,-6.061502456
-15.429746431,-23.264758643,-6.061502456
-15.380969990,-23.253765063,-6.061502456
-15.332193549,-23.242771483,-6.061502456
-15.283417108,-23.231777902,-6.061502456
-15.234640667,-23.220784322,-6.061502456
-15.185941269,-23.209463204,-6.054772886
-15.137378596,-23.197560822,-6.042830089
-15.088815922,-23.185658439,-6.042830089
-15.040253248,-23.173756057,-6.042830089
-14.991690574,-23.161853674,-6.042830089
-14.943127900,-23.149951292,-6.042830089
-14.894565226,-23.138048910,-6.042830089
-14.846002552,-23.126146527,-6.042830089
-14.797601380,-23.113619108,-6.029918444
-14.749351435,-23.100506408,-6.017828093
-14.701101491,-23.087393709,-6.017828093
-14.652851547,-23.074281009,-6.017828093
-14.604601603,-23.061168309,-6.017828093
-14.556351659,-23.048055609,-6.017828093
-14.508101715,-23.034942909,-6.017828093
-14.459851771,-23.021830209,-6.017828093
-14.411789861,-23.008053110,-6.004017836
-14.363824322,-22.993935495,-5.996940008
-14.315858783,-22.979817881,-5.996940008
-14.267893244,-22.965700266,-5.996940008
-14.219927704,-22.951582651,-5.996940008
-14.171962165,-22.937465036,-5.996940008
-14.123996626,-22.923347421,-5.996940008
-14.076031087,-22.909229806,-5.996940008
-14.028196885,-22.894675237,-5.987814628
-13.980396504,-22.880008144,-5.985464693
-13.932596123,-22.865341051,-5.985464693
-13.884795743,-22.850673958,-5.985464693
-13.836995362,-22.836006865,-5.985464693
-13.789194982,-22.821339772,-5.985464693
-13.741394601,-22.806672679,-5.985464693
-13.693594221,-22.792005586,-5.985464693
-13.645688488,-22.777686745,-5.992741493
-13.597773512,-22.763398461,-5.993379971
-13.549858536,-22.749110177,-5.993379971
-13.501943560,-22.734821892,-5.993379971
-13.454028584,-22.720533608,-5.993379971
-13.406113608,-22.706245324,-5.993379971
-13.358198632,-22.691957040,-5.993379971
-13.310275747,-22.677696104,-5.993949341
-13.262130362,-22.664204553,-6.009967775
-13.213984977,-22.650713003,-6.009967775
-13.165839593,-22.637221452,-6.009967775
-13.117694208,-22.623729901,-6.009967775
-13.069548824,-22.610238350,-6.009967775
-13.021403439,-22.596746800,-6.009967775
-12.973258054,-22.583255249,-6.009967775
-12.925085570,-22.569863204,-6.012030355
-12.876747757,-22.557078220,-6.024613932
-12.828409944,-22.544293236,-6.024613932
-12.780072130,-22.531508252,-6.024613932
-12.731734317,-22.518723268,-6.024613932
-12.683396504,-22.505938284,-6.024613932
-12.635058691,-22.493153300,-6.024613932
-12.586720878,-22.480368316,-6.024613932
-12.538365206,-22.467651667,-6.026026534
-12.489952806,-22.455152085,-6.030513694
-12.441540406,-22.442652504,-6.030513694
-12.393128006,-22.430152922,-6.030513694
-12.344715607,-22.417653340,-6.030513694
-12.296303207,-22.405153759,-6.030513694
-12.247890807,-22.392654177,-6.030513694
-12.199478407,-22.380154596,-6.030513694
-12.151113468,-22.367475370,-6.026797547
-12.102844578,-22.354432582,-6.019276748
-12.054575689,-22.341389793,-6.019276748
-12.006306800,-22.328347005,-6.019276748
-11.958037911,-22.315304216,-6.019276748
-11.909769021,-22.302261427,-6.019276748
-11.861500132,-22.289218639,-6.019276748
-11.813231243,-22.276175850,-6.019276748
-11.765055248,-22.262800296,-6.012366935
-11.717010044,-22.248956222,-6.002638123
-11.668964840,-22.235112148,-6.002638123
-11.620919636,-22.221268074,-6.002638123
-11.572874433,-22.207424000,-6.002638123
-11.524829229,-22.193579926,-6.002638123
-11.476784025,-22.179735852,-6.002638123
-11.428738821,-22.165891778,-6.002638123
-11.380783828,-22.151742062,-5.996264536
-11.332921381,-22.137278792,-5.989725965
-11.285058934,-22.122815521,-5.989725965
-11.237196488,-22.108352251,-5.989725965
-11.189334041,-22.093888981,-5.989725965
-11.141471594,-22.079425711,-5.989725965
-11.093609147,-22.064962441,-5.989725965
-11.045746700,-22.050499171,-5.989725965
-10.997897425,-22.035992439,-5.988817685
-10.950058245,-22.021452396,-5.988121549
-10.902219064,-22.006912354,-5.988121549
-10.854379884,-21.992372311,-5.988121549
-10.806540704,-21.977832268,-5.988121549
-10.758701524,-21.963292226,-5.988121549
-10.710862344,-21.948752183,-5.988121549
-10.663023164,-21.934212140,-5.988121549
-10.615066361,-21.920068374,-5.996388919
-10.567041432,-21.906154130,-6.001177302
-10.519016503,-21.892239885,-6.001177302
-10.470991574,-21.878325640,-6.001177302
-10.422966646,-21.864411395,-6.001177302
-10.374941717,-21.850497151,-6.001177302
-10.326916788,-21.836582906,-6.001177302
-10.278891859,-21.822668661,-6.001177302
-10.230718406,-21.809282604,-6.012150916
-10.182479899,-21.796127889,-6.016957217
-10.134241393,-21.782973175,-6.016957217
-10.086002887,-21.769818460,-6.016957217
-10.037764381,-21.756663745,-6.016957217
-9.989525874,-21.743509031,-6.016957217
-9.941287368,-21.730354316,-6.016957217
-9.893048862,-21.717199602,-6.016957217
-9.844708721,-21.704425415,-6.024834609
-9.796335234,-21.691776074,-6.027419031
-9.747961748,-21.679126732,-6.027419031
-9.699588262,-21.666477390,-6.027419031
-9.651214776,-21.653828049,-6.027419031
-9.602841290,-21.641178707,-6.027419031
-9.554467804,-21.628529366,-6.027419031
-9.506094318,-21.615880024,-6.027419031
-9.457762527,-21.603072543,-6.024148155
-9.409440758,-21.590227050,-6.023361936
-9.361118990,-21.577381558,-6.023361936
-9.312797221,-21.564536065,-6.023361936
-9.264475453,-21.551690572,-6.023361936
-9.216153684,-21.538845079,-6.023361936
-9.167831916,-21.525999586,-6.023361936
-9.119510147,-21.513154094,-6.023361936
-9.071353593,-21.499704925,-6.010844273
-9.023224938,-21.486153815,-6.008730490
-8.975096283,-21.472602705,-6.008730490
-8.926967628,-21.459051596,-6.008730490
-8.878838973,-21.445500486,-6.008730490
-8.830710319,-21.431949376,-6.008730490
-8.782581664,-21.418398266,-6.008730490
-8.734453009,-21.404847156,-6.008730490
-8.686505241,-21.390670937,-5.995715258
-8.638577307,-21.376426181,-5.994288292
-8.590649372,-21.362181425,-5.994288292
-8.542721437,-21.347936669,-5.994288292
-8.494793503,-21.333691913,-5.994288292
-8.446865568,-21.319447156,-5.994288292
-8.398937633,-21.305202400,-5.994288292
-8.351009699,-21.290957644,-5.994288292
-8.303175157,-21.276402567,-5.987806873
-8.255346213,-21.261828886,-5.987418327
-8.207517270,-21.247255205,-5.987418327
-8.159688326,-21.232681525,-5.987418327
-8.111859383,-21.218107844,-5.987418327
-8.064030439,-21.203534163,-5.987418327
-8.016201496,-21.188960483,-5.987418327
-7.968372552,-21.174386802,-5.987418327
-7.920409871,-21.160259581,-5.996739575
-7.872445474,-21.146138085,-5.996859085
-7.824481077,-21.132016589,-5.996859085
-7.776516681,-21.117895092,-5.996859085
-7.728552284,-21.103773596,-5.996859085
-7.680587888,-21.089652099,-5.996859085
-7.632623491,-21.075530603,-5.996859085
-7.584652052,-21.061433734,-5.997371373
-7.536473628,-21.048060644,-6.012427414
-7.488295205,-21.034687555,-6.012427414
-7.440116782,-21.021314465,-6.012427414
-7.391938358,-21.007941375,-6.012427414
-7.343759935,-20.994568285,-6.012427414
-7.295581512,-20.981195196,-6.012427414
-7.247403089,-20.967822106,-6.012427414
-7.199208927,-20.954507028,-6.013629567
-7.150877417,-20.941698236,-6.024121380
-7.102545907,-20.928889445,-6.024121380
-7.054214397,-20.916080653,-6.024121380
-7.005882887,-20.903271862,-6.024121380
-6.957551377,-20.890463071,-6.024121380
-6.909219867,-20.877654279,-6.024121380
-6.860888357,-20.864845488,-6.024121380
-6.812562486,-20.852015514,-6.023682979
-6.764259785,-20.839098507,-6.021881682
-6.715957084,-20.826181500,-6.021881682
-6.667654383,-20.813264493,-6.021881682
-6.619351682,-20.800347485,-6.021881682
-6.571048981,-20.787430478,-6.021881682
-6.522746280,-20.774513471,-6.021881682
-6.474443579,-20.761596464,-6.021881682
-6.426154187,-20.748630016,-6.020857659
-6.377894256,-20.735554119,-6.018590786
-6.329634325,-20.722478223,-6.018590786
-6.281374394,-20.709402327,-6.018590786
-6.233114463,-20.696326431,-6.018590786
-6.184854532,-20.683250535,-6.018590786
-6.136594601,-20.670174639,-6.018590786
-6.088334670,-20.657098743,-6.018590786
-6.040067661,-20.644049031,-6.019133271
-5.991792010,-20.631031293,-6.019795689
-5.943516359,-20.618013555,-6.019795689
-5.895240708,-20.604995817,-6.019795689
-5.846965056,-20.591978079,-6.019795689
-5.798689405,-20.578960341,-6.019795689
-5.750413754,-20.565942603,-6.019795689
-5.702138103,-20.552924865,-6.019795689
-5.653917339,-20.539706293,-6.015631713
-5.605731177,-20.526361117,-6.013006733
-5.557545014,-20.513015940,-6.013006733
-5.509358852,-20.499670763,-6.013006733
-5.461172689,-20.486325586,-6.013006733
-5.412986527,-20.472980409,-6.013006733
-5.364800364,-20.459635232,-6.013006733
-5.316614202,-20.446290056,-6.013006733
-5.268624994,-20.432257644,-5.998708437
-5.220684870,-20.418053965,-5.995145245
-5.172744746,-20.403850286,-5.995145245
-5.124804622,-20.389646607,-5.995145245
-5.076864497,-20.375442928,-5.995145245
-5.028924373,-20.361239249,-5.995145245
-4.980984249,-20.347035570,-5.995145245
-4.933048766,-20.332817031,-5.994833918
-4.885545273,-20.317215166,-5.965848663
-4.838041780,-20.301613302,-5.965848663
-4.790538288,-20.286011437,-5.965848663
-4.743034795,-20.270409572,-5.965848663
-4.695531302,-20.254807707,-5.965848663
-4.648027810,-20.239205842,-5.965848663
-4.600524317,-20.223603978,-5.965848663
-4.553183442,-20.207538897,-5.956030416
-4.506351822,-20.190023208,-5.925279213
-4.459520202,-20.172507519,-5.925279213
-4.412688582,-20.154991829,-5.925279213
-4.365856962,-20.137476140,-5.925279213
-4.319025342,-20.119960451,-5.925279213
-4.272193722,-20.102444762,-5.925279213
-4.225362102,-20.084929073,-5.925279213
-4.179004301,-20.066240727,-5.899981243
-4.133150061,-20.046306118,-5.873094955
-4.087295821,-20.026371508,-5.873094955
-4.041441581,-20.006436899,-5.873094955
-3.995587340,-19.986502289,-5.873094955
-3.949733100,-19.966567680,-5.873094955
-3.903878860,-19.946633070,-5.873094955
-3.858024620,-19.926698460,-5.873094955
-3.813185546,-19.904619610,-5.825634547
-3.768703923,-19.881785748,-5.808928687
-3.724222301,-19.858951886,-5.808928687
-3.679740678,-19.836118024,-5.808928687
-3.635259055,-19.813284163,-5.808928687
-3.590777433,-19.790450301,-5.808928687
-3.546295810,-19.767616439,-5.808928687
-3.501814188,-19.744782577,-5.808928687
-3.459166743,-19.718690894,-5.734134888
-3.416574360,-19.692501414,-5.731891731
-3.373981976,-19.666311934,-5.731891731
-3.331389592,-19.640122454,-5.731891731
-3.288797209,-19.613932975,-5.731891731
-3.246204825,-19.587743495,-5.731891731
-3.203612441,-19.561554015,-5.731891731
-3.161493033,-19.534670123,-5.715094696
-3.121525602,-19.504626748,-5.638599367
-3.081558170,-19.474583372,-5.638599367
-3.041590739,-19.444539996,-5.638599367
-3.001623307,-19.414496621,-5.638599367
-2.961655875,-19.384453245,-5.638599367
-2.921688444,-19.354409870,-5.638599367
-2.881721012,-19.324366494,-5.638599367
-2.843179302,-19.292647476,-5.594588986
-2.807123645,-19.258006610,-5.517796647
-2.771067987,-19.223365744,-5.517796647
-2.735012330,-19.188724878,-5.517796647
-2.698956673,-19.154084012,-5.517796647
-2.662901016,-19.119443146,-5.517796647
-2.626845359,-19.084802280,-5.517796647
-2.590789702,-19.050161414,-5.517796647
-2.557402283,-19.013100066,-5.445683986
-2.526427856,-18.973849781,-5.380479969
-2.495453429,-18.934599496,-5.380479969
-2.464479003,-18.895349210,-5.380479969
-2.433504576,-18.856098925,-5.380479969
-2.402530150,-18.816848640,-5.380479969
-2.371555723,-18.777598354,-5.380479969
-2.340581297,-18.738348069,-5.380479969
-2.313228218,-18.696609198,-5.292507770
-2.287689968,-18.653623180,-5.248463364
-2.262151718,-18.610637161,-5.248463364
-2.236613468,-18.567651143,-5.248463364
-2.211075217,-18.524665124,-5.248463364
-2.185536967,-18.481679106,-5.248463364
-2.159998717,-18.438693088,-5.248463364
-2.134460467,-18.395707069,-5.248463364
-2.112989990,-18.350613691,-5.156761914
-2.092606024,-18.304957433,-5.132300113
-2.072222059,-18.259301174,-5.132300113
-2.051838094,-18.213644915,-5.132300113
-2.031454128,-18.167988657,-5.132300113
-2.011070163,-18.122332398,-5.132300113
-1.990686197,-18.076676139,-5.132300113
-1.970302232,-18.031019881,-5.132300113
-1.953421424,-17.983972370,-5.056884861
-1.936927737,-17.936771117,-5.048558813
-1.920434049,-17.889569864,-5.048558813
-1.903940362,-17.842368611,-5.048558813
-1.887446675,-17.795167358,-5.048558813
-1.870952987,-17.747966105,-5.048558813
-1.854459300,-17.700764852,-5.048558813
-1.837971717,-17.653561705,-5.048431066
-1.824845011,-17.605315569,-4.978036481
-1.811718306,-17.557069434,-4.978036481
-1.798591600,-17.508823298,-4.978036481
-1.785464895,-17.460577162,-4.978036481
-1.772338189,-17.412331027,-4.978036481
-1.759211483,-17.364084891,-4.978036481
-1.746084778,-17.315838756,-4.978036481
-1.733289959,-17.267515293,-4.971223961
-1.723740440,-17.218435697,-4.904559988
-1.714190920,-17.169356102,-4.904559988
-1.704641401,-17.120276507,-4.904559988
-1.695091882,-17.071196911,-4.904559988
-1.685542362,-17.022117316,-4.904559988
-1.675992843,-16.973037721,-4.904559988
-1.666443324,-16.923958125,-4.904559988
-1.657624044,-16.874768349,-4.889795001
-1.652267574,-16.825056095,-4.819724362
-1.646911104,-16.775343841,-4.819724362
-1.641554634,-16.725631586,-4.819724362
-1.636198163,-16.675919332,-4.819724362
-1.630841693,-16.626207078,-4.819724362
-1.625485223,-16.576494823,-4.819724362
-1.620128753,-16.526782569,-4.819724362
-1.616127967,-16.477000283,-4.792582289
-1.616333536,-16.427000706,-4.708277592
-1.616539105,-16.377001128,-4.708277592
-1.616744674,-16.327001551,-4.708277592
-1.616950242,-16.277001973,-4.708277592
-1.617155811,-16.227002396,-4.708277592
-1.617361380,-16.177002819,-4.708277592
-1.617566949,-16.127003241,-4.708277592
-1.619649701,-16.077128392,-4.670653658
-1.626061085,-16.027541154,-4.583807293
-1.632472468,-15.977953916,-4.583807293
-1.638883851,-15.928366678,-4.583807293
-1.645295235,-15.878779440,-4.583807293
-1.651706618,-15.829192202,-4.583807293
-1.658118002,-15.779604964,-4.583807293
-1.664529385,-15.730017726,-4.583807293
-1.673198856,-15.680861772,-4.537817579
-1.685513933,-15.632402109,-4.463526606
-1.697829010,-15.583942447,-4.463526606
-1.710144087,-15.535482784,-4.463526606
-1.722459164,-15.487023122,-4.463526606
-1.734774241,-15.438563460,-4.463526606
-1.747089318,-15.390103797,-4.463526606
-1.759404395,-15.341644135,-4.463526606
-1.773809641,-15.293815543,-4.419845549
-1.790369798,-15.246637570,-4.374810581
-1.806929955,-15.199459596,-4.374810581
-1.823490112,-15.152281622,-4.374810581
-1.840050269,-15.105103649,-4.374810581
-1.856610426,-15.057925675,-4.374810581
-1.873170583,-15.010747701,-4.374810581
-1.889730740,-14.963569728,-4.374810581
-1.908465903,-14.917246698,-4.328055761
-1.928463727,-14.871419992,-4.300919614
-1.948461551,-14.825593285,-4.300919614
-1.968459375,-14.779766579,-4.300919614
-1.988457199,-14.733939872,-4.300919614
-2.008455023,-14.688113166,-4.300919614
-2.028452848,-14.642286459,-4.300919614
-2.048450672,-14.596459753,-4.300919614
-2.071246289,-14.551985635,-4.238744590
-2.094740892,-14.507849441,-4.223220472
-2.118235496,-14.463713247,-4.223220472
-2.141730100,-14.419577053,-4.223220472
-2.165224703,-14.375440860,-4.223220472
-2.188719307,-14.331304666,-4.223220472
-2.212213911,-14.287168472,-4.223220472
-2.235708514,-14.243032279,-4.223220472
-2.263185817,-14.201262519,-4.130530681
-2.290716010,-14.159524186,-4.129301530
-2.318246203,-14.117785852,-4.129301530
-2.345776396,-14.076047519,-4.129301530
-2.373306589,-14.034309185,-4.129301530
-2.400836782,-13.992570852,-4.129301530
-2.428366975,-13.950832518,-4.129301530
-2.456706140,-13.909689548,-4.109221263
-2.488371077,-13.870994176,-4.026580733
-2.520036013,-13.832298804,-4.026580733
-2.551700949,-13.793603432,-4.026580733
-2.583365886,-13.754908060,-4.026580733
-2.615030822,-13.716212688,-4.026580733
-2.646695758,-13.677517316,-4.026580733
-2.678360695,-13.638821944,-4.026580733
-2.711505816,-13.601456070,-3.986778986
-2.746592485,-13.565834087,-3.934561356
-2.781679155,-13.530212105,-3.934561356
-2.816765824,-13.494590123,-3.934561356
-2.851852494,-13.458968140,-3.934561356
-2.886939163,-13.423346158,-3.934561356
-2.922025833,-13.387724176,-3.934561356
-2.957112502,-13.352102194,-3.934561356
-2.994034143,-13.318431271,-3.880974305
-3.031738864,-13.285592970,-3.858114801
-3.069443585,-13.252754669,-3.858114801
-3.107148306,-13.219916368,-3.858114801
-3.144853027,-13.187078067,-3.858114801
-3.182557748,-13.154239766,-3.858114801
-3.220262469,-13.121401465,-3.858114801
-3.257972868,-13.088570100,-3.857935619
-3.297609957,-13.058092220,-3.797095049
-3.337247047,-13.027614340,-3.797095049
-3.376884136,-12.997136461,-3.797095049
-3.416521226,-12.966658581,-3.797095049
-3.456158315,-12.936180702,-3.797095049
-3.495795405,-12.905702822,-3.797095049
-3.535432494,-12.875224943,-3.797095049
-3.575546115,-12.845398123,-3.780958377
-3.616580823,-12.816829736,-3.749764110
-3.657615531,-12.788261349,-3.749764110
-3.698650239,-12.759692962,-3.749764110
-3.739684947,-12.731124575,-3.749764110
-3.780719655,-12.702556188,-3.749764110
-3.821754363,-12.673987801,-3.749764110
-3.862789071,-12.645419414,-3.749764110
-3.903897386,-12.616961246,-3.747113712
-3.946007867,-12.590003736,-3.711020444
-3.988118348,-12.563046225,-3.711020444
-4.030228829,-12.536088714,-3.711020444
-4.072339310,-12.509131203,-3.711020444
-4.114449791,-12.482173692,-3.711020444
-4.156560272,-12.455216181,-3.711020444
-4.198670753,-12.428258670,-3.711020444
-4.240781234,-12.401301160,-3.711020444
-4.283443281,-12.375230078,-3.690139161
-4.326231037,-12.349361024,-3.685380410
-4.369018792,-12.323491969,-3.685380410
-4.411806548,-12.297622915,-3.685380410
-4.454594303,-12.271753861,-3.685380410
-4.497382059,-12.245884806,-3.685380410
-4.540169815,-12.220015752,-3.685380410
-4.582957570,-12.194146698,-3.685380410
-4.625938510,-12.168601935,-3.677830905
-4.669060319,-12.143293645,-3.672325837
-4.712182129,-12.117985355,-3.672325837
-4.755303938,-12.092677064,-3.672325837
-4.798425748,-12.067368774,-3.672325837
-4.841547557,-12.042060484,-3.672325837
-4.884669367,-12.016752194,-3.672325837
-4.927791176,-11.991443904,-3.672325837
-4.970881327,-11.966081886,-3.673573078
-5.013915031,-11.940624072,-3.675796854
-5.056948736,-11.915166258,-3.675796854
-5.099982440,-11.889708444,-3.675796854
-5.143016145,-11.864250631,-3.675796854
-5.186049849,-11.838792817,-3.675796854
-5.229083553,-11.813335003,-3.675796854
-5.272117258,-11.787877189,-3.675796854
-5.315056592,-11.762264004,-3.679432460
-5.357486707,-11.735812437,-3.699051330
-5.399916821,-11.709360870,-3.699051330
-5.442346935,-11.682909303,-3.699051330
-5.484777050,-11.656457736,-3.699051330
-5.527207164,-11.630006170,-3.699051330
-5.569637279,-11.603554603,-3.699051330
-5.612067393,-11.577103036,-3.699051330
-5.654497508,-11.550651469,-3.699051330
-5.696263576,-11.523164268,-3.723656919
-5.738008030,-11.495643355,-3.724457770
-5.779752483,-11.468122443,-3.724457770
-5.821496936,-11.440601531,-3.724457770
-5.863241390,-11.413080618,-3.724457770
-5.904985843,-11.385559706,-3.724457770
-5.946730296,-11.358038794,-3.724457770
-5.988474750,-11.330517881,-3.724457770
-6.029798008,-11.302371104,-3.739546003
-6.071012268,-11.274062364,-3.743450460
-6.112226527,-11.245753623,-3.743450460
-6.153440787,-11.217444883,-3.743450460
-6.194655047,-11.189136142,-3.743450460
-6.235869307,-11.160827401,-3.743450460
-6.277083566,-11.132518661,-3.743450460
-6.318297826,-11.104209920,-3.743450460
-6.359392408,-11.075728177,-3.747657731
-6.400417632,-11.047146172,-3.750096027
-6.441442855,-11.018564166,-3.750096027
-6.482468078,-10.989982160,-3.750096027
-6.523493302,-10.961400155,-3.750096027
-6.564518525,-10.932818149,-3.750096027
-6.605543749,-10.904236144,-3.750096027
-6.646568972,-10.875654138,-3.750096027
-6.687757842,-10.847310040,-3.744320863
-6.729121511,-10.819220061,-3.738152173
-6.770485179,-10.791130081,-3.738152173
-6.811848848,-10.763040102,-3.738152173
-6.853212516,-10.734950123,-3.738152173
-6.894576184,-10.706860144,-3.738152173
-6.935939853,-10.678770164,-3.738152173
-6.977303521,-10.650680185,-3.738152173
-7.018826573,-10.622829163,-3.732407479
-7.060652442,-10.595432143,-3.721492775
-7.102478311,-10.568035124,-3.721492775
-7.144304180,-10.540638104,-3.721492775
-7.186130049,-10.513241085,-3.721492775
-7.227955918,-10.485844065,-3.721492775
-7.269781787,-10.458447046,-3.721492775
-7.311607656,-10.431050026,-3.721492775
-7.353504673,-10.403763075,-3.718871568
-7.395659655,-10.376875206,-3.709367522
-7.437814637,-10.349987338,-3.709367522
-7.479969619,-10.323099469,-3.709367522
-7.522124601,-10.296211600,-3.709367522
-7.564279583,-10.269323731,-3.709367522
-7.606434566,-10.242435863,-3.709367522
-7.648589548,-10.215547994,-3.709367522
-7.690742554,-10.188657030,-3.709440966
-7.732877138,-10.161737208,-3.710125708
-7.775011722,-10.134817385,-3.710125708
-7.817146306,-10.107897563,-3.710125708
-7.859280890,-10.080977741,-3.710125708
-7.901415474,-10.054057919,-3.710125708
-7.943550058,-10.027138096,-3.710125708
-7.985684642,-10.000218274,-3.710125708
-8.027819226,-9.973298452,-3.710125708
-8.069569608,-9.945786660,-3.724240207
-8.111314632,-9.918266614,-3.724437023
-8.153059656,-9.890746568,-3.724437023
-8.194804681,-9.863226521,-3.724437023
-8.236549705,-9.835706475,-3.724437023
-8.278294729,-9.808186429,-3.724437023
-8.320039753,-9.780666383,-3.724437023
-8.361784778,-9.753146336,-3.724437023
-8.403135708,-9.725038780,-3.738586126
-8.444434771,-9.696853902,-3.740448231
-8.485733834,-9.668669023,-3.740448231
-8.527032897,-9.640484144,-3.740448231
-8.568331960,-9.612299266,-3.740448231
-8.609631024,-9.584114387,-3.740448231
-8.650930087,-9.555929509,-3.740448231
-8.692229150,-9.527744630,-3.740448231
-8.733308454,-9.499241110,-3.748189763
-8.774328842,-9.470652167,-3.750265159
-8.815349231,-9.442063223,-3.750265159
-8.856369620,-9.413474279,-3.750265159
-8.897390009,-9.384885335,-3.750265159
-8.938410397,-9.356296391,-3.750265159
-8.979430786,-9.327707447,-3.750265159
-9.020451175,-9.299118503,-3.750265159
-9.061596578,-9.270710140,-3.745872516
-9.102795463,-9.242379027,-3.743993384
-9.143994347,-9.214047915,-3.743993384
-9.185193231,-9.185716802,-3.743993384
-9.226392115,-9.157385689,-3.743993384
-9.267590999,-9.129054577,-3.743993384
-9.308789883,-9.100723464,-3.743993384
-9.349988768,-9.072392352,-3.743993384
-9.391446068,-9.044443090,-3.734771786
-9.433062687,-9.016729250,-3.729086500
-9.474679307,-8.989015409,-3.729086500
-9.516295927,-8.961301568,-3.729086500
-9.557912547,-8.933587728,-3.729086500
-9.599529166,-8.905873887,-3.729086500
-9.641145786,-8.878160047,-3.729086500
-9.682762406,-8.850446206,-3.729086500
-9.724576530,-8.823033255,-3.721888033
-9.766557036,-8.795873780,-3.715823899
-9.808537543,-8.768714305,-3.715823899
-9.850518049,-8.741554830,-3.715823899
-9.892498556,-8.714395355,-3.715823899
-9.934479062,-8.687235880,-3.715823899
-9.976459569,-8.660076406,-3.715823899
-10.018440075,-8.632916931,-3.715823899
-10.060476921,-8.605844962,-3.713742419
-10.102576687,-8.578870720,-3.711417812
-10.144676452,-8.551896478,-3.711417812
-10.186776218,-8.524922235,-3.711417812
-10.228875984,-8.497947993,-3.711417812
-10.270975749,-8.470973751,-3.711417812
-10.313075515,-8.443999509,-3.711417812
-10.355175280,-8.417025267,-3.711417812
-10.397150431,-8.389858921,-3.715997473
-10.438944131,-8.362412853,-3.722665897
-10.480737832,-8.334966786,-3.722665897
-10.522531532,-8.307520718,-3.722665897
-10.564325232,-8.280074651,-3.722665897
-10.606118932,-8.252628584,-3.722665897
-10.647912633,-8.225182516,-3.722665897
-10.689706333,-8.197736449,-3.722665897
-10.731350178,-8.170066014,-3.728062101
-10.772711570,-8.141972683,-3.738233211
-10.814072962,-8.113879351,-3.738233211
-10.855434354,-8.085786020,-3.738233211
-10.896795746,-8.057692689,-3.738233211
-10.938157138,-8.029599358,-3.738233211
-10.979518529,-8.001506027,-3.738233211
-11.020879921,-7.973412695,-3.738233211
-11.062150191,-7.945186792,-3.741450575
-11.103197899,-7.916637086,-3.749308919
-11.144245607,-7.888087381,-3.749308919
-11.185293315,-7.859537676,-3.749308919
-11.226341022,-7.830987970,-3.749308919
-11.267388730,-7.802438265,-3.749308919
-11.308436438,-7.773888559,-3.749308919
-11.349484146,-7.745338854,-3.749308919
-11.390547938,-7.716812332,-3.748744589
-11.431663115,-7.688359877,-3.746941663
-11.472778292,-7.659907422,-3.746941663
-11.513893469,-7.631454966,-3.746941663
-11.555008647,-7.603002511,-3.746941663
-11.596123824,-7.574550056,-3.746941663
-11.637239001,-7.546097601,-3.746941663
-11.678354178,-7.517645146,-3.746941663
-11.719543236,-7.489301042,-3.744318838
-11.761047111,-7.461418640,-3.733142333
-11.802550986,-7.433536237,-3.733142333
-11.844054861,-7.405653835,-3.733142333
-11.885558736,-7.377771433,-3.733142333
-11.927062611,-7.349889030,-3.733142333
-11.968566486,-7.322006628,-3.733142333
-12.010070361,-7.294124226,-3.733142333
-12.051631774,-7.266328814,-3.731056409
-12.093531785,-7.239045319,-3.718780957
-12.135431796,-7.211761824,-3.718780957
-12.177331807,-7.184478330,-3.718780957
-12.219231818,-7.157194835,-3.718780957
-12.261131829,-7.129911340,-3.718780957
-12.303031840,-7.102627846,-3.718780957
-12.344931851,-7.075344351,-3.718780957
-12.386852475,-7.048092768,-3.718021156
-12.428951371,-7.021117168,-3.711450062
-12.471050267,-6.994141568,-3.711450062
-12.513149162,-6.967165968,-3.711450062
-12.555248058,-6.940190369,-3.711450062
-12.597346954,-6.913214769,-3.711450062
-12.639445849,-6.886239169,-3.711450062
-12.681544745,-6.859263569,-3.711450062
-12.723628283,-6.832264230,-3.712015552
-12.765490977,-6.804923512,-3.720147256
-12.807353672,-6.777582795,-3.720147256
-12.849216366,-6.750242078,-3.720147256
-12.891079060,-6.722901361,-3.720147256
-12.932941755,-6.695560644,-3.720147256
-12.974804449,-6.668219926,-3.720147256
-13.016667144,-6.640879209,-3.720147256
-13.058517584,-6.613520037,-3.720590312
-13.099960638,-6.585547313,-3.735320151
-13.141403692,-6.557574589,-3.735320151
-13.182846745,-6.529601865,-3.735320151
-13.224289799,-6.501629141,-3.735320151
-13.265732853,-6.473656417,-3.735320151
-13.307175907,-6.445683693,-3.735320151
-13.348618961,-6.417710969,-3.735320151
-13.390062015,-6.389738245,-3.735320151
-13.431163606,-6.361266193,-3.747418561
-13.472263807,-6.332792109,-3.747467830
-13.513364008,-6.304318024,-3.747467830
-13.554464208,-6.275843939,-3.747467830
-13.595564409,-6.247369855,-3.747467830
-13.636664610,-6.218895770,-3.747467830
-13.677764811,-6.190421685,-3.747467830
-13.718865011,-6.161947601,-3.747467830
-13.759934704,-6.133429532,-3.748538409
-13.801003292,-6.104909871,-3.748577169
-13.842071880,-6.076390210,-3.748577169
-13.883140468,-6.047870549,-3.748577169
-13.924209056,-6.019350887,-3.748577169
-13.965277644,-5.990831226,-3.748577169
-14.006346232,-5.962311565,-3.748577169
-14.047414821,-5.933791904,-3.748577169
-14.088815432,-5.905756820,-3.736828800
-14.130238597,-5.877754653,-3.736030776
-14.171661763,-5.849752485,-3.736030776
-14.213084928,-5.821750318,-3.736030776
-14.254508093,-5.793748150,-3.736030776
-14.295931258,-5.765745983,-3.736030776
-14.337354424,-5.737743816,-3.736030776
-14.378777589,-5.709741648,-3.736030776
-14.420577861,-5.682306428,-3.722412411
-14.462415524,-5.654927423,-3.721062128
-14.504253188,-5.627548419,-3.721062128
-14.546090852,-5.600169414,-3.721062128
-14.587928515,-5.572790409,-3.721062128
-14.629766179,-5.545411404,-3.721062128
-14.671603843,-5.518032400,-3.721062128
-14.713441506,-5.490653395,-3.721062128
-14.755505216,-5.463623377,-3.712746101
-14.797598280,-5.436638679,-3.711666210
-14.839691344,-5.409653980,-3.711666210
-14.881784408,-5.382669281,-3.711666210
-14.923877472,-5.355684582,-3.711666210
-14.965970536,-5.328699884,-3.711666210
-15.008063600,-5.301715185,-3.711666210
-15.050156664,-5.274730486,-3.711666210
-15.092111903,-5.247532185,-3.716750380
-15.134045093,-5.220299712,-3.717563731
-15.175978283,-5.193067240,-3.717563731
-15.217911473,-5.165834767,-3.717563731
-15.259844663,-5.138602294,-3.717563731
-15.301777853,-5.111369821,-3.717563731
-15.343711043,-5.084137349,-3.717563731
-15.385644233,-5.056904876,-3.717563731
-15.427237661,-5.029157539,-3.729901200
-15.468766739,-5.001312688,-3.732237839
-15.510295816,-4.973467838,-3.732237839
-15.551824894,-4.945622987,-3.732237839
-15.593353971,-4.917778136,-3.732237839
-15.634883049,-4.889933285,-3.732237839
-15.676412126,-4.862088434,-3.732237839
-15.717941204,-4.834243583,-3.732237839
-15.759163747,-4.805948051,-3.743138912
-15.800319433,-4.777554223,-3.745516439
-15.841475120,-4.749160395,-3.745516439
-15.882630807,-4.720766567,-3.745516439
-15.923786493,-4.692372739,-3.745516439
-15.964942180,-4.663978911,-3.745516439
-16.006097866,-4.635585083,-3.745516439
-16.047253553,-4.607191255,-3.745516439
-16.088299037,-4.578638514,-3.749384164
-16.129317403,-4.550046669,-3.750335889
-16.170335770,-4.521454823,-3.750335889
-16.211354136,-4.492862978,-3.750335889
-16.252372503,-4.464271133,-3.750335889
-16.293390869,-4.435679288,-3.750335889
-16.334409236,-4.407087443,-3.750335889
-16.375427602,-4.378495597,-3.750335889
-16.416689754,-4.350257602,-3.741741857
-16.458018523,-4.322116301,-3.739393446
-16.499347292,-4.293974999,-3.739393446
-16.540676061,-4.265833698,-3.739393446
-16.582004831,-4.237692397,-3.739393446
-16.623333600,-4.209551096,-3.739393446
-16.664662369,-4.181409794,-3.739393446
-16.705991138,-4.153268493,-3.739393446
-16.747652081,-4.125623258,-3.727453062
-16.789412543,-4.098126642,-3.723875855
-16.831173004,-4.070630026,-3.723875855
-16.872933465,-4.043133410,-3.723875855
-16.914693926,-4.015636794,-3.723875855
-16.956454387,-3.988140178,-3.723875855
-16.998214848,-3.960643562,-3.723875855
-17.039975309,-3.933146946,-3.723875855
-17.081966857,-3.906005622,-3.715399146
-17.124033535,-3.878979808,-3.712643292
-17.166100213,-3.851953994,-3.712643292
-17.208166890,-3.824928180,-3.712643292
-17.250233568,-3.797902366,-3.712643292
-17.292300246,-3.770876551,-3.712643292
-17.334366923,-3.743850737,-3.712643292
-17.376433601,-3.716824923,-3.712643292
-17.418464893,-3.689744137,-3.713950814
-17.460483808,-3.662644122,-3.714408178
-17.502502722,-3.635544107,-3.714408178
-17.544521637,-3.608444092,-3.714408178
-17.586540552,-3.581344077,-3.714408178
-17.628559466,-3.554244062,-3.714408178
-17.670578381,-3.527144047,-3.714408178
-17.712597296,-3.500044032,-3.714408178
-17.754343705,-3.472527767,-3.724358633
-17.795988312,-3.444855999,-3.728075873
-17.837632919,-3.417184232,-3.728075873
-17.879277525,-3.389512464,-3.728075873
-17.920922132,-3.361840697,-3.728075873
-17.962566739,-3.334168929,-3.728075873
-18.004211346,-3.306497161,-3.728075873
-18.045855953,-3.278825394,-3.728075873
-18.087208004,-3.250720243,-3.738533728
-18.128444068,-3.222443274,-3.742679776
-18.169680133,-3.194166305,-3.742679776
-18.210916198,-3.165889336,-3.742679776
-18.252152262,-3.137612367,-3.742679776
-18.293388327,-3.109335398,-3.742679776
-18.334624391,-3.081058429,-3.742679776
-18.375860456,-3.052781460,-3.742679776
-18.416938515,-3.024276009,-3.748235685
-18.457950452,-2.995674941,-3.750560745
-18.498962388,-2.967073874,-3.750560745
-18.539974325,-2.938472806,-3.750560745
-18.580986261,-2.909871738,-3.750560745
-18.621998197,-2.881270671,-3.750560745
-18.663010134,-2.852669603,-3.750560745
-18.704022070,-2.824068535,-3.750560745
-18.745196859,-2.795703052,-3.744832864
-18.786443252,-2.767441150,-3.742314433
-18.827689645,-2.739179248,-3.742314433
-18.868936037,-2.710917346,-3.742314433
-18.910182430,-2.682655444,-3.742314433
-18.951428823,-2.654393543,-3.742314433
-18.992675215,-2.626131641,-3.742314433
-19.033921608,-2.597869739,-3.742314433
-19.075458052,-2.570038103,-3.731936252
-19.117127904,-2.542404365,-3.727162952
-19.158797755,-2.514770628,-3.727162952
-19.200467607,-2.487136890,-3.727162952
-19.242137459,-2.459503152,-3.727162952
-19.283807310,-2.431869414,-3.727162952
-19.325477162,-2.404235676,-3.727162952
-19.367147013,-2.376601938,-3.727162952
-19.409046654,-2.349319423,-3.718768583
-19.451056447,-2.322205270,-3.714744680
-19.493066240,-2.295091117,-3.714744680
-19.535076033,-2.267976964,-3.714744680
-19.577085826,-2.240862811,-3.714744680
-19.619095619,-2.213748658,-3.714744680
-19.661105413,-2.186634505,-3.714744680
-19.703115206,-2.159520352,-3.714744680
-19.745162114,-2.132463827,-3.713373776
-19.787224253,-2.105430950,-3.712811194
-19.829286393,-2.078398073,-3.712811194
-19.871348532,-2.051365196,-3.712811194
-19.913410671,-2.024332319,-3.712811194
-19.955472811,-1.997299442,-3.712811194
-19.997534950,-1.970266565,-3.712811194
-20.039597089,-1.943233688,-3.712811194
-20.081399050,-1.915801362,-3.722345491
-20.123128283,-1.888257376,-3.725010597
-20.164857515,-1.860713391,-3.725010597
-20.206586748,-1.833169405,-3.725010597
-20.248315981,-1.805625419,-3.725010597
-20.290045213,-1.778081434,-3.725010597
-20.331774446,-1.750537448,-3.725010597
-20.373503679,-1.722993463,-3.725010597
-20.414866866,-1.694903527,-3.738156865
-20.456194245,-1.666760184,-3.739442839
-20.497521624,-1.638616842,-3.739442839
-20.538849003,-1.610473499,-3.739442839
-20.580176382,-1.582330157,-3.739442839
-20.621503762,-1.554186814,-3.739442839
-20.662831141,-1.526043471,-3.739442839
-20.704132251,-1.497861958,-3.740369565
-20.745181039,-1.469313807,-3.749271053
-20.786229828,-1.440765656,-3.749271053
-20.827278617,-1.412217505,-3.749271053
-20.868327406,-1.383669353,-3.749271053
-20.909376195,-1.355121202,-3.749271053
-20.950424984,-1.326573051,-3.749271053
-20.991473773,-1.298024900,-3.749271053
-21.032444346,-1.269365268,-3.751994700
-21.073256456,-1.240479774,-3.757512846
-21.114068565,-1.211594281,-3.757512846
-21.154880675,-1.182708788,-3.757512846
-21.195692784,-1.153823295,-3.757512846
-21.236504893,-1.124937801,-3.757512846
-21.277317003,-1.096052308,-3.757512846
-21.318129112,-1.067166815,-3.757512846
-21.358955179,-1.038301058,-3.757029388
-21.399789838,-1.009447452,-3.756731742
-21.440624498,-0.980593846,-3.756731742
-21.481459157,-0.951740240,-3.756731742
-21.522293817,-0.922886634,-3.756731742
-21.563128477,-0.894033028,-3.756731742
-21.603963136,-0.865179422,-3.756731742
-21.644797796,-0.836325816,-3.756731742
-21.685958852,-0.807940014,-3.745323310
-21.727133680,-0.779573951,-3.744841969
-21.768308508,-0.751207888,-3.744841969
-21.809483336,-0.722841825,-3.744841969
-21.850658164,-0.694475762,-3.744841969
-21.891832992,-0.666109699,-3.744841969
-21.933007820,-0.637743635,-3.744841969
-21.974411481,-0.609718175,-3.736635231
-22.016237019,-0.582320650,-3.721504851
-22.058062557,-0.554923126,-3.721504851
-22.099888096,-0.527525601,-3.721504851
-22.141713634,-0.500128077,-3.721504851
-22.183539172,-0.472730552,-3.721504851
-22.225364710,-0.445333027,-3.721504851
-22.267190249,-0.417935503,-3.721504851
-22.309748541,-0.391699953,-3.694028360
-22.352496201,-0.365764696,-3.686928386
-22.395243860,-0.339829438,-3.686928386
-22.437991520,-0.313894180,-3.686928386
-22.480739180,-0.287958922,-3.686928386
-22.523486839,-0.262023665,-3.686928386
-22.566234499,-0.236088407,-3.686928386
-22.609312216,-0.210726485,-3.673697579
-22.653206806,-0.186783531,-3.640947274
-22.697101395,-0.162840578,-3.640947274
-22.740995985,-0.138897625,-3.640947274
-22.784890574,-0.114954672,-3.640947274
-22.828785164,-0.091011718,-3.640947274
-22.872679753,-0.067068765,-3.640947274
-22.916574343,-0.043125812,-3.640947274
-22.961475019,-0.021162118,-3.596532136
-23.006687028,0.000189094,-3.582791965
-23.051899037,0.021540305,-3.582791965
-23.097111046,0.042891517,-3.582791965
-23.142323054,0.064242729,-3.582791965
-23.187535063,0.085593941,-3.582791965
-23.232747072,0.106945153,-3.582791965
-23.277959081,0.128296365,-3.582791965
-23.324155936,0.147338071,-3.532560031
-23.370862733,0.165183942,-3.506558545
-23.417569530,0.183029814,-3.506558545
-23.464276327,0.200875686,-3.506558545
-23.510983124,0.218721557,-3.506558545
-23.557689920,0.236567429,-3.506558545
-23.604396717,0.254413300,-3.506558545
-23.651103514,0.272259172,-3.506558545
-23.698906544,0.286507937,-3.431280097
-23.747627671,0.297744119,-3.368252056
-23.796348798,0.308980300,-3.368252056
-23.845069925,0.320216482,-3.368252056
-23.893791052,0.331452663,-3.368252056
-23.942512179,0.342688845,-3.368252056
-23.991233306,0.353925026,-3.368252056
-24.039954433,0.365161208,-3.368252056
-24.089159067,0.373252981,-3.304585224
-24.139005149,0.377173201,-3.220077599
-24.188851231,0.381093421,-3.220077599
-24.238697313,0.385013640,-3.220077599
-24.288543395,0.388933860,-3.220077599
-24.338389477,0.392854080,-3.220077599
-24.388235558,0.396774300,-3.220077599
-24.438081640,0.400694519,-3.220077599
-24.487948957,0.402418528,-3.176150816
-24.537861519,0.399462838,-3.082444359
-24.587774081,0.396507147,-3.082444359
-24.637686644,0.393551456,-3.082444359
-24.687599206,0.390595766,-3.082444359
-24.737511769,0.387640075,-3.082444359
-24.787424331,0.384684385,-3.082444359
-24.837336894,0.381728694,-3.082444359
-24.887096796,0.377498519,-3.056784849
-24.936295407,0.368582429,-2.962311985
-24.985494017,0.359666338,-2.962311985
-25.034692628,0.350750247,-2.962311985
-25.083891239,0.341834156,-2.962311985
-25.133089850,0.332918065,-2.962311985
-25.182288461,0.324001974,-2.962311985
-25.231487072,0.315085883,-2.962311985
-25.280559040,0.305623139,-2.951096866
-25.328666310,0.291996307,-2.865564162
-25.376773580,0.278369475,-2.865564162
-25.424880851,0.264742643,-2.865564162
-25.472988121,0.251115811,-2.865564162
-25.521095391,0.237488979,-2.865564162
-25.569202661,0.223862147,-2.865564162
-25.617309932,0.210235315,-2.865564162
-25.665384757,0.196507122,-2.863436679
-25.712462980,0.179665480,-2.798041505
-25.759541203,0.162823838,-2.798041505
-25.806619426,0.145982195,-2.798041505
-25.853697649,0.129140553,-2.798041505
-25.900775872,0.112298911,-2.798041505
-25.947854095,0.095457269,-2.798041505
-25.994932318,0.078615626,-2.798041505
-26.042010541,0.061773984,-2.798041505
-26.087953735,0.042056148,-2.736188013
-26.133845896,0.022208994,-2.733408758
-26.179738058,0.002361839,-2.733408758
-26.225630219,-0.017485315,-2.733408758
-26.271522380,-0.037332469,-2.733408758
-26.317414541,-0.057179623,-2.733408758
-26.363306703,-0.077026777,-2.733408758
-26.409198864,-0.096873932,-2.733408758
-26.453680631,-0.119680808,-2.667817618
-26.498002484,-0.142823265,-2.660385983
-26.542324338,-0.165965723,-2.660385983
-26.586646191,-0.189108180,-2.660385983
-26.630968044,-0.212250638,-2.660385983
-26.675289897,-0.235393095,-2.660385983
-26.719611750,-0.258535553,-2.660385983
-26.763933603,-0.281678010,-2.660385983
-26.806380869,-0.308056743,-2.585552284
-26.848507553,-0.334988926,-2.572766193
-26.890634237,-0.361921110,-2.572766193
-26.932760920,-0.388853294,-2.572766193
-26.974887604,-0.415785477,-2.572766193
-27.017014288,-0.442717661,-2.572766193
-27.059140972,-0.469649845,-2.572766193
-27.101267655,-0.496582028,-2.572766193
-27.140643698,-0.527318725,-2.478797244
-27.179422859,-0.558880992,-2.458434806
-27.218202020,-0.590443259,-2.458434806
-27.256981180,-0.622005527,-2.458434806
-27.295760341,-0.653567794,-2.458434806
-27.334539501,-0.685130061,-2.458434806
-27.373318662,-0.716692328,-2.458434806
-27.412097823,-0.748254595,-2.458434806
-27.447467161,-0.783505180,-2.357876065
-27.481970737,-0.819692240,-2.332384192
-27.516474313,-0.855879299,-2.332384192
-27.550977889,-0.892066358,-2.332384192
-27.585481465,-0.928253417,-2.332384192
-27.619985041,-0.964440476,-2.332384192
-27.654488617,-1.000627535,-2.332384192
-27.688992192,-1.036814594,-2.332384192
-27.719851290,-1.076075170,-2.236946685
-27.749696474,-1.116190816,-2.210432614
-27.779541657,-1.156306462,-2.210432614
-27.809386841,-1.196422107,-2.210432614
-27.839232024,-1.236537753,-2.210432614
-27.869077208,-1.276653398,-2.210432614
-27.898922391,-1.316769044,-2.210432614
-27.928767575,-1.356884690,-2.210432614
-27.955141716,-1.399304775,-2.127045861
-27.980527843,-1.442380807,-2.103335521
-28.005913971,-1.485456839,-2.103335521
-28.031300098,-1.528532871,-2.103335521
-28.056686225,-1.571608903,-2.103335521
-28.082072352,-1.614684936,-2.103335521
-28.107458479,-1.657760968,-2.103335521
-28.132844607,-1.700837000,-2.103335521
-28.155098032,-1.745573723,-2.032386499
-28.176501575,-1.790760982,-2.013153414
-28.197905118,-1.835948241,-2.013153414
-28.219308661,-1.881135499,-2.013153414
-28.240712204,-1.926322758,-2.013153414
-28.262115747,-1.971510017,-2.013153414
-28.283519290,-2.016697275,-2.013153414
-28.304922833,-2.061884534,-2.013153414
-28.323576738,-2.108251519,-1.953292557
-28.341575027,-2.154899794,-1.939027549
-28.359573316,-2.201548069,-1.939027549
-28.377571606,-2.248196345,-1.939027549
-28.395569895,-2.294844620,-1.939027549
-28.413568184,-2.341492895,-1.939027549
-28.431566474,-2.388141170,-1.939027549
-28.449564763,-2.434789445,-1.939027549
-28.465191274,-2.482272303,-1.888730203
-28.480371178,-2.529912313,-1.879263037
-28.495551082,-2.577552322,-1.879263037
-28.510730985,-2.625192332,-1.879263037
-28.525910889,-2.672832342,-1.879263037
-28.541090793,-2.720472351,-1.879263037
-28.556270697,-2.768112361,-1.879263037
-28.571450600,-2.815752371,-1.879263037
-28.584615178,-2.863982474,-1.837258975
-28.597527944,-2.912286309,-1.832012138
-28.610440709,-2.960590144,-1.832012138
-28.623353475,-3.008893980,-1.832012138
-28.636266240,-3.057197815,-1.832012138
-28.649179006,-3.105501650,-1.832012138
-28.662091771,-3.153805485,-1.832012138
-28.675004537,-3.202109320,-1.832012138
-28.686278391,-3.250819675,-1.798238360
-28.697436390,-3.299558766,-1.795851342
-28.708594390,-3.348297858,-1.795851342
-28.719752390,-3.397036949,-1.795851342
-28.730910389,-3.445776041,-1.795851342
-28.742068389,-3.494515133,-1.795851342
-28.753226388,-3.543254224,-1.795851342
-28.764384388,-3.591993316,-1.795851342
-28.774337489,-3.640992275,-1.771198564
-28.784260682,-3.689997686,-1.770586666
-28.794183874,-3.739003096,-1.770586666
-28.804107066,-3.788008507,-1.770586666
-28.814030258,-3.837013917,-1.770586666
-28.823953451,-3.886019328,-1.770586666
-28.833876643,-3.935024738,-1.770586666
-28.843790591,-3.984031957,-1.770398278
-28.853067902,-4.033163734,-1.757424032
-28.862345213,-4.082295511,-1.757424032
-28.871622524,-4.131427288,-1.757424032
-28.880899835,-4.180559065,-1.757424032
-28.890177146,-4.229690842,-1.757424032
-28.899454457,-4.278822619,-1.757424032
-28.908731768,-4.327954396,-1.757424032
-28.918029446,-4.377082239,-1.757838908
-28.927715662,-4.426135039,-1.765753287
-28.937401877,-4.475187840,-1.765753287
-28.947088093,-4.524240640,-1.765753287
-28.956774308,-4.573293440,-1.765753287
-28.966460524,-4.622346241,-1.765753287
-28.976146740,-4.671399041,-1.765753287
-28.985832955,-4.720451842,-1.765753287
-28.995597229,-4.769488445,-1.767347656
-29.006227651,-4.818345319,-1.785039990
-29.016858073,-4.867202192,-1.785039990
-29.027488495,-4.916059066,-1.785039990
-29.038118918,-4.964915940,-1.785039990
-29.048749340,-5.013772814,-1.785039990
-29.059379762,-5.062629688,-1.785039990
-29.070010184,-5.111486562,-1.785039990
-29.080738911,-5.160321126,-1.787056030
-29.092238664,-5.208980716,-1.802868926
-29.103738416,-5.257640306,-1.802868926
-29.115238169,-5.306299896,-1.802868926
-29.126737922,-5.354959486,-1.802868926
-29.138237674,-5.403619076,-1.802868926
-29.149737427,-5.452278666,-1.802868926
-29.161237180,-5.500938256,-1.802868926
-29.172804006,-5.549581648,-1.804248957
-29.184778912,-5.598126489,-1.812645214
-29.196753817,-5.646671331,-1.812645214
-29.208728723,-5.695216172,-1.812645214
-29.220703629,-5.743761013,-1.812645214
-29.232678534,-5.792305855,-1.812645214
-29.244653440,-5.840850696,-1.812645214
-29.256628346,-5.889395538,-1.812645214
-29.268534075,-5.937957131,-1.811221697
-29.280094928,-5.986602241,-1.804124788
-29.291655781,-6.035247350,-1.804124788
-29.303216635,-6.083892460,-1.804124788
-29.314777488,-6.132537569,-1.804124788
-29.326338341,-6.181182679,-1.804124788
-29.337899194,-6.229827788,-1.804124788
-29.349460048,-6.278472897,-1.804124788
-29.360866181,-6.327153422,-1.800950389
-29.371617241,-6.375983891,-1.787509869
-29.382368301,-6.424814360,-1.787509869
-29.393119361,-6.473644829,-1.787509869
-29.403870421,-6.522475298,-1.787509869
-29.414621482,-6.571305767,-1.787509869
-29.425372542,-6.620136236,-1.787509869
-29.436123602,-6.668966705,-1.787509869
-29.446724381,-6.717829128,-1.784437077
-29.456770682,-6.766809449,-1.773099447
-29.466816983,-6.815789770,-1.773099447
-29.476863283,-6.864770091,-1.773099447
-29.486909584,-6.913750412,-1.773099447
-29.496955885,-6.962730733,-1.773099447
-29.507002185,-7.011711054,-1.773099447
-29.517048486,-7.060691375,-1.773099447
-29.527035836,-7.109683629,-1.771896522
-29.536829896,-7.158715011,-1.767952317
-29.546623957,-7.207746392,-1.767952317
-29.556418018,-7.256777774,-1.767952317
-29.566212078,-7.305809155,-1.767952317
-29.576006139,-7.354840537,-1.767952317
-29.585800199,-7.403871918,-1.767952317
-29.595594260,-7.452903300,-1.767952317
-29.605531974,-7.501905118,-1.770885582
-29.615894745,-7.550819462,-1.779564959
-29.626257517,-7.599733805,-1.779564959
-29.636620288,-7.648648148,-1.779564959
-29.646983059,-7.697562491,-1.779564959
-29.657345830,-7.746476834,-1.779564959
-29.667708602,-7.795391178,-1.779564959
-29.678071373,-7.844305521,-1.779564959
-29.688648225,-7.893172691,-1.783949273
-29.699803674,-7.941912366,-1.795799014
-29.710959123,-7.990652042,-1.795799014
-29.722114572,-8.039391717,-1.795799014
-29.733270022,-8.088131392,-1.795799014
-29.744425471,-8.136871068,-1.795799014
-29.755580920,-8.185610743,-1.795799014
-29.766736369,-8.234350419,-1.795799014
-29.778058374,-8.283050924,-1.799221013
-29.789795782,-8.331653735,-1.807755808
-29.801533190,-8.380256546,-1.807755808
-29.813270598,-8.428859357,-1.807755808
-29.825008006,-8.477462168,-1.807755808
-29.836745414,-8.526064979,-1.807755808
-29.848482822,-8.574667790,-1.807755808
-29.860220230,-8.623270602,-1.807755808
-29.871948866,-8.671875529,-1.807575321
-29.883657134,-8.720485368,-1.807156314
-29.895365403,-8.769095206,-1.807156314
-29.907073672,-8.817705045,-1.807156314
-29.918781941,-8.866314884,-1.807156314
-29.930490210,-8.914924723,-1.807156314
-29.942198479,-8.963534562,-1.807156314
-29.953906747,-9.012144401,-1.807156314
-29.965406031,-9.060803072,-1.802864023
-29.976450421,-9.109568033,-1.793520991
-29.987494811,-9.158332994,-1.793520991
-29.998539201,-9.207097955,-1.793520991
-30.009583591,-9.255862917,-1.793520991
-30.020627982,-9.304627878,-1.793520991
-30.031672372,-9.353392839,-1.793520991
-30.042716762,-9.402157800,-1.793520991
-30.053517255,-9.450976049,-1.788527990
-30.063816886,-9.499903726,-1.778274287
-30.074116516,-9.548831403,-1.778274287
-30.084416146,-9.597759081,-1.778274287
-30.094715777,-9.646686758,-1.778274287
-30.105015407,-9.695614436,-1.778274287
-30.115315037,-9.744542113,-1.778274287
-30.125614668,-9.793469790,-1.778274287
-30.135762462,-9.842428706,-1.775173951
-30.145614425,-9.891448486,-1.769133386
-30.155466388,-9.940468266,-1.769133386
-30.165318351,-9.989488046,-1.769133386
-30.175170314,-10.038507826,-1.769133386
-30.185022278,-10.087527606,-1.769133386
-30.194874241,-10.136547386,-1.769133386
-30.204726204,-10.185567166,-1.769133386
-30.214695489,-10.234562948,-1.771528413
-30.224882731,-10.283514150,-1.775977798
-30.235069972,-10.332465351,-1.775977798
-30.245257213,-10.381416552,-1.775977798
-30.255444455,-10.430367754,-1.775977798
-30.265631696,-10.479318955,-1.775977798
-30.275818938,-10.528270156,-1.775977798
-30.286006179,-10.577221358,-1.775977798
-30.296459220,-10.626115145,-1.781416405
-30.307385066,-10.674906803,-1.791090723
-30.318310911,-10.723698461,-1.791090723
-30.329236757,-10.772490119,-1.791090723
-30.340162603,-10.821281777,-1.791090723
-30.351088448,-10.870073435,-1.791090723
-30.362014294,-10.918865093,-1.791090723
-30.372940140,-10.967656751,-1.791090723
-30.384104338,-11.016393373,-1.795983223
-30.395676077,-11.065035894,-1.804348568
-30.407247816,-11.113678415,-1.804348568
-30.418819555,-11.162320937,-1.804348568
-30.430391294,-11.210963458,-1.804348568
-30.441963032,-11.259605979,-1.804348568
-30.453534771,-11.308248500,-1.804348568
-30.465106510,-11.356891021,-1.804348568
-30.476758171,-11.405514345,-1.805992467
-30.488541650,-11.454106007,-1.808703824
-30.500325129,-11.502697670,-1.808703824
-30.512108608,-11.551289332,-1.808703824
-30.523892087,-11.599880994,-1.808703824
-30.535675566,-11.648472656,-1.808703824
-30.547459045,-11.697064318,-1.808703824
-30.559242524,-11.745655980,-1.808703824
-30.570811568,-11.794298345,-1.804296854
-30.582038345,-11.843021640,-1.797262716
-30.593265123,-11.891744935,-1.797262716
-30.604491900,-11.940468230,-1.797262716
-30.615718678,-11.989191525,-1.797262716
-30.626945455,-12.037914820,-1.797262716
-30.638172232,-12.086638115,-1.797262716
-30.649399010,-12.135361410,-1.797262716
-30.660326216,-12.184151269,-1.791125127
-30.670789428,-12.233044225,-1.781618808
-30.681252640,-12.281937181,-1.781618808
-30.691715852,-12.330830138,-1.781618808
-30.702179064,-12.379723094,-1.781618808
-30.712642276,-12.428616051,-1.781618808
-30.723105488,-12.477509007,-1.781618808
-30.733568700,-12.526401964,-1.781618808
-30.743814130,-12.575340257,-1.777169786
-30.753731365,-12.624346874,-1.770465087
-30.763648599,-12.673353491,-1.770465087
-30.773565833,-12.722360107,-1.770465087
-30.783483067,-12.771366724,-1.770465087
-30.793400301,-12.820373340,-1.770465087
-30.803317535,-12.869379957,-1.770465087
-30.813234770,-12.918386573,-1.770465087
-30.823193470,-12.967384753,-1.771311410
-30.833213122,-13.016370533,-1.772555397
-30.843232773,-13.065356312,-1.772555397
-30.853252425,-13.114342092,-1.772555397
-30.863272076,-13.163327871,-1.772555397
-30.873291728,-13.212313651,-1.772555397
-30.883311379,-13.261299430,-1.772555397
-30.893331030,-13.310285209,-1.772555397
-30.903628820,-13.359212087,-1.778241554
-30.914326199,-13.408054345,-1.786410652
-30.925023577,-13.456896602,-1.786410652
-30.935720955,-13.505738859,-1.786410652
-30.946418334,-13.554581117,-1.786410652
-30.957115712,-13.603423374,-1.786410652
-30.967813091,-13.652265631,-1.786410652
-30.978510469,-13.701107888,-1.786410652
-30.989504722,-13.749882841,-1.792498847
-31.000916641,-13.798563105,-1.801064251
-31.012328560,-13.847243369,-1.801064251
-31.023740480,-13.895923633,-1.801064251
-31.035152399,-13.944603897,-1.801064251
-31.046564318,-13.993284161,-1.801064251
-31.057976237,-14.041964425,-1.801064251
-31.069388157,-14.090644689,-1.801064251
-31.080961781,-14.139286377,-1.804389118
-31.092754179,-14.187875876,-1.808887374
-31.104546577,-14.236465374,-1.808887374
-31.116338975,-14.285054872,-1.808887374
-31.128131372,-14.333644371,-1.808887374
-31.139923770,-14.382233869,-1.808887374
-31.151716168,-14.430823367,-1.808887374
-31.163508566,-14.479412866,-1.808887374
-31.175122539,-14.528044878,-1.805218967
-31.186508259,-14.576731276,-1.800526104
-31.197893980,-14.625417674,-1.800526104
-31.209279700,-14.674104073,-1.800526104
-31.220665421,-14.722790471,-1.800526104
-31.232051141,-14.771476869,-1.800526104
-31.243436861,-14.820163267,-1.800526104
-31.254822582,-14.868849665,-1.800526104
-31.265862666,-14.917614070,-1.793439454
-31.276491513,-14.966471287,-1.785007759
-31.287120361,-15.015328503,-1.785007759
-31.297749208,-15.064185719,-1.785007759
-31.308378056,-15.113042936,-1.785007759
-31.319006903,-15.161900152,-1.785007759
-31.329635751,-15.210757369,-1.785007759
-31.340264598,-15.259614585,-1.785007759
-31.350680879,-15.308517036,-1.780661208
-31.360865756,-15.357468729,-1.775929507
-31.371050634,-15.406420423,-1.775929507
-31.381235511,-15.455372116,-1.775929507
-31.391420389,-15.504323809,-1.775929507
-31.401605266,-15.553275502,-1.775929507
-31.411790144,-15.602227195,-1.775929507
-31.421975021,-15.651178889,-1.775929507
-31.432393385,-15.700080854,-1.780703987
-31.443038951,-15.748934431,-1.785349966
-31.453684517,-15.797788007,-1.785349966
-31.464330083,-15.846641583,-1.785349966
-31.474975650,-15.895495160,-1.785349966
-31.485621216,-15.944348736,-1.785349966
-31.496266782,-15.993202312,-1.785349966
-31.506912348,-16.042055889,-1.785349966
-31.517678557,-16.090882888,-1.787820673
-31.528546452,-16.139687487,-1.789903171
-31.539414348,-16.188492086,-1.789903171
-31.550282243,-16.237296684,-1.789903171
-31.561150138,-16.286101283,-1.789903171
-31.572018034,-16.334905882,-1.789903171
-31.582885929,-16.383710480,-1.789903171
-31.593753824,-16.432515079,-1.789903171
-31.604437686,-16.481360039,-1.786135000
-31.614992271,-16.530233353,-1.783488022
-31.625546856,-16.579106666,-1.783488022
-31.636101441,-16.627979979,-1.783488022
-31.646656026,-16.676853292,-1.783488022
-31.657210611,-16.725726605,-1.783488022
-31.667765196,-16.774599918,-1.783488022
-31.678319782,-16.823473231,-1.783488022
-31.688289981,-16.872467068,-1.771554083
-31.697933416,-16.921528297,-1.764881231
-31.707576851,-16.970589525,-1.764881231
-31.717220286,-17.019650754,-1.764881231
-31.726863721,-17.068711983,-1.764881231
-31.736507156,-17.117773211,-1.764881231
-31.746150591,-17.166834440,-1.764881231
-31.755794026,-17.215895669,-1.764881231
-31.764380902,-17.265147873,-1.743406388
-31.772522358,-17.314480587,-1.734353696
-31.780663814,-17.363813301,-1.734353696
-31.788805271,-17.413146015,-1.734353696
-31.796946727,-17.462478729,-1.734353696
-31.805088183,-17.511811444,-1.734353696
-31.813229639,-17.561144158,-1.734353696
-31.821371095,-17.610476872,-1.734353696
-31.827914776,-17.660039033,-1.702066850
-31.833984771,-17.709669217,-1.692496409
-31.840054765,-17.759299401,-1.692496409
-31.846124759,-17.808929585,-1.692496409
-31.852194754,-17.858559769,-1.692496409
-31.858264748,-17.908189953,-1.692496409
-31.864334743,-17.957820137,-1.692496409
-31.870404737,-18.007450321,-1.692496409
-31.874255300,-18.057291920,-1.647899177
-31.877664641,-18.107175549,-1.639036099
-31.881073982,-18.157059177,-1.639036099
-31.884483324,-18.206942806,-1.639036099
-31.887892665,-18.256826434,-1.639036099
-31.891302006,-18.306710063,-1.639036099
-31.894711347,-18.356593691,-1.639036099
-31.898120688,-18.406477320,-1.639036099
-31.898602428,-18.456464680,-1.580433267
-31.898732175,-18.506464511,-1.573391258
-31.898861921,-18.556464343,-1.573391258
-31.898991667,-18.606464175,-1.573391258
-31.899121414,-18.656464006,-1.573391258
-31.899251160,-18.706463838,-1.573391258
-31.899380907,-18.756463670,-1.573391258
-31.899510653,-18.806463501,-1.573391258
-31.895859918,-18.856322137,-1.497705038
-31.892000877,-18.906172992,-1.493538680
-31.888141836,-18.956023848,-1.493538680
-31.884282796,-19.005874704,-1.493538680
-31.880423755,-19.055725559,-1.493538680
-31.876564714,-19.105576415,-1.493538680
-31.872705673,-19.155427270,-1.493538680
-31.868846633,-19.205278126,-1.493538680
-31.860027136,-19.254493775,-1.393477363
-31.851200434,-19.303708502,-1.393332252
-31.842373731,-19.352923229,-1.393332252
-31.833547029,-19.402137956,-1.393332252
-31.824720327,-19.451352682,-1.393332252
-31.815893624,-19.500567409,-1.393332252
-31.807066922,-19.549782136,-1.393332252
-31.797984852,-19.598933547,-1.388079796
-31.782798055,-19.646571360,-1.262184924
-31.767611258,-19.694209172,-1.262184924
-31.752424462,-19.741846985,-1.262184924
-31.737237665,-19.789484798,-1.262184924
-31.722050868,-19.837122611,-1.262184924
-31.706864071,-19.884760423,-1.262184924
-31.691677275,-19.932398236,-1.262184924
-31.676013287,-19.979847422,-1.251939368
-31.654523717,-20.024993832,-1.126534582
-31.633034146,-20.070140243,-1.126534582
-31.611544576,-20.115286653,-1.126534582
-31.590055006,-20.160433063,-1.126534582
-31.568565435,-20.205579474,-1.126534582
-31.547075865,-20.250725884,-1.126534582
-31.525586295,-20.295872294,-1.126534582
-31.503516794,-20.340696715,-1.113283881
-31.476559520,-20.382807348,-1.001374163
-31.449602246,-20.424917981,-1.001374163
-31.422644972,-20.467028614,-1.001374163
-31.395687698,-20.509139246,-1.001374163
-31.368730424,-20.551249879,-1.001374163
-31.341773150,-20.593360512,-1.001374163
-31.314815876,-20.635471144,-1.001374163
-31.287298746,-20.677181173,-0.987615209
-31.256141856,-20.716286776,-0.898048046
-31.224984966,-20.755392379,-0.898048046
-31.193828076,-20.794497982,-0.898048046
-31.162671186,-20.833603585,-0.898048046
-31.131514296,-20.872709189,-0.898048046
-31.100357406,-20.911814792,-0.898048046
-31.069200516,-20.950920395,-0.898048046
-31.037574084,-20.989621405,-0.885655734
-31.003502436,-21.026215433,-0.821077577
-30.969430789,-21.062809460,-0.821077577
-30.935359142,-21.099403488,-0.821077577
-30.901287495,-21.135997515,-0.821077577
-30.867215847,-21.172591543,-0.821077577
-30.833144200,-21.209185570,-0.821077577
-30.799072553,-21.245779598,-0.821077577
-30.764519362,-21.281891477,-0.807451988
-30.727882549,-21.315917113,-0.748462140
-30.691245735,-21.349942748,-0.748462140
-30.654608922,-21.383968384,-0.748462140
-30.617972108,-21.417994020,-0.748462140
-30.581335295,-21.452019656,-0.748462140
-30.544698482,-21.486045292,-0.748462140
-30.508061668,-21.520070928,-0.748462140
-30.470870464,-21.553449434,-0.731423225
-30.431625712,-21.584430871,-0.668269626
-30.392380961,-21.615412309,-0.668269626
-30.353136209,-21.646393747,-0.668269626
-30.313891458,-21.677375184,-0.668269626
-30.274646706,-21.708356622,-0.668269626
-30.235401955,-21.739338060,-0.668269626
-30.196157203,-21.770319498,-0.668269626
-30.156239317,-21.800355406,-0.645062397
-30.114119571,-21.827298439,-0.569084009
-30.071999825,-21.854241471,-0.569084009
-30.029880079,-21.881184504,-0.569084009
-29.987760333,-21.908127536,-0.569084009
-29.945640587,-21.935070569,-0.569084009
-29.903520841,-21.962013601,-0.569084009
-29.861401095,-21.988956634,-0.569084009
-29.818537547,-22.014563367,-0.538506398
-29.773444295,-22.036164260,-0.446729005
-29.728351042,-22.057765152,-0.446729005
-29.683257789,-22.079366045,-0.446729005
-29.638164537,-22.100966938,-0.446729005
-29.593071284,-22.122567830,-0.446729005
-29.547978031,-22.144168723,-0.446729005
-29.502884779,-22.165769616,-0.446729005
-29.457173634,-22.185840349,-0.413733698
-29.409725123,-22.201608635,-0.320842012
-29.362276613,-22.217376920,-0.320842012
-29.314828102,-22.233145206,-0.320842012
-29.267379592,-22.248913492,-0.320842012
-29.219931081,-22.264681778,-0.320842012
-29.172482570,-22.280450064,-0.320842012
-29.125034060,-22.296218349,-0.320842012
-29.077176162,-22.310464783,-0.289328821
-29.028220341,-22.320629800,-0.204727475
-28.979264520,-22.330794817,-0.204727475
-28.930308698,-22.340959833,-0.204727475
-28.881352877,-22.351124850,-0.204727475
-28.832397056,-22.361289867,-0.204727475
-28.783441235,-22.371454883,-0.204727475
-28.734485413,-22.381619900,-0.204727475
-28.685325982,-22.390514623,-0.178999651
-28.635645660,-22.396159583,-0.113140428
-28.585965337,-22.401804543,-0.113140428
-28.536285015,-22.407449503,-0.113140428
-28.486604693,-22.413094463,-0.113140428
-28.436924370,-22.418739423,-0.113140428
-28.387244048,-22.424384383,-0.113140428
-28.337563726,-22.430029344,-0.113140428
-28.287800228,-22.434569999,-0.090992742
-28.237834848,-22.436430331,-0.037215213
-28.187869468,-22.438290662,-0.037215213
-28.137904088,-22.440150993,-0.037215213
-28.087938709,-22.442011324,-0.037215213
-28.037973329,-22.443871655,-0.037215213
-27.988007949,-22.445731986,-0.037215213
-27.938042570,-22.447592318,-0.037215213
-27.888078721,-22.448287210,-0.013907014
-27.838118402,-22.446295590,0.039842939
-27.788158084,-22.444303970,0.039842939
-27.738197765,-22.442312351,0.039842939
-27.688237446,-22.440320731,0.039842939
-27.638277127,-22.438329111,0.039842939
-27.588316809,-22.436337491,0.039842939
-27.538356490,-22.434345871,0.039842939
-27.488512858,-22.430971999,0.067586028
-27.438925700,-22.424559999,0.128594119
-27.389338542,-22.418147999,0.128594119
-27.339751384,-22.411736000,0.128594119
-27.290164226,-22.405324000,0.128594119
-27.240577067,-22.398912000,0.128594119
-27.190989909,-22.392500000,0.128594119
-27.141402751,-22.386088000,0.128594119
-27.092153971,-22.377877398,0.165197524
-27.043626871,-22.365830796,0.243326056
-26.995099772,-22.353784195,0.243326056
-26.946572672,-22.341737593,0.243326056
-26.898045572,-22.329690992,0.243326056
-26.849518473,-22.317644390,0.243326056
-26.800991373,-22.305597789,0.243326056
-26.752464274,-22.293551187,0.243326056
-26.704544209,-22.279582089,0.283648192
-26.657898368,-22.261577493,0.368366408
-26.611252526,-22.243572898,0.368366408
-26.564606684,-22.225568303,0.368366408
-26.517960843,-22.207563707,0.368366408
-26.471315001,-22.189559112,0.368366408
-26.424669159,-22.171554517,0.368366408
-26.378023318,-22.153549921,0.368366408
-26.332183112,-22.133780492,0.407167981
-26.288022215,-22.110332354,0.488116031
-26.243861318,-22.086884215,0.488116031
-26.199700422,-22.063436077,0.488116031
-26.155539525,-22.039987939,0.488116031
-26.111378628,-22.016539801,0.488116031
-26.067217731,-21.993091662,0.488116031
-26.023056834,-21.969643524,0.488116031
-25.979750493,-21.944767349,0.521400819
-25.938214235,-21.916933211,0.590387262
-25.896677977,-21.889099072,0.590387262
-25.855141719,-21.861264933,0.590387262
-25.813605461,-21.833430795,0.590387262
-25.772069203,-21.805596656,0.590387262
-25.730532945,-21.777762517,0.590387262
-25.688996687,-21.749928379,0.590387262
-25.648306291,-21.720934086,0.619104946
-25.609102388,-21.689900976,0.669586983
-25.569898484,-21.658867866,0.669586983
-25.530694580,-21.627834756,0.669586983
-25.491490676,-21.596801646,0.669586983
-25.452286772,-21.565768535,0.669586983
-25.413082868,-21.534735425,0.669586983
-25.373878965,-21.503702315,0.669586983
-25.335551164,-21.471640862,0.696608017
-25.298684096,-21.437864846,0.741670162
-25.261817028,-21.404088829,0.741670162
-25.224949960,-21.370312812,0.741670162
-25.188082892,-21.336536796,0.741670162
-25.151215824,-21.302760779,0.741670162
-25.114348756,-21.268984763,0.741670162
-25.077481688,-21.235208746,0.741670162
-25.041569634,-21.200470982,0.768778418
-25.007535472,-21.163842090,0.822101434
-24.973501310,-21.127213197,0.822101434
-24.939467147,-21.090584304,0.822101434
-24.905432985,-21.053955411,0.822101434
-24.871398822,-21.017326518,0.822101434
-24.837364660,-20.980697625,0.822101434
-24.803330498,-20.944068732,0.822101434
-24.770319915,-20.906589168,0.848712100
-24.740535888,-20.866428096,0.932683665
-24.710751860,-20.826267024,0.932683665
-24.680967833,-20.786105952,0.932683665
-24.651183805,-20.745944880,0.932683665
-24.621399777,-20.705783809,0.932683665
-24.591615750,-20.665622737,0.932683665
-24.561831722,-20.625461665,0.932683665
-24.535640571,-20.582949210,1.018635802
-24.510757895,-20.539580414,1.049904922
-24.485875219,-20.496211618,1.049904922
-24.460992543,-20.452842823,1.049904922
-24.436109867,-20.409474027,1.049904922
-24.411227192,-20.366105231,1.049904922
-24.386518903,-20.322648138,1.053809714
-24.366290347,-20.276922811,1.154286520
-24.346061791,-20.231197484,1.154286520
-24.325833235,-20.185472157,1.154286520
-24.305604679,-20.139746830,1.154286520
-24.285376123,-20.094021503,1.154286520
-24.265722357,-20.048070275,1.166633159
-24.249405278,-20.000807680,1.238365648
-24.233088198,-19.953545084,1.238365648
-24.216771118,-19.906282489,1.238365648
-24.200454039,-19.859019894,1.238365648
-24.184356419,-19.811689306,1.242958973
-24.171094929,-19.763480045,1.302354076
-24.157833439,-19.715270784,1.302354076
-24.144571949,-19.667061522,1.302354076
-24.131310459,-19.618852261,1.302354076
-24.118603941,-19.570506231,1.313784497
-24.107945735,-19.521655411,1.355983942
-24.097287528,-19.472804591,1.355983942
-24.086629322,-19.423953771,1.355983942
-24.076296878,-19.375035967,1.362635451
-24.066815906,-19.325943084,1.380021795
-24.057334935,-19.276850201,1.380021795
-24.047853963,-19.227757318,1.380021795
-24.038854881,-19.178575952,1.389820854
-24.030276962,-19.129317254,1.398385059
-24.021699044,-19.080058556,1.398385059
