x,y,yaw
0.000000000,0.000000000,0.119202078
0.050000000,-0.000000000,0.111899311
0.100000000,-0.000000000,0.097252980
0.150000000,-0.000000000,0.082521571
0.200000000,-0.000000000,0.067698617
0.250000000,-0.000000000,0.052777724
0.300000000,-0.000000000,0.037752577
0.350000000,-0.000000000,0.022616944
0.400000000,-0.000000000,0.007364687
0.450000000,-0.000000000,-0.008010228
0.500000000,-0.000000000,-0.023513727
0.550000000,-0.000000000,-0.039151608
0.600000000,-0.000000000,-0.054929536
0.650000000,-0.000000000,-0.070853026
0.700000000,-0.000000000,-0.086927427
0.750000000,-0.000000000,-0.103157911
0.799839801,-0.001775869,-0.119549447
0.849032610,-0.010723918,-0.136106791
0.898225419,-0.019671967,-0.152834460
0.947418227,-0.028620016,-0.169736713
0.996611036,-0.037568065,-0.186817527
1.045803844,-0.046516114,-0.204080576
1.094996653,-0.055464163,-0.221529203
1.144189462,-0.064412212,-0.239166395
1.193075505,-0.074494242,-0.255620692
1.240070431,-0.091566937,-0.273197892
1.287065358,-0.108639632,-0.293491856
1.334060284,-0.125712326,-0.314418932
1.381055210,-0.142785021,-0.335805700
1.428050136,-0.159857716,-0.357477088
1.475045063,-0.176930411,-0.379257092
1.522039989,-0.194003105,-0.400969644
1.568794888,-0.211609447,-0.421638536
1.612748395,-0.235444071,-0.441160986
1.656701901,-0.259278694,-0.460353771
1.700655407,-0.283113318,-0.479149778
1.744608914,-0.306947941,-0.497373866
1.788562420,-0.330782565,-0.514852672
1.832515926,-0.354617188,-0.531414331
1.876469433,-0.378451812,-0.546887872
1.920367894,-0.402374147,-0.560942915
1.960945437,-0.431588237,-0.575685310
2.001522980,-0.460802326,-0.591742395
2.042100522,-0.490016416,-0.607331097
2.082678065,-0.519230505,-0.622297519
2.123255608,-0.548444595,-0.636488995
2.163833151,-0.577658684,-0.649753718
2.204410693,-0.606872774,-0.661940113
2.244988236,-0.636086863,-0.672516300
2.282477503,-0.669153033,-0.683617704
2.319816850,-0.702406200,-0.696132435
2.357156198,-0.735659367,-0.708302480
2.394495545,-0.768912535,-0.719992713
2.431834893,-0.802165702,-0.731068553
2.469174240,-0.835418869,-0.741395682
2.506513588,-0.868672036,-0.750839623
2.543852935,-0.901925203,-0.758597946
2.579077508,-0.937396032,-0.766673989
2.614065657,-0.973114786,-0.776267169
2.649053806,-1.008833541,-0.785784319
2.684041956,-1.044552295,-0.795102935
2.719030105,-1.080271049,-0.804100700
2.754018254,-1.115989804,-0.812655323
2.789006403,-1.151708558,-0.820644315
2.823994553,-1.187427312,-0.826877222
2.857058322,-1.224918592,-0.833109987
2.889787223,-1.262718314,-0.840987152
2.922516124,-1.300518037,-0.849211326
2.955245025,-1.338317760,-0.857662850
2.987973926,-1.376117483,-0.866222244
3.020702827,-1.413917205,-0.874770036
3.053431728,-1.451716928,-0.883186629
3.086160629,-1.489516651,-0.890186962
3.116740972,-1.529051988,-0.897026784
3.146814425,-1.568996792,-0.905482871
3.176887879,-1.608941596,-0.914725114
3.206961333,-1.648886401,-0.924565556
3.237034786,-1.688831205,-0.934880917
3.267108240,-1.728776009,-0.945547804
3.297181693,-1.768720814,-0.956442531
3.327255147,-1.808665618,-0.966373695
3.354726278,-1.850407382,-0.975917477
3.381426667,-1.892681360,-0.986650147
3.408127055,-1.934955339,-0.998281080
3.434827443,-1.977229318,-1.010583921
3.461527831,-2.019503296,-1.023424497
3.488228219,-2.061777275,-1.036668103
3.514928607,-2.104051254,-1.050179368
3.541628996,-2.146325232,-1.062928300
3.564742672,-2.190593626,-1.075308803
3.586564261,-2.235580494,-1.088674077
3.608385849,-2.280567361,-1.102825686
3.630207438,-2.325554229,-1.117497100
3.652029027,-2.370541097,-1.132543185
3.673850615,-2.415527965,-1.147818107
3.695672204,-2.460514832,-1.163175399
3.717493792,-2.505501700,-1.177811411
3.735237736,-2.552158251,-1.192192237
3.751234544,-2.599530207,-1.207419103
3.767231351,-2.646902162,-1.223151194
3.783228159,-2.694274117,-1.239066492
3.799224967,-2.741646072,-1.255015121
3.815221775,-2.789018027,-1.270847181
3.831218583,-2.836389982,-1.286412969
3.847215391,-2.883761938,-1.300973143
3.859257020,-2.932203904,-1.315105162
3.869325556,-2.981179659,-1.329932282
3.879394092,-3.030155414,-1.345021691
3.889462629,-3.079131169,-1.359981985
3.899531165,-3.128106924,-1.374666030
3.909599702,-3.177082679,-1.388927320
3.919668238,-3.226058434,-1.402619973
3.929736775,-3.275034189,-1.414971286
3.936392453,-3.324520792,-1.426809594
3.941105635,-3.374298156,-1.439542247
3.945818816,-3.424075519,-1.452599970
3.950531998,-3.473852883,-1.465460373
3.955245179,-3.523630246,-1.477983661
3.959958361,-3.573407610,-1.490030490
3.964671542,-3.623184973,-1.501461794
3.969384724,-3.672962337,-1.511385953
3.971587383,-3.722873930,-1.520646712
3.972208781,-3.772870069,-1.530994084
3.972830179,-3.822866207,-1.541954535
3.973451577,-3.872862346,-1.552901304
3.974072975,-3.922858484,-1.563699683
3.974694373,-3.972854623,-1.574215115
3.975315771,-4.022850761,-1.584313021
3.975937169,-4.072846900,-1.592942655
3.974332889,-4.122787311,-1.600795415
3.971210216,-4.172689705,-1.609893931
3.968087543,-4.222592099,-1.619977990
3.964964870,-4.272494493,-1.630373093
3.961842196,-4.322396887,-1.640944859
3.958719523,-4.372299281,-1.651558928
3.955596850,-4.422201674,-1.662080792
3.952474176,-4.472104068,-1.671433468
3.947017436,-4.521765078,-1.680168021
3.939861636,-4.571250374,-1.690271042
3.932705836,-4.620735670,-1.701573583
3.925550036,-4.670220966,-1.713415101
3.918394236,-4.719706262,-1.725659349
3.911238436,-4.769191558,-1.738169794
3.904082636,-4.818676854,-1.750809492
3.896926836,-4.868162150,-1.762610633
3.887009199,-4.917106262,-1.773980502
3.874959523,-4.965632598,-1.786545276
3.862909848,-5.014158934,-1.800127549
3.850860172,-5.062685270,-1.814163757
3.838810496,-5.111211607,-1.828513254
3.826760820,-5.159737943,-1.843034824
3.814711144,-5.208264279,-1.857586756
3.802661468,-5.256790615,-1.871210986
3.787315928,-5.304282853,-1.884351726
3.769483917,-5.350994943,-1.898538184
3.751651906,-5.397707033,-1.913487953
3.733819895,-5.444419123,-1.928653742
3.715987883,-5.491131213,-1.943891154
3.698155872,-5.537843304,-1.959055687
3.680323861,-5.584555394,-1.974002925
3.662491849,-5.631267484,-1.987586957
3.641380612,-5.676495283,-2.000413218
3.618051770,-5.720719316,-2.014273663
3.594722928,-5.764943350,-2.028753479
3.571394086,-5.809167383,-2.043259055
3.548065244,-5.853391416,-2.057644855
3.524736402,-5.897615450,-2.071765714
3.501407560,-5.941839483,-2.085476885
3.478078719,-5.986063517,-2.097364100
3.452005923,-6.028663198,-2.108363221
3.424455203,-6.070387985,-2.120732559
3.396904483,-6.112112771,-2.133806057
3.369353762,-6.153837558,-2.146873450
3.341803042,-6.195562344,-2.159789905
3.314252322,-6.237287131,-2.172410842
3.286701601,-6.279011917,-2.184500157
3.259150881,-6.320736704,-2.194803709
3.229080195,-6.360638573,-2.204629033
3.198073064,-6.399863027,-2.216226578
3.167065933,-6.439087482,-2.228691224
3.136058802,-6.478311936,-2.241202814
3.105051670,-6.517536390,-2.253622092
3.074044539,-6.556760845,-2.265809848
3.043037408,-6.595985299,-2.277386142
3.012030277,-6.635209753,-2.287477148
2.978164983,-6.671953872,-2.297562269
2.943698644,-6.708176399,-2.309444545
2.909232304,-6.744398925,-2.322173157
2.874765965,-6.780621452,-2.334974649
2.840299625,-6.816843979,-2.347717889
2.805833285,-6.853066505,-2.360271767
2.771366946,-6.889289032,-2.372155113
2.736900606,-6.925511559,-2.382828115
2.699139100,-6.958262144,-2.393720781
2.661166500,-6.990790310,-2.406025379
2.623193899,-7.023318477,-2.418863747
2.585221299,-7.055846643,-2.431656331
2.547248698,-7.088374809,-2.444279145
2.509276097,-7.120902976,-2.456608457
2.471303497,-7.153431142,-2.468103270
2.433117446,-7.185685559,-2.478488039
2.392313197,-7.214582156,-2.489205556
2.351508948,-7.243478753,-2.500975526
2.310704700,-7.272375349,-2.512918912
2.269900451,-7.301271946,-2.524613996
2.229096203,-7.330168543,-2.535945507
2.188291954,-7.359065139,-2.546798609
2.147487706,-7.387961736,-2.556635338
2.106187289,-7.416097034,-2.565346789
2.063276186,-7.441760963,-2.574578144
2.020365084,-7.467424892,-2.584794917
1.977453981,-7.493088821,-2.594932685
1.934542878,-7.518752751,-2.604677959
1.891631776,-7.544416680,-2.613928356
1.848720673,-7.570080609,-2.622575615
1.805809570,-7.595744538,-2.630157874
1.762260857,-7.620262959,-2.636657824
1.717837888,-7.643210722,-2.643976299
1.673414919,-7.666158485,-2.652397599
1.628991950,-7.689106248,-2.660573627
1.584568981,-7.712054011,-2.668337310
1.540146012,-7.735001774,-2.675603587
1.495723043,-7.757949537,-2.682246343
1.451300074,-7.780897300,-2.688009056
1.406200351,-7.802452809,-2.693010107
1.360712319,-7.823209469,-2.698811243
1.315224287,-7.843966129,-2.705496973
1.269736254,-7.864722789,-2.711850752
1.224248222,-7.885479448,-2.717805444
1.178760190,-7.906236108,-2.723294010
1.133272158,-7.926992768,-2.728232997
1.087784126,-7.947749428,-2.732527298
1.041676321,-7.967077818,-2.736439663
0.995444848,-7.986121212,-2.740982255
0.949213374,-8.005164607,-2.746031117
0.902981901,-8.024208002,-2.750734559
0.856750428,-8.043251396,-2.755043514
0.810518955,-8.062294791,-2.758908954
0.764287481,-8.081338186,-2.762408704
0.718047702,-8.100360621,-2.765599792
0.671321568,-8.118155801,-2.768690813
0.624595435,-8.135950982,-2.772160718
0.577869301,-8.153746162,-2.775728072
0.531143168,-8.171541342,-2.778872272
0.484417034,-8.189336523,-2.781564589
0.437690901,-8.207131703,-2.783776290
0.390964767,-8.224926883,-2.785688681
0.344186388,-8.242581480,-2.787355289
0.297179226,-8.259620455,-2.788987300
0.250172063,-8.276659429,-2.790804481
0.203164900,-8.293698404,-2.792424185
0.156157738,-8.310737379,-2.793592202
0.109150575,-8.327776354,-2.794298308
0.062143413,-8.344815329,-2.794532235
0.015136250,-8.361854304,-2.794490735
-0.031891175,-8.378837074,-2.794188986
-0.078957525,-8.395711868,-2.793877394
-0.126023875,-8.412586663,-2.793670496
-0.173090225,-8.429461458,-2.793162219
-0.220156575,-8.446336253,-2.792271274
-0.267222925,-8.463211048,-2.791001957
-0.314289275,-8.480085842,-2.789358545
-0.361355625,-8.496960637,-2.787469089
-0.408262760,-8.514266650,-2.785338564
-0.455002206,-8.532026837,-2.783265918
-0.501741651,-8.549787024,-2.781313596
-0.548481096,-8.567547212,-2.779130987
-0.595220541,-8.585307399,-2.776731929
-0.641959987,-8.603067586,-2.774130272
-0.688699432,-8.620827774,-2.771339882
-0.735438877,-8.638587961,-2.768252969
-0.781899291,-8.657056231,-2.764956634
-0.828189673,-8.675955981,-2.761844851
-0.874480055,-8.694855730,-2.758936226
-0.920770437,-8.713755480,-2.756065134
-0.967060819,-8.732655230,-2.753247278
-1.013351201,-8.751554979,-2.750498358
-1.059641583,-8.770454729,-2.747818400
-1.105931965,-8.789354479,-2.745008696
-1.151931481,-8.808946631,-2.742171412
-1.197831936,-8.828774595,-2.739627740
-1.243732392,-8.848602560,-2.737380271
-1.289632847,-8.868430525,-2.735409546
-1.335533303,-8.888258489,-2.733727745
-1.381433758,-8.908086454,-2.732347047
-1.427334214,-8.927914419,-2.731248015
-1.473234669,-8.947742383,-2.730282152
-1.518954896,-8.967981662,-2.729380876
-1.564646110,-8.988287154,-2.728564693
-1.610337323,-9.008592647,-2.727935022
-1.656028536,-9.028898139,-2.727629004
-1.701719750,-9.049203631,-2.727650354
-1.747410963,-9.069509124,-2.728002804
-1.793102177,-9.089814616,-2.728672732
-1.838793390,-9.110120109,-2.729613730
-1.884661832,-9.130021857,-2.730604667
-1.930536106,-9.149910322,-2.731507605
-1.976410379,-9.169798787,-2.732500880
-2.022284653,-9.189687252,-2.733708633
-2.068158926,-9.209575716,-2.735127036
-2.114033200,-9.229464181,-2.736752261
-2.159907473,-9.249352646,-2.738633705
-2.205803870,-9.269188877,-2.740868029
-2.252007854,-9.288298871,-2.743108345
-2.298211838,-9.307408865,-2.745080817
-2.344415821,-9.326518859,-2.746971521
-2.390619805,-9.345628853,-2.748845138
-2.436823789,-9.364738847,-2.750695718
-2.483027773,-9.383848841,-2.752517315
-2.529231757,-9.402958835,-2.754395375
-2.575478756,-9.421962664,-2.756444174
-2.621953734,-9.440403825,-2.758364849
-2.668428713,-9.458844985,-2.759930227
-2.714903691,-9.477286145,-2.761255634
-2.761378670,-9.495727305,-2.762356730
-2.807853648,-9.514168465,-2.763229227
-2.854328626,-9.532609625,-2.763868831
-2.900803605,-9.551050785,-2.764351865
-2.947301650,-9.569433372,-2.764750323
-2.993871337,-9.587634037,-2.765091339
-3.040441024,-9.605834703,-2.765292353
-3.087010711,-9.624035369,-2.765233828
-3.133580398,-9.642236035,-2.764913005
-3.180150086,-9.660436701,-2.764331119
-3.226719773,-9.678637367,-2.763489399
-3.273289460,-9.696838033,-2.762393936
-3.319787878,-9.715217881,-2.761068517
-3.366136273,-9.733974915,-2.759778295
-3.412484667,-9.752731950,-2.758555276
-3.458833061,-9.771488984,-2.757187459
-3.505181456,-9.790246018,-2.755680572
-3.551529850,-9.809003053,-2.754040349
-3.597878244,-9.827760087,-2.752272526
-3.644226639,-9.846517122,-2.750275123
-3.690448303,-9.865579908,-2.748038779
-3.736475698,-9.885111394,-2.745929279
-3.782503092,-9.904642880,-2.744052283
-3.828530487,-9.924174366,-2.742246168
-3.874557881,-9.943705852,-2.740516947
-3.920585276,-9.963237338,-2.738870625
-3.966612670,-9.982768825,-2.737313207
-4.012640065,-10.002300311,-2.735713347
-4.058551652,-10.022099980,-2.734049492
-4.104328459,-10.042211765,-2.732580971
-4.150105266,-10.062323551,-2.731402011
-4.195882073,-10.082435337,-2.730461951
-4.241658880,-10.102547123,-2.729764092
-4.287435688,-10.122658908,-2.729311736
-4.333212495,-10.142770694,-2.729108193
-4.378989302,-10.162882480,-2.729061794
-4.424759004,-10.183010422,-2.729087573
-4.470522265,-10.203153014,-2.729163143
-4.516285525,-10.223295605,-2.729368622
-4.562048786,-10.243438196,-2.729813722
-4.607812046,-10.263580787,-2.730496150
-4.653575307,-10.283723379,-2.731413616
-4.699338568,-10.303865970,-2.732563834
-4.745101828,-10.324008561,-2.733995578
-4.791019865,-10.343793016,-2.735602186
-4.837048986,-10.363320433,-2.737122194
-4.883078107,-10.382847850,-2.738588151
-4.929107228,-10.402375266,-2.740134846
-4.975136350,-10.421902683,-2.741756978
-5.021165471,-10.441430100,-2.743449245
-5.067194592,-10.460957516,-2.745206342
-5.113223713,-10.480484933,-2.747181789
-5.159443522,-10.499552900,-2.749283407
-5.205772648,-10.518357477,-2.751169710
-5.252101774,-10.537162054,-2.752839076
-5.298430900,-10.555966631,-2.754380645
-5.344760025,-10.574771208,-2.755789695
-5.391089151,-10.593575784,-2.757061504
-5.437418277,-10.612380361,-2.758191359
-5.483747403,-10.631184938,-2.759332789
-5.530204373,-10.649669944,-2.760477230
-5.576720112,-10.668008046,-2.761414277
-5.623235852,-10.686346147,-2.762101751
-5.669751591,-10.704684249,-2.762542796
-5.716267331,-10.723022351,-2.762736133
-5.762783070,-10.741360453,-2.762680477
-5.809298810,-10.759698555,-2.762374535
-5.855814549,-10.778036657,-2.761888462
-5.902262006,-10.796546685,-2.761350254
-5.948684313,-10.815120037,-2.760789728
-5.995106620,-10.833693389,-2.760104063
-6.041528928,-10.852266741,-2.759219655
-6.087951235,-10.870840093,-2.758140185
-6.134373542,-10.889413445,-2.756869329
-6.180795849,-10.907986796,-2.755410768
-6.227218156,-10.926560148,-2.753641785
-6.273422830,-10.945665933,-2.751749088
-6.319563663,-10.964927904,-2.750020889
-6.365704496,-10.984189875,-2.748357939
-6.411845329,-11.003451847,-2.746686617
-6.457986162,-11.022713818,-2.745012048
-6.504126995,-11.041975789,-2.743339356
-6.550267829,-11.061237760,-2.741673668
-6.596408662,-11.080499731,-2.739807703
-6.642324934,-11.100289123,-2.737906454
-6.688189355,-11.120200299,-2.736308251
-6.734053775,-11.140111475,-2.734934772
-6.779918196,-11.160022651,-2.733746024
-6.825782616,-11.179933827,-2.732745691
-6.871647037,-11.199845003,-2.731937455
-6.917511457,-11.219756179,-2.731310162
-6.963375878,-11.239667355,-2.730713264
-7.009136462,-11.259815729,-2.730139997
-7.054878534,-11.280006392,-2.729748897
-7.100620605,-11.300197055,-2.729586130
-7.146362677,-11.320387718,-2.729669708
-7.192104749,-11.340578382,-2.729998845
-7.237846820,-11.360769045,-2.730572765
-7.283588892,-11.380959708,-2.731391833
-7.329330964,-11.401150371,-2.732459456
-7.375255813,-11.420921228,-2.733577755
-7.421199359,-11.440649141,-2.734646026
-7.467142905,-11.460377054,-2.735808448
-7.513086452,-11.480104967,-2.737107123
-7.559029998,-11.499832881,-2.738537572
-7.604973544,-11.519560794,-2.740095313
-7.650917090,-11.539288707,-2.741833935
-7.696860636,-11.559016621,-2.743845206
-7.743102165,-11.578035375,-2.745836647
-7.789347721,-11.597044545,-2.747591120
-7.835593277,-11.616053715,-2.749253958
-7.881838833,-11.635062885,-2.750856697
-7.928084390,-11.654072055,-2.752394331
-7.974329946,-11.673081225,-2.753861852
-8.020575502,-11.692090394,-2.755291947
-8.066841185,-11.711049715,-2.756706804
-8.113320460,-11.729480044,-2.757960530
-8.159799735,-11.747910372,-2.758973607
-8.206279010,-11.766340700,-2.759809537
-8.252758285,-11.784771028,-2.760475868
-8.299237560,-11.803201357,-2.760967404
-8.345716835,-11.821631685,-2.761278947
-8.392196110,-11.840062013,-2.761365456
-8.438673862,-11.858496180,-2.761213954
-8.485145709,-11.876945230,-2.761025940
-8.531617555,-11.895394281,-2.760860997
-8.578089402,-11.913843332,-2.760591902
-8.624561248,-11.932292383,-2.760202057
-8.671033095,-11.950741434,-2.759687791
-8.717504942,-11.969190485,-2.759045433
-8.763976788,-11.987639536,-2.758088982
-8.810369842,-12.006283613,-2.756839562
-8.856615180,-12.025293313,-2.755777519
-8.902860518,-12.044303013,-2.754967366
-8.949105856,-12.063312713,-2.754194018
-8.995351194,-12.082322414,-2.753451269
-9.041596533,-12.101332114,-2.752735786
-9.087841871,-12.120341814,-2.751984965
-9.134087209,-12.139351514,-2.750909243
-9.180280317,-12.158487326,-2.749660161
-9.226424388,-12.177741538,-2.748791359
-9.272568460,-12.196995749,-2.748315427
-9.318712531,-12.216249960,-2.748068067
-9.364856603,-12.235504172,-2.748042496
-9.411000675,-12.254758383,-2.748231940
-9.457144746,-12.274012594,-2.748329164
-9.503288818,-12.293266806,-2.747990376
-9.549488186,-12.312387731,-2.747657886
-9.595710368,-12.331453666,-2.747799674
-9.641932550,-12.350519602,-2.748395997
-9.688154732,-12.369585537,-2.749431417
-9.734376914,-12.388651473,-2.750886122
-9.780599096,-12.407717408,-2.752740338
-9.826821278,-12.426783344,-2.754557231
-9.873043460,-12.445849279,-2.756211238
-9.919513074,-12.464302991,-2.758157706
-9.966002822,-12.482706886,-2.760458959
-10.012492569,-12.501110782,-2.763115311
-10.058982317,-12.519514677,-2.766201565
-10.105472064,-12.537918573,-2.769683678
-10.151961812,-12.556322468,-2.773527596
-10.198451560,-12.574726364,-2.777329321
-10.245017747,-12.592929591,-2.781107087
-10.291969702,-12.610120109,-2.785233260
-10.338921657,-12.627310627,-2.789647869
-10.385873612,-12.644501145,-2.794338155
-10.432825567,-12.661691663,-2.799296671
-10.479777523,-12.678882181,-2.804480532
-10.526729478,-12.696072699,-2.809818652
-10.573681433,-12.713263217,-2.815149451
-10.620982142,-12.729420249,-2.820490703
-10.668749883,-12.744193297,-2.825998106
-10.716517624,-12.758966346,-2.831655208
-10.764285364,-12.773739394,-2.837380880
-10.812053105,-12.788512442,-2.843113786
-10.859820845,-12.803285490,-2.848808989
-10.907588586,-12.818058539,-2.854459937
-10.955356327,-12.832831587,-2.860062205
-11.003540552,-12.846143013,-2.865514024
-11.051920657,-12.858767016,-2.870934713
-11.100300762,-12.871391020,-2.876341502
-11.148680867,-12.884015023,-2.881516580
-11.197060971,-12.896639027,-2.886405676
-11.245441076,-12.909263031,-2.890969362
-11.293821181,-12.921887034,-2.895381453
-11.342201286,-12.934511038,-2.899651789
-11.390903209,-12.945824196,-2.903534991
-11.439629002,-12.957040127,-2.907258183
-11.488354794,-12.968256058,-2.910799539
-11.537080587,-12.979471989,-2.913835214
-11.585806380,-12.990687920,-2.916338253
-11.634532173,-13.001903850,-2.918281677
-11.683257966,-13.013119781,-2.920109035
-11.732006186,-13.024235744,-2.921725208
-11.780853693,-13.034909125,-2.922894309
-11.829701200,-13.045582506,-2.924118638
-11.878548707,-13.056255887,-2.925180901
-11.927396213,-13.066929268,-2.925675334
-11.976243720,-13.077602650,-2.925597026
-12.025091227,-13.088276031,-2.925051244
-12.073938734,-13.098949412,-2.924576635
-12.122756095,-13.109758699,-2.923911654
-12.171535152,-13.120740663,-2.922881239
-12.220314210,-13.131722628,-2.921833321
-12.269093268,-13.142704592,-2.920410846
-12.317872325,-13.153686557,-2.918435664
-12.366651383,-13.164668521,-2.915926527
-12.415430440,-13.175650485,-2.913226693
-12.464209498,-13.186632450,-2.910810728
-12.512810589,-13.198365609,-2.908191580
-12.561331972,-13.210435216,-2.905215711
-12.609853355,-13.222504823,-2.902039218
-12.658374737,-13.234574429,-2.898337191
-12.706896120,-13.246644036,-2.894123622
-12.755417503,-13.258713643,-2.889440153
-12.803938886,-13.270783250,-2.884930700
-12.852460269,-13.282852857,-2.880929113
-12.900539544,-13.296570394,-2.876693770
-12.948586549,-13.310408216,-2.871928309
-12.996633554,-13.324246038,-2.866694522
-13.044680559,-13.338083859,-2.860930213
-13.092727564,-13.351921681,-2.854698311
-13.140774569,-13.365759503,-2.848061849
-13.188821574,-13.379597324,-2.842035225
-13.236748127,-13.393817648,-2.836743322
-13.284054629,-13.410006993,-2.830997140
-13.331361131,-13.426196337,-2.824488412
-13.378667633,-13.442385681,-2.817327850
-13.425974135,-13.458575026,-2.809646960
-13.473280637,-13.474764370,-2.801528751
-13.520587139,-13.490953715,-2.793056438
-13.567893641,-13.507143059,-2.785701118
-13.614781500,-13.524441911,-2.779304281
-13.660991079,-13.543538372,-2.772004132
-13.707200658,-13.562634833,-2.763680151
-13.753410237,-13.581731294,-2.754625764
-13.799619815,-13.600827755,-2.745037889
-13.845829394,-13.619924216,-2.735019130
-13.892038973,-13.639020676,-2.724900645
-13.938248552,-13.658117137,-2.716345546
-13.983536270,-13.679226250,-2.708844618
-14.028179141,-13.701743223,-2.699996713
-14.072822012,-13.724260196,-2.689786955
-14.117464883,-13.746777169,-2.678796282
-14.162107754,-13.769294142,-2.667182544
-14.206750625,-13.791811115,-2.655070147
-14.251393495,-13.814328088,-2.643097618
-14.296036366,-13.836845061,-2.632695272
-14.338952589,-13.862433081,-2.622946311
-14.381388748,-13.888874949,-2.611577873
-14.423824907,-13.915316818,-2.598724823
-14.466261066,-13.941758686,-2.585086986
-14.508697225,-13.968200554,-2.570807826
-14.551133384,-13.994642423,-2.556031635
-14.593569543,-14.021084291,-2.541600829
-14.636005702,-14.047526160,-2.528592794
-14.675463460,-14.078219459,-2.515710299
-14.714809943,-14.109071595,-2.501122148
-14.754156426,-14.139923730,-2.485197390
-14.793502909,-14.170775866,-2.468606498
-14.832849392,-14.201628002,-2.451508758
-14.872195875,-14.232480137,-2.434064785
-14.911542358,-14.263332273,-2.417229035
-14.950305698,-14.294829761,-2.401748827
-14.984974722,-14.330858344,-2.385971825
-15.019643746,-14.366886927,-2.368556584
-15.054312770,-14.402915510,-2.350173847
-15.088981794,-14.438944092,-2.331399603
-15.123650818,-14.474972675,-2.312404735
-15.158319842,-14.511001258,-2.293360981
-15.192988866,-14.547029841,-2.275128830
-15.226115037,-14.584335337,-2.258125072
-15.255026524,-14.625129036,-2.240505083
-15.283938011,-14.665922736,-2.221493751
-15.312849498,-14.706716435,-2.202124472
-15.341760985,-14.747510134,-2.182820401
-15.370672473,-14.788303834,-2.163752918
-15.399583960,-14.829097533,-2.145092554
-15.428495447,-14.869891232,-2.127727890
-15.455043536,-14.912123137,-2.111888936
-15.477989691,-14.956546937,-2.095230463
-15.500935846,-15.000970736,-2.077348072
-15.523882000,-15.045394536,-2.059710492
-15.546828155,-15.089818336,-2.042528298
-15.569774309,-15.134242136,-2.025961871
-15.592720464,-15.178665936,-2.010170144
-15.615666618,-15.223089736,-1.996236204
-15.635733159,-15.268786181,-1.983947839
-15.653135926,-15.315659880,-1.970399816
-15.670538694,-15.362533579,-1.955544754
-15.687941461,-15.409407278,-1.941072068
-15.705344229,-15.456280978,-1.927129353
-15.722746997,-15.503154677,-1.913863291
-15.740149764,-15.550028376,-1.901467867
-15.757552532,-15.596902075,-1.891296674
-15.772402744,-15.644604599,-1.882553481
-15.785856462,-15.692760569,-1.872087155
-15.799310179,-15.740916539,-1.860264381
-15.812763896,-15.789072510,-1.848626114
-15.826217613,-15.837228480,-1.837309787
-15.839671331,-15.885384451,-1.826452573
-15.853125048,-15.933540421,-1.816420384
-15.866578765,-15.981696392,-1.808502455
-15.877375366,-16.030494902,-1.801418590
-15.887411501,-16.079477307,-1.792344947
-15.897447637,-16.128459712,-1.781909988
-15.907483772,-16.177442117,-1.771350978
-15.917519907,-16.226424522,-1.760799354
-15.927556043,-16.275406926,-1.750386571
-15.937592178,-16.324389331,-1.740610944
-15.947628313,-16.373371736,-1.732449841
-15.954246757,-16.422919905,-1.724370047
-15.960530530,-16.472523476,-1.714254586
-15.966814303,-16.522127046,-1.702908046
-15.973098075,-16.571730617,-1.691233385
-15.979381848,-16.621334187,-1.679357222
-15.985665620,-16.670937758,-1.667406448
-15.991949393,-16.720541328,-1.655955972
-15.998054358,-16.770159011,-1.645672766
-15.999629739,-16.820134186,-1.635130074
-16.001205120,-16.870109362,-1.623054726
-16.002780501,-16.920084537,-1.610212174
-16.004355881,-16.970059713,-1.597122885
-16.005931262,-17.020034889,-1.583914303
-16.007506643,-17.070010064,-1.570714121
-16.009082024,-17.119985240,-1.558134107
-16.009797256,-17.169941395,-1.546593350
-16.006014317,-17.219798083,-1.534659692
-16.002231377,-17.269654772,-1.521577179
-15.998448438,-17.319511460,-1.508160493
-15.994665499,-17.369368148,-1.494745125
-15.990882560,-17.419224837,-1.481458040
-15.987099620,-17.469081525,-1.468425973
-15.983316681,-17.518938213,-1.456260240
-15.978155861,-17.568622558,-1.445192153
-15.969542308,-17.617875037,-1.433595285
-15.960928755,-17.667127516,-1.421039543
-15.952315202,-17.716379995,-1.408546242
-15.943701649,-17.765632474,-1.396325871
-15.935088096,-17.814884953,-1.384498857
-15.926474543,-17.864137432,-1.373185135
-15.917860990,-17.913389912,-1.362951147
-15.907590881,-17.962282473,-1.353849700
-15.894990582,-18.010668757,-1.343961795
-15.882390283,-18.059055041,-1.333087345
-15.869789985,-18.107441325,-1.322535948
-15.857189686,-18.155827609,-1.312415361
-15.844589388,-18.204213893,-1.302832948
-15.831989089,-18.252600177,-1.293895784
-15.819388790,-18.300986461,-1.286086164
-15.805045802,-18.348857288,-1.279164127
-15.789297868,-18.396312557,-1.271261517
-15.773549933,-18.443767826,-1.262428024
-15.757801999,-18.491223095,-1.253951715
-15.742054065,-18.538678364,-1.245922257
-15.726306130,-18.586133633,-1.238429104
-15.710558196,-18.633588902,-1.231581093
-15.694810262,-18.681044171,-1.225688459
-15.677367820,-18.727888388,-1.220310497
-15.659204379,-18.774472606,-1.214031474
-15.641040937,-18.821056825,-1.207097078
-15.622877496,-18.867641043,-1.200514936
-15.604714054,-18.914225261,-1.194355930
-15.586550613,-18.960809479,-1.188690844
-15.568387171,-19.007393698,-1.183605582
-15.550223730,-19.053977916,-1.179233734
-15.530539458,-19.099934495,-1.175049009
-15.510561748,-19.145769974,-1.170141666
-15.490584039,-19.191605453,-1.164885976
-15.470606330,-19.237440932,-1.159982112
-15.450628620,-19.283276411,-1.155482521
-15.430650911,-19.329111890,-1.151439614
-15.410673202,-19.374947369,-1.147854966
-15.390695492,-19.420782848,-1.144664807
-15.369467253,-19.466051949,-1.141401367
-15.348192352,-19.511299917,-1.137662522
-15.326917450,-19.556547884,-1.133891764
-15.305642549,-19.601795852,-1.130522451
-15.284367647,-19.647043819,-1.127587416
-15.263092746,-19.692291787,-1.125119485
-15.241817844,-19.737539754,-1.123018903
-15.220478932,-19.782756926,-1.121128480
-15.198401557,-19.827618820,-1.119082277
-15.176324182,-19.872480713,-1.116800841
-15.154246807,-19.917342607,-1.114746679
-15.132169431,-19.962204501,-1.113143616
-15.110092056,-20.007066394,-1.112005062
-15.088014681,-20.051928288,-1.111344461
-15.065937306,-20.096790182,-1.111023022
-15.043810639,-20.141627637,-1.110910422
-15.021469178,-20.186358601,-1.110686798
-14.999127717,-20.231089565,-1.110362516
-14.976786256,-20.275820529,-1.110369145
-14.954444795,-20.320551493,-1.110791545
-14.932103335,-20.365282456,-1.111627172
-14.909761874,-20.410013420,-1.112873515
-14.887420413,-20.454744384,-1.114408257
-14.865244342,-20.499556624,-1.116153479
-14.843482206,-20.544572282,-1.117808687
-14.821720071,-20.589587940,-1.119384913
-14.799957935,-20.634603598,-1.121244081
-14.778195800,-20.679619256,-1.123386447
-14.756433664,-20.724634914,-1.125798123
-14.734671528,-20.769650572,-1.128465209
-14.712909393,-20.814666230,-1.131367192
-14.691582379,-20.859885446,-1.134463369
-14.670973662,-20.905440696,-1.137466439
-14.650364945,-20.950995946,-1.140333199
-14.629756227,-20.996551195,-1.143271230
-14.609147510,-21.042106445,-1.146261813
-14.588538793,-21.087661695,-1.149286222
-14.567930076,-21.133216945,-1.152325726
-14.547321359,-21.178772194,-1.155498722
-14.527218460,-21.224549034,-1.158801885
-14.507703326,-21.270583365,-1.161952269
-14.488188192,-21.316617695,-1.164855934
-14.468673059,-21.362652025,-1.167562530
-14.449157925,-21.408686355,-1.170055594
-14.429642791,-21.454720685,-1.172318680
-14.410127657,-21.500755015,-1.174335356
-14.390612523,-21.546789345,-1.176259540
-14.371499121,-21.592990187,-1.178158306
-14.352725775,-21.639331977,-1.179964596
-14.333952428,-21.685673766,-1.181574844
-14.315179082,-21.732015556,-1.182853077
-14.296405736,-21.778357346,-1.183790402
-14.277632390,-21.824699135,-1.184377912
-14.258859044,-21.871040925,-1.184606684
-14.240085697,-21.917382715,-1.184590350
-14.221334518,-21.963733475,-1.184480119
-14.202597232,-22.010089856,-1.184413122
-14.183859946,-22.056446237,-1.184274854
-14.165122659,-22.102802619,-1.183846917
-14.146385373,-22.149159000,-1.183129566
-14.127648087,-22.195515382,-1.182123047
-14.108910801,-22.241871763,-1.180827597
-14.090173514,-22.288228145,-1.179191066
-14.070977105,-22.334395049,-1.177409218
-14.051567058,-22.380473787,-1.175799505
-14.032157012,-22.426552526,-1.174256853
-14.012746966,-22.472631264,-1.172609452
-13.993336920,-22.518710002,-1.170862653
-13.973926874,-22.564788740,-1.169021808
-13.954516828,-22.610867478,-1.167073697
-13.935106782,-22.656946216,-1.164831278
-13.915130160,-22.702780749,-1.162512349
-13.894959767,-22.748531763,-1.160512244
-13.874789375,-22.794282777,-1.158738452
-13.854618982,-22.840033790,-1.157094812
-13.834448590,-22.885784804,-1.155586791
-13.814278197,-22.931535818,-1.154219855
-13.794107804,-22.977286832,-1.152961387
-13.773937412,-23.023037846,-1.151709365
-13.753361492,-23.068607489,-1.150548518
-13.732705062,-23.114141123,-1.149630081
-13.712048631,-23.159674758,-1.148951152
-13.691392201,-23.205208392,-1.148510400
-13.670735770,-23.250742027,-1.148310634
-13.650079340,-23.296275661,-1.148354669
-13.629422909,-23.341809296,-1.148688457
-13.608766479,-23.387342931,-1.149361924
-13.588283059,-23.432954635,-1.150145376
-13.567809045,-23.478570583,-1.150863626
-13.547335031,-23.524186532,-1.151640829
-13.526861017,-23.569802480,-1.152541724
-13.506387003,-23.615418428,-1.153567260
-13.485912989,-23.661034377,-1.154718385
-13.465438974,-23.706650325,-1.156016486
-13.445026557,-23.752293346,-1.157469340
-13.425265421,-23.798222612,-1.158841777
-13.405504285,-23.844151879,-1.160009838
-13.385743149,-23.890081145,-1.161128513
-13.365982013,-23.936010411,-1.162253361
-13.346220877,-23.981939678,-1.163381683
-13.326459741,-24.027868944,-1.164510775
-13.306698605,-24.073798210,-1.165532563
-13.287064462,-24.119781279,-1.166453276
-13.267816427,-24.165927927,-1.167250118
-13.248568391,-24.212074575,-1.167876539
-13.229320356,-24.258221223,-1.168442272
-13.210072320,-24.304367871,-1.168964042
-13.190824285,-24.350514519,-1.169434228
-13.171576250,-24.396661167,-1.169802643
-13.152328214,-24.442807816,-1.169826808
-13.132936181,-24.488893790,-1.169603592
-13.113355631,-24.534900334,-1.169483771
-13.093775081,-24.580906878,-1.169470267
-13.074194531,-24.626913422,-1.169499399
-13.054613981,-24.672919965,-1.169556413
-13.035033431,-24.718926509,-1.169629402
-13.015452881,-24.764933053,-1.169508961
-12.995872331,-24.810939596,-1.168975043
-12.976223710,-24.856917076,-1.168331735
-12.956537545,-24.902878526,-1.168112090
-12.936851379,-24.948839976,-1.168323979
-12.917165214,-24.994801427,-1.168754777
-12.897479049,-25.040762877,-1.169388267
-12.877792883,-25.086724327,-1.170208242
-12.858106718,-25.132685777,-1.170739343
-12.838420553,-25.178647227,-1.170917658
-12.819085831,-25.224757413,-1.171360412
-12.799797727,-25.270887327,-1.172372006
-12.780509623,-25.317017242,-1.173914978
-12.761221518,-25.363147157,-1.175849067
-12.741933414,-25.409277072,-1.178149800
-12.722645310,-25.455406986,-1.180756926
-12.703357205,-25.501536901,-1.182923630
-12.684211945,-25.547724807,-1.184826798
-12.665885958,-25.594245321,-1.187270226
-12.647559971,-25.640765835,-1.190135952
-12.629233984,-25.687286349,-1.193414536
-12.610907997,-25.733806862,-1.197122174
-12.592582010,-25.780327376,-1.201218595
-12.574256023,-25.826847890,-1.205372653
-12.555930037,-25.873368404,-1.208959822
-12.538274362,-25.920140463,-1.212430570
-12.521470872,-25.967232317,-1.216495396
-12.504667381,-26.014324171,-1.221078396
-12.487863891,-26.061416025,-1.226139735
-12.471060401,-26.108507879,-1.231632856
-12.454256910,-26.155599733,-1.237499891
-12.437453420,-26.202691587,-1.243067565
-12.420649930,-26.249783441,-1.247905058
-12.405429654,-26.297401183,-1.252805739
-12.390717869,-26.345187827,-1.258438629
-12.376006083,-26.392974471,-1.264767544
-12.361294298,-26.440761115,-1.271614877
-12.346582512,-26.488547759,-1.278891025
-12.331870727,-26.536334404,-1.286520160
-12.317158941,-26.584121048,-1.293398210
-12.302572949,-26.631942604,-1.299354141
-12.290552400,-26.680476164,-1.305671970
-12.278531851,-26.729009723,-1.312943248
-12.266511302,-26.777543283,-1.321083730
-12.254490753,-26.826076843,-1.329757125
-12.242470204,-26.874610402,-1.338869296
-12.230449655,-26.923143962,-1.348325846
-12.218429106,-26.971677521,-1.356352439
-12.207451877,-27.020431730,-1.363130222
-12.198793531,-27.069676355,-1.370847725
-12.190135186,-27.118920979,-1.379825274
-12.181476840,-27.168165604,-1.389804591
-12.172818495,-27.217410229,-1.400422027
-12.164160149,-27.266654853,-1.411561675
-12.155501804,-27.315899478,-1.422817261
-12.146843458,-27.365144102,-1.432626241
-12.140436177,-27.414689251,-1.441533215
-12.135872928,-27.464480583,-1.451786298
-12.131309679,-27.514271915,-1.463521378
-12.126746431,-27.564063247,-1.476182644
-12.122183182,-27.613854579,-1.489490586
-12.117619933,-27.663645912,-1.503309845
-12.113056684,-27.713437244,-1.516902779
-12.108493435,-27.763228576,-1.529295513
-12.107754843,-27.813178474,-1.541313480
-12.108180937,-27.863176658,-1.554848164
-12.108607031,-27.913174843,-1.569865794
-12.109033124,-27.963173027,-1.585503637
-12.109459218,-28.013171212,-1.601612344
-12.109885311,-28.063169396,-1.618041399
-12.110311405,-28.113167580,-1.633961664
-12.110737499,-28.163165765,-1.648970925
-12.117488934,-28.212689044,-1.664158120
-12.124533242,-28.262190334,-1.680654334
-12.131577549,-28.311691624,-1.698149291
-12.138621856,-28.361192914,-1.715860233
-12.145666164,-28.410694205,-1.733630723
-12.152710471,-28.460195495,-1.751304021
-12.159754779,-28.509696785,-1.767875422
-12.167895445,-28.558963716,-1.783283109
-12.181704920,-28.607018876,-1.799135459
-12.195514395,-28.655074036,-1.816074924
-12.209323870,-28.703129196,-1.833450583
-12.223133345,-28.751184356,-1.850626037
-12.236942821,-28.799239516,-1.867448295
-12.250752296,-28.847294676,-1.883556954
-12.264561771,-28.895349836,-1.898092497
-12.280592675,-28.942617332,-1.911313587
-12.300140154,-28.988637936,-1.925176382
-12.319687633,-29.034658541,-1.940091120
-12.339235112,-29.080679146,-1.954988174
-12.358782591,-29.126699751,-1.969425559
-12.378330070,-29.172720355,-1.983259814
-12.397877549,-29.218740960,-1.995774003
-12.417425029,-29.264761565,-2.006459979
-12.439352417,-29.309653426,-2.015971987
-12.462621179,-29.353909100,-2.026741046
-12.485889941,-29.398164775,-2.039058535
-12.509158703,-29.442420450,-2.051172794
-12.532427464,-29.486676124,-2.062875398
-12.555696226,-29.530931799,-2.074033580
-12.578964988,-29.575187473,-2.083436459
-12.602233749,-29.619443148,-2.091045099
-12.628301555,-29.662099093,-2.098417136
-12.654622470,-29.704610379,-2.107488897
-12.680943385,-29.747121665,-2.118159297
-12.707264300,-29.789632951,-2.128784214
-12.733585215,-29.832144237,-2.139239703
-12.759906129,-29.874655523,-2.149037914
-12.786227044,-29.917166809,-2.157106718
-12.813198789,-29.959241990,-2.163977720
-12.842507764,-29.999751050,-2.171528893
-12.871816739,-30.040260111,-2.180975769
-12.901125714,-30.080769171,-2.191778029
-12.930434689,-30.121278232,-2.202820235
-12.959743664,-30.161787292,-2.213982014
-12.989052639,-30.202296353,-2.224092058
-13.018361614,-30.242805413,-2.232710506
-13.049355756,-30.281990669,-2.241098496
-13.081773290,-30.320057761,-2.250635758
-13.114190823,-30.358124854,-2.261825646
-13.146608357,-30.396191946,-2.273915951
-13.179025890,-30.434259038,-2.286380465
-13.211443424,-30.472326131,-2.298951280
-13.243860957,-30.510393223,-2.310160916
-13.276278491,-30.548460315,-2.320330575
-13.311638215,-30.583782967,-2.330979950
-13.347361468,-30.618766523,-2.343016214
-13.383084722,-30.653750079,-2.356578203
-13.418807975,-30.688733635,-2.370680407
-13.454531228,-30.723717191,-2.385107044
-13.490254481,-30.758700747,-2.399719580
-13.525977734,-30.793684303,-2.413244636
-13.562606411,-30.827641323,-2.425663322
-13.601777393,-30.858715978,-2.438484482
-13.640948375,-30.889790633,-2.452648056
-13.680119357,-30.920865288,-2.467956394
-13.719290339,-30.951939943,-2.483517059
-13.758461321,-30.983014597,-2.499185610
-13.797632303,-31.014089252,-2.514817255
-13.836803285,-31.045163907,-2.529043726
-13.878262108,-31.072967289,-2.541517677
-13.920889298,-31.099100078,-2.554356847
-13.963516488,-31.125232867,-2.568651189
-14.006143678,-31.151365657,-2.583779018
-14.048770868,-31.177498446,-2.599111861
-14.091398058,-31.203631235,-2.614496841
-14.134025248,-31.229764025,-2.629781067
-14.176906653,-31.255422583,-2.643880755
-14.222267193,-31.276456400,-2.656086245
-14.267627732,-31.297490217,-2.668805469
-14.312988272,-31.318524034,-2.683159813
-14.358348811,-31.339557851,-2.697965652
-14.403709351,-31.360591668,-2.712934970
-14.449069890,-31.381625485,-2.727908896
-14.494430430,-31.402659302,-2.742728554
-14.539790969,-31.423693119,-2.756645018
-14.586791724,-31.440696087,-2.769126761
-14.633950813,-31.457309945,-2.782211497
-14.681109903,-31.473923803,-2.796715219
-14.728268992,-31.490537662,-2.811479662
-14.775428081,-31.507151520,-2.826343994
-14.822587171,-31.523765378,-2.841147290
-14.869746260,-31.540379237,-2.855728451
-14.916905349,-31.556993095,-2.869625531
-14.965334285,-31.569099896,-2.883025958
-15.014230220,-31.579549179,-2.897203351
-15.063126156,-31.589998462,-2.912265078
-15.112022091,-31.600447745,-2.927524000
-15.160918026,-31.610897028,-2.942822369
-15.209813962,-31.621346311,-2.958002333
-15.258709897,-31.631795594,-2.972905959
-15.307605832,-31.642244877,-2.987459868
-15.357023569,-31.649145959,-3.002411666
-15.406857641,-31.653216013,-3.018031253
-15.456691712,-31.657286067,-3.033793402
-15.506525783,-31.661356121,-3.049547520
-15.556359854,-31.665426176,-3.065143302
-15.606193926,-31.669496230,-3.080430907
-15.656027997,-31.673566284,-3.095261085
-15.705862068,-31.677636338,-3.109485197
-15.755748465,-31.679423086,-3.123501561
-15.805716666,-31.677640148,-3.137688432
-15.855684867,-31.675857210,-3.151816360
-15.905653069,-31.674074272,-3.165660680
-15.955621270,-31.672291334,-3.179079501
-16.005589471,-31.670508395,-3.191931616
-16.055557672,-31.668725457,-3.204076337
-16.105525873,-31.666942519,-3.215373168
-16.155395576,-31.664003819,-3.226335215
-16.204944863,-31.657305453,-3.237679441
-16.254494151,-31.650607087,-3.249197502
-16.304043438,-31.643908722,-3.260472506
-16.353592726,-31.637210356,-3.271374442
-16.403142013,-31.630511990,-3.281773645
-16.452691301,-31.623813624,-3.291540584
-16.502240588,-31.617115258,-3.300545551
-16.551733741,-31.610087236,-3.308908460
-16.600707469,-31.600008842,-3.317548781
-16.649681196,-31.589930448,-3.326727797
-16.698654923,-31.579852054,-3.335908206
-16.747628650,-31.569773659,-3.344968065
-16.796602378,-31.559695265,-3.353785573
-16.845576105,-31.549616871,-3.362238913
-16.894549832,-31.539538476,-3.370206061
-16.943523560,-31.529460082,-3.377256379
-16.991774665,-31.516361185,-3.384292971
-17.040007061,-31.503184085,-3.392192408
-17.088239457,-31.490006985,-3.400496827
-17.136471854,-31.476829886,-3.409084200
-17.184704250,-31.463652786,-3.417832693
-17.232936646,-31.450475686,-3.426620486
-17.281169042,-31.437298587,-3.435325613
-17.329401439,-31.424121487,-3.443219946
-17.376715052,-31.407998889,-3.451029826
-17.423885462,-31.391417200,-3.459894220
-17.471055872,-31.374835511,-3.469495741
-17.518226282,-31.358253822,-3.479707592
-17.565396693,-31.341672134,-3.490403115
-17.612567103,-31.325090445,-3.501455509
-17.659737513,-31.308508756,-3.512737647
-17.706907923,-31.291927067,-3.523417281
-17.752827941,-31.272230927,-3.533821868
-17.798368956,-31.251590772,-3.545063817
-17.843909970,-31.230950616,-3.557093352
-17.889450984,-31.210310461,-3.569773614
-17.934991998,-31.189670305,-3.582967446
-17.980533013,-31.169030150,-3.596537144
-18.026074027,-31.148389994,-3.610344336
-18.071615041,-31.127749839,-3.623637726
-18.115320861,-31.103617321,-3.636681037
-18.158151461,-31.077819263,-3.650435615
-18.200982060,-31.052021206,-3.664828853
-18.243812659,-31.026223148,-3.679692918
-18.286643258,-31.000425090,-3.694880889
-18.329473857,-30.974627032,-3.710245247
-18.372304456,-30.948828975,-3.725637969
-18.415135055,-30.923030917,-3.740492342
-18.455828846,-30.894144927,-3.755109474
-18.495065657,-30.863153433,-3.770307544
-18.534302467,-30.832161939,-3.785917561
-18.573539278,-30.801170445,-3.801662631
-18.612776088,-30.770178951,-3.817392609
-18.652012898,-30.739187457,-3.832957474
-18.691249709,-30.708195962,-3.848207511
-18.730486519,-30.677204468,-3.862639122
-18.767633581,-30.643872624,-3.876591055
-18.802852304,-30.608381194,-3.890989313
-18.838071026,-30.572889764,-3.905662923
-18.873289749,-30.537398335,-3.920200753
-18.908508471,-30.501906905,-3.934456443
-18.943727194,-30.466415475,-3.948284236
-18.978945917,-30.430924046,-3.961538928
-19.014164639,-30.395432616,-3.973726560
-19.047621761,-30.358366286,-3.985254693
-19.078962452,-30.319407833,-3.997381072
-19.110303143,-30.280449379,-4.009983882
-19.141643834,-30.241490926,-4.022436804
-19.172984525,-30.202532473,-4.034600854
-19.204325215,-30.163574019,-4.046337434
-19.235665906,-30.124615566,-4.057508167
-19.267006597,-30.085657112,-4.067583505
-19.297062437,-30.045747239,-4.076677797
-19.325183752,-30.004404868,-4.086379879
-19.353305067,-29.963062497,-4.096970434
-19.381426382,-29.921720126,-4.107644898
-19.409547697,-29.880377755,-4.118268027
-19.437669012,-29.839035383,-4.128704721
-19.465790327,-29.797693012,-4.138819864
-19.493911642,-29.756350641,-4.148083391
-19.520900915,-29.714299516,-4.156212914
-19.545807408,-29.670944394,-4.164938156
-19.570713901,-29.627589272,-4.174976601
-19.595620394,-29.584234150,-4.185425379
-19.620526887,-29.540879028,-4.196148748
-19.645433379,-29.497523906,-4.207011016
-19.670339872,-29.454168784,-4.217876358
-19.695246365,-29.410813661,-4.228270489
-19.718993735,-29.366855761,-4.237616194
-19.740184093,-29.321568139,-4.247523377
-19.761374451,-29.276280517,-4.258948825
-19.782564809,-29.230992894,-4.270994678
-19.803755167,-29.185705272,-4.283521907
-19.824945525,-29.140417650,-4.296391214
-19.846135883,-29.095130028,-4.309462859
-19.867326241,-29.049842405,-4.322335222
-19.887157691,-29.004005101,-4.334249397
-19.903412803,-28.956721157,-4.346506461
-19.919667916,-28.909437214,-4.360125040
-19.935923029,-28.862153270,-4.374316008
-19.952178142,-28.814869327,-4.388933266
-19.968433255,-28.767585384,-4.403830126
-19.984688368,-28.720301440,-4.418859291
-20.000943480,-28.673017497,-4.433696864
-20.015757536,-28.625336281,-4.447714993
-20.026027856,-28.576402443,-4.462043724
-20.036298176,-28.527468604,-4.477469710
-20.046568496,-28.478534766,-4.493191816
-20.056838816,-28.429600928,-4.509059723
-20.067109136,-28.380667090,-4.524922882
-20.077379456,-28.331733251,-4.540630702
-20.087649776,-28.282799413,-4.555892633
-20.096634941,-28.233678316,-4.570134577
-20.100755365,-28.183848385,-4.584548209
-20.104875789,-28.134018453,-4.599857529
-20.108996213,-28.084188521,-4.615160237
-20.113116637,-28.034358589,-4.630307773
-20.117237061,-27.984528657,-4.645152082
-20.121357485,-27.934698726,-4.659545707
-20.125477909,-27.884868794,-4.673207542
-20.128587221,-27.835012226,-4.685536250
-20.127096075,-27.785034466,-4.698048771
-20.125604928,-27.735056706,-4.711582672
-20.124113782,-27.685078946,-4.724995450
-20.122622635,-27.635101186,-4.738145049
-20.121131488,-27.585123426,-4.750889943
-20.119640342,-27.535145666,-4.763089041
-20.118149195,-27.485167907,-4.774456755
-20.115982410,-27.435239509,-4.784200193
-20.110193727,-27.385575728,-4.794182924
-20.104405043,-27.335911947,-4.805548170
-20.098616359,-27.286248166,-4.816931591
-20.092827675,-27.236584385,-4.828196617
-20.087038991,-27.186920604,-4.839206928
-20.081250307,-27.137256823,-4.849826300
-20.075461623,-27.087593042,-4.859725337
-20.069147816,-27.038010907,-4.867826561
-20.059584318,-26.988934034,-4.876184111
-20.050020820,-26.939857161,-4.886302924
-20.040457322,-26.890780287,-4.896750200
-20.030893824,-26.841703414,-4.907390190
-20.021330326,-26.792626540,-4.918087259
-20.011766827,-26.743549667,-4.928705713
-20.002203329,-26.694472794,-4.938864972
-19.992149537,-26.645512262,-4.947479550
-19.978644045,-26.597370787,-4.956548956
-19.965138552,-26.549229311,-4.967550018
-19.951633060,-26.501087835,-4.979118275
-19.938127567,-26.452946360,-4.991117102
-19.924622075,-26.404804884,-5.003409703
-19.911116582,-26.356663409,-5.015858964
-19.897611090,-26.308521933,-5.028051778
-19.883591220,-26.260552210,-5.039150551
-19.865462973,-26.213954284,-5.050780172
-19.847334727,-26.167356358,-5.064017674
-19.829206480,-26.120758432,-5.077752137
-19.811078234,-26.074160507,-5.091844063
-19.792949987,-26.027562581,-5.106153411
-19.774821741,-25.980964655,-5.120539639
-19.756693494,-25.934366730,-5.134509406
-19.737903155,-25.888073312,-5.147390430
-19.714322309,-25.843983135,-5.160726775
-19.690741463,-25.799892959,-5.175362300
-19.667160617,-25.755802782,-5.190279194
-19.643579771,-25.711712605,-5.205334360
-19.619998925,-25.667622428,-5.220384521
-19.596418079,-25.623532251,-5.235286391
-19.572837233,-25.579442074,-5.249378174
-19.548459630,-25.535841706,-5.262087487
-19.519764216,-25.494895727,-5.275211871
-19.491068801,-25.453949748,-5.289517233
-19.462373387,-25.413003769,-5.303925397
-19.433677972,-25.372057790,-5.318291718
-19.404982558,-25.331111811,-5.332471860
-19.376287143,-25.290165833,-5.346321867
-19.347591728,-25.249219854,-5.358941219
-19.318059153,-25.208922662,-5.369921659
-19.285568798,-25.170917704,-5.381570698
-19.253078442,-25.132912747,-5.394560142
-19.220588087,-25.094907789,-5.407614743
-19.188097731,-25.056902832,-5.420590089
-19.155607376,-25.018897874,-5.433342036
-19.123117020,-24.980892916,-5.445726628
-19.090626665,-24.942887959,-5.456724102
-19.057152606,-24.905799905,-5.466263644
-19.021522431,-24.870721555,-5.477061095
-18.985892256,-24.835643206,-5.489490030
-18.950262081,-24.800564856,-5.502030258
-18.914631906,-24.765486506,-5.514542836
-18.879001730,-24.730408157,-5.526888876
-18.843371555,-24.695329807,-5.538929504
-18.807741380,-24.660251457,-5.549600216
-18.770800104,-24.626633363,-5.559161533
-18.732100220,-24.594973942,-5.570306648
-18.693400335,-24.563314521,-5.583052728
-18.654700451,-24.531655099,-5.595928666
-18.616000567,-24.499995678,-5.608803585
-18.577300683,-24.468336256,-5.621546605
-18.538600799,-24.436676835,-5.633925111
-18.499900914,-24.405017414,-5.645104607
-18.459506608,-24.375659296,-5.655573554
-18.417784297,-24.348104827,-5.667353850
-18.376061986,-24.320550358,-5.680245705
-18.334339675,-24.292995890,-5.693131164
-18.292617363,-24.265441421,-5.705886102
-18.250895052,-24.237886952,-5.718386626
-18.209172741,-24.210332483,-5.730267214
-18.167450430,-24.182778014,-5.741045408
-18.124033231,-24.158066104,-5.751414273
-18.079955536,-24.134461934,-5.762778113
-18.035877842,-24.110857763,-5.774825570
-17.991800147,-24.087253593,-5.786659602
-17.947722453,-24.063649423,-5.798164948
-17.903644758,-24.040045253,-5.809226793
-17.859567064,-24.016441083,-5.819428424
-17.815489369,-23.992836913,-5.828519562
-17.769885361,-23.972366863,-5.837432331
-17.724124168,-23.952219574,-5.847261456
-17.678362976,-23.932072285,-5.857528093
-17.632601783,-23.911924996,-5.867431843
-17.586840591,-23.891777707,-5.876870552
-17.541079398,-23.871630418,-5.885742386
-17.495318206,-23.851483128,-5.893650414
-17.449414114,-23.831689672,-5.900488814
-17.402495861,-23.814407382,-5.907462891
-17.355577608,-23.797125092,-5.915454498
-17.308659356,-23.779842801,-5.923740304
-17.261741103,-23.762560511,-5.931637386
-17.214822850,-23.745278221,-5.939061083
-17.167904597,-23.727995931,-5.945924560
-17.120986344,-23.710713641,-5.951927502
-17.073778265,-23.694280887,-5.957034757
-17.026080301,-23.679284080,-5.962517725
-16.978382337,-23.664287273,-5.968920875
-16.930684373,-23.649290466,-5.975357905
-16.882986409,-23.634293659,-5.981414329
-16.835288445,-23.619296852,-5.987023581
-16.787590480,-23.604300045,-5.992109740
-16.739892516,-23.589303238,-5.996568764
-16.691880712,-23.575373106,-6.000353950
-16.643661238,-23.562148799,-6.004609072
-16.595441763,-23.548924493,-6.009607517
-16.547222289,-23.535700186,-6.014372762
-16.499002814,-23.522475879,-6.018758518
-16.450783340,-23.509251572,-6.022716170
-16.402563866,-23.496027266,-6.026289968
-16.354344391,-23.482802959,-6.029575928
-16.305853244,-23.470623345,-6.032505500
-16.257300161,-23.458681901,-6.035765854
-16.208747077,-23.446740457,-6.039384149
-16.160193994,-23.434799013,-6.042590686
-16.111640910,-23.422857568,-6.045357008
-16.063087827,-23.410916124,-6.047654662
-16.014534743,-23.398974680,-6.049633357
-15.965979694,-23.387041511,-6.051392684
-15.917242649,-23.375874577,-6.052955053
-15.868505604,-23.364707643,-6.054662938
-15.819768558,-23.353540710,-6.056350159
-15.771031513,-23.342373776,-6.057589958
-15.722294468,-23.331206843,-6.058372419
-15.673557422,-23.320039909,-6.058687584
-15.624820377,-23.308872975,-6.058715825
-15.576075754,-23.297739383,-6.058503304
-15.527299313,-23.286745803,-6.058164604
-15.478522872,-23.275752223,-6.057896325
-15.429746431,-23.264758643,-6.057440887
-15.380969990,-23.253765063,-6.056600256
-15.332193549,-23.242771483,-6.055379124
-15.283417108,-23.231777902,-6.053782165
-15.234640667,-23.220784322,-6.051939789
-15.185941269,-23.209463204,-6.049861764
-15.137378596,-23.197560822,-6.047759367
-15.088815922,-23.185658439,-6.045754182
-15.040253248,-23.173756057,-6.043577390
-14.991690574,-23.161853674,-6.041175456
-14.943127900,-23.149951292,-6.038562799
-14.894565226,-23.138048910,-6.035753850
-14.846002552,-23.126146527,-6.032662676
-14.797601380,-23.113619108,-6.029319602
-14.749351435,-23.100506408,-6.026129592
-14.701101491,-23.087393709,-6.023164885
-14.652851547,-23.074281009,-6.020224560
-14.604601603,-23.061168309,-6.017325151
-14.556351659,-23.048055609,-6.014483184
-14.508101715,-23.034942909,-6.011707316
-14.459851771,-23.021830209,-6.008794597
-14.411789861,-23.008053110,-6.005830678
-14.363824322,-22.993935495,-6.003149888
-14.315858783,-22.979817881,-6.000764516
-14.267893244,-22.965700266,-5.998648086
-14.219927704,-22.951582651,-5.996813704
-14.171962165,-22.937465036,-5.995274468
-14.123996626,-22.923347421,-5.994015011
-14.076031087,-22.909229806,-5.992880966
-14.028196885,-22.894675237,-5.991843852
-13.980396504,-22.880008144,-5.990902356
-13.932596123,-22.865341051,-5.990118089
-13.884795743,-22.850673958,-5.989660233
-13.836995362,-22.836006865,-5.989533414
-13.789194982,-22.821339772,-5.989742278
-13.741394601,-22.806672679,-5.990271998
-13.693594221,-22.792005586,-5.991069585
-13.645688488,-22.777686745,-5.991958241
-13.597773512,-22.763398461,-5.992770439
-13.549858536,-22.749110177,-5.993644785
-13.501943560,-22.734821892,-5.994744842
-13.454028584,-22.720533608,-5.996067389
-13.406113608,-22.706245324,-5.997609204
-13.358198632,-22.691957040,-5.999418352
-13.310275747,-22.677696104,-6.001584274
-13.262130362,-22.664204553,-6.003785333
-13.213984977,-22.650713003,-6.005728948
-13.165839593,-22.637221452,-6.007578813
-13.117694208,-22.623729901,-6.009426927
-13.069548824,-22.610238350,-6.011267567
-13.021403439,-22.596746800,-6.013095009
-12.973258054,-22.583255249,-6.014998932
-12.925085570,-22.569863204,-6.017087186
-12.876747757,-22.557078220,-6.019055099
-12.828409944,-22.544293236,-6.020666996
-12.780072130,-22.531508252,-6.022037404
-12.731734317,-22.518723268,-6.023194388
-12.683396504,-22.505938284,-6.024133580
-12.635058691,-22.493153300,-6.024850611
-12.586720878,-22.480368316,-6.025429060
-12.538365206,-22.467651667,-6.025935656
-12.489952806,-22.455152085,-6.026363289
-12.441540406,-22.442652504,-6.026634686
-12.393128006,-22.430152922,-6.026652313
-12.344715607,-22.417653340,-6.026408299
-12.296303207,-22.405153759,-6.025903567
-12.247890807,-22.392654177,-6.025139038
-12.199478407,-22.380154596,-6.024128154
-12.151113468,-22.367475370,-6.022888348
-12.102844578,-22.354432582,-6.021676369
-12.054575689,-22.341389793,-6.020526232
-12.006306800,-22.328347005,-6.019222413
-11.958037911,-22.315304216,-6.017770483
-11.909769021,-22.302261427,-6.016176017
-11.861500132,-22.289218639,-6.014444594
-11.813231243,-22.276175850,-6.012467670
-11.765055248,-22.262800296,-6.010244460
-11.717010044,-22.248956222,-6.008152630
-11.668964840,-22.235112148,-6.006288558
-11.620919636,-22.221268074,-6.004484512
-11.572874433,-22.207424000,-6.002746493
-11.524829229,-22.193579926,-6.001080497
-11.476784025,-22.179735852,-5.999492518
-11.428738821,-22.165891778,-5.997837054
-11.380783828,-22.151742062,-5.996110602
-11.332921381,-22.137278792,-5.994597142
-11.285058934,-22.122815521,-5.993375462
-11.237196488,-22.108352251,-5.992387084
-11.189334041,-22.093888981,-5.991635450
-11.141471594,-22.079425711,-5.991124004
-11.093609147,-22.064962441,-5.990856197
-11.045746700,-22.050499171,-5.990726791
-10.997897425,-22.035992439,-5.990664323
-10.950058245,-22.021452396,-5.990671947
-10.902219064,-22.006912354,-5.990820041
-10.854379884,-21.992372311,-5.991210292
-10.806540704,-21.977832268,-5.991840632
-10.758701524,-21.963292226,-5.992708993
-10.710862344,-21.948752183,-5.993813315
-10.663023164,-21.934212140,-5.995196677
-10.615066361,-21.920068374,-5.996741060
-10.567041432,-21.906154130,-5.998200252
-10.519016503,-21.892239885,-5.999621828
-10.470991574,-21.878325640,-6.001134796
-10.422966646,-21.864411395,-6.002733859
-10.374941717,-21.850497151,-6.004413717
-10.326916788,-21.836582906,-6.006169066
-10.278891859,-21.822668661,-6.008167422
-10.230718406,-21.809282604,-6.010287162
-10.182479899,-21.796127889,-6.012176366
-10.134241393,-21.782973175,-6.013862748
-10.086002887,-21.769818460,-6.015431713
-10.037764381,-21.756663745,-6.016878406
-9.989525874,-21.743509031,-6.018197975
-9.941287368,-21.730354316,-6.019385568
-9.893048862,-21.717199602,-6.020615991
-9.844708721,-21.704425415,-6.021849648
-9.796335234,-21.691776074,-6.022845635
-9.747961748,-21.679126732,-6.023588684
-9.699588262,-21.666477390,-6.024086844
-9.651214776,-21.653828049,-6.024338553
-9.602841290,-21.641178707,-6.024342242
-9.554467804,-21.628529366,-6.024096335
-9.506094318,-21.615880024,-6.023688678
-9.457762527,-21.603072543,-6.023243555
-9.409440758,-21.590227050,-6.022758148
-9.361118990,-21.577381558,-6.022129670
-9.312797221,-21.564536065,-6.021295545
-9.264475453,-21.551690572,-6.020259274
-9.216153684,-21.538845079,-6.019024358
-9.167831916,-21.525999586,-6.017594298
-9.119510147,-21.513154094,-6.015843939
-9.071353593,-21.499704925,-6.013988927
-9.023224938,-21.486153815,-6.012305718
-8.975096283,-21.472602705,-6.010664408
-8.926967628,-21.459051596,-6.009003786
-8.878838973,-21.445500486,-6.007328997
-8.830710319,-21.431949376,-6.005645189
-8.782581664,-21.418398266,-6.003950435
-8.734453009,-21.404847156,-6.002043552
-8.686505241,-21.390670937,-6.000116807
-8.638577307,-21.376426181,-5.998495735
-8.590649372,-21.362181425,-5.997083175
-8.542721437,-21.347936669,-5.995847274
-8.494793503,-21.333691913,-5.994791851
-8.446865568,-21.319447156,-5.993920722
-8.398937633,-21.305202400,-5.993221113
-8.351009699,-21.290957644,-5.992555657
-8.303175157,-21.276402567,-5.991924342
-8.255346213,-21.261828886,-5.991481664
-8.207517270,-21.247255205,-5.991270191
-8.159688326,-21.232681525,-5.991300569
-8.111859383,-21.218107844,-5.991572606
-8.064030439,-21.203534163,-5.992086114
-8.016201496,-21.188960483,-5.992846963
-7.968372552,-21.174386802,-5.993878518
-7.920409871,-21.160259581,-5.994955965
-7.872445474,-21.146138085,-5.995972635
-7.824481077,-21.132016589,-5.997091603
-7.776516681,-21.117895092,-5.998338691
-7.728552284,-21.103773596,-5.999710542
-7.680587888,-21.089652099,-6.001203800
-7.632623491,-21.075530603,-6.002829238
-7.584652052,-21.061433734,-6.004611713
-7.536473628,-21.048060644,-6.006303559
-7.488295205,-21.034687555,-6.007797307
-7.440116782,-21.021314465,-6.009262152
-7.391938358,-21.007941375,-6.010711582
-7.343759935,-20.994568285,-6.012139383
-7.295581512,-20.981195196,-6.013539340
-7.247403089,-20.967822106,-6.014897751
-7.199208927,-20.954507028,-6.016200888
-7.150877417,-20.941698236,-6.017343856
-7.102545907,-20.928889445,-6.018303695
-7.054214397,-20.916080653,-6.019160427
-7.005882887,-20.903271862,-6.019911154
-6.957551377,-20.890463071,-6.020547612
-6.909219867,-20.877654279,-6.021061538
-6.860888357,-20.864845488,-6.021502154
-6.812562486,-20.852015514,-6.021884936
-6.764259785,-20.839098507,-6.022282067
-6.715957084,-20.826181500,-6.022674925
-6.667654383,-20.813264493,-6.022931122
-6.619351682,-20.800347485,-6.023044887
-6.571048981,-20.787430478,-6.023012096
-6.522746280,-20.774513471,-6.022828627
-6.474443579,-20.761596464,-6.022687707
-6.426154187,-20.748630016,-6.022600169
-6.377894256,-20.735554119,-6.022569349
-6.329634325,-20.722478223,-6.022577438
-6.281374394,-20.709402327,-6.022421032
-6.233114463,-20.696326431,-6.022104546
-6.184854532,-20.683250535,-6.021632391
-6.136594601,-20.670174639,-6.021013271
-6.088334670,-20.657098743,-6.020650476
-6.040067661,-20.644049031,-6.020476681
-5.991792010,-20.631031293,-6.020194939
-5.943516359,-20.618013555,-6.019835013
-5.895240708,-20.604995817,-6.019266942
-5.846965056,-20.591978079,-6.018505592
-5.798689405,-20.578960341,-6.017565822
-5.750413754,-20.565942603,-6.016597693
-5.702138103,-20.552924865,-6.016010118
-5.653917339,-20.539706293,-6.015555195
-5.605731177,-20.526361117,-6.014706853
-5.557545014,-20.513015940,-6.013490355
-5.509358852,-20.499670763,-6.011955145
-5.461172689,-20.486325586,-6.010125781
-5.412986527,-20.472980409,-6.008026812
-5.364800364,-20.459635232,-6.006029996
-5.316614202,-20.446290056,-6.004453707
-5.268624994,-20.432257644,-6.002805694
-5.220684870,-20.418053965,-6.000629394
-5.172744746,-20.403850286,-5.997969004
-5.124804622,-20.389646607,-5.994892614
-5.076864497,-20.375442928,-5.991437010
-5.028924373,-20.361239249,-5.987638983
-4.980984249,-20.347035570,-5.984183749
-4.933048766,-20.332817031,-5.981196578
-4.885545273,-20.317215166,-5.977890989
-4.838041780,-20.301613302,-5.974052737
-4.790538288,-20.286011437,-5.969729348
-4.743034795,-20.270409572,-5.964964676
-4.695531302,-20.254807707,-5.959811726
-4.648027810,-20.239205842,-5.954323562
-4.600524317,-20.223603978,-5.949569336
-4.553183442,-20.207538897,-5.945414462
-4.506351822,-20.190023208,-5.940608279
-4.459520202,-20.172507519,-5.935127511
-4.412688582,-20.154991829,-5.929091739
-4.365856962,-20.137476140,-5.922607147
-4.319025342,-20.119960451,-5.915743872
-4.272193722,-20.102444762,-5.908798449
-4.225362102,-20.084929073,-5.902824153
-4.179004301,-20.066240727,-5.897397948
-4.133150061,-20.046306118,-5.891108747
-4.087295821,-20.026371508,-5.883943188
-4.041441581,-20.006436899,-5.876174784
-3.995587340,-19.986502289,-5.867940232
-3.949733100,-19.966567680,-5.859327534
-3.903878860,-19.946633070,-5.851010156
-3.858024620,-19.926698460,-5.843975776
-3.813185546,-19.904619610,-5.837384119
-3.768703923,-19.881785748,-5.829612960
-3.724222301,-19.858951886,-5.820690301
-3.679740678,-19.836118024,-5.811120175
-3.635259055,-19.813284163,-5.801010779
-3.590777433,-19.790450301,-5.790470586
-3.546295810,-19.767616439,-5.780549455
-3.501814188,-19.744782577,-5.772014836
-3.459166743,-19.718690894,-5.763497977
-3.416574360,-19.692501414,-5.753551483
-3.373981976,-19.666311934,-5.742348575
-3.331389592,-19.640122454,-5.730434447
-3.288797209,-19.613932975,-5.717937356
-3.246204825,-19.587743495,-5.704986147
-3.203612441,-19.561554015,-5.692838926
-3.161493033,-19.534670123,-5.681964786
-3.121525602,-19.504626748,-5.670598040
-3.081558170,-19.474583372,-5.657680225
-3.041590739,-19.444539996,-5.643620407
-3.001623307,-19.414496621,-5.628924164
-2.961655875,-19.384453245,-5.613736410
-2.921688444,-19.354409870,-5.598203095
-2.881721012,-19.324366494,-5.583642495
-2.843179302,-19.292647476,-5.570283320
-2.807123645,-19.258006610,-5.556022825
-2.771067987,-19.223365744,-5.540233466
-2.735012330,-19.188724878,-5.523657822
-2.698956673,-19.154084012,-5.506674147
-2.662901016,-19.119443146,-5.489439923
-2.626845359,-19.084802280,-5.472113475
-2.590789702,-19.050161414,-5.455829437
-2.557402283,-19.013100066,-5.440660883
-2.526427856,-18.973849781,-5.424369835
-2.495453429,-18.934599496,-5.406750559
-2.464479003,-18.895349210,-5.388938048
-2.433504576,-18.856098925,-5.371122240
-2.402530150,-18.816848640,-5.353463750
-2.371555723,-18.777598354,-5.336124447
-2.340581297,-18.738348069,-5.320193018
-2.313228218,-18.696609198,-5.305371821
-2.287689968,-18.653623180,-5.289450015
-2.262151718,-18.610637161,-5.272605468
-2.236613468,-18.567651143,-5.255977249
-2.211075217,-18.524665124,-5.239719738
-2.185536967,-18.481679106,-5.223986241
-2.159998717,-18.438693088,-5.209019823
-2.134460467,-18.395707069,-5.195844873
-2.112989990,-18.350613691,-5.183628096
-2.092606024,-18.304957433,-5.170126986
-2.072222059,-18.259301174,-5.155854615
-2.051838094,-18.213644915,-5.141934270
-2.031454128,-18.167988657,-5.128508801
-2.011070163,-18.122332398,-5.115720309
-1.990686197,-18.076676139,-5.103908274
-1.970302232,-18.031019881,-5.094113883
-1.953421424,-17.983972370,-5.084902230
-1.936927737,-17.936771117,-5.074047671
-1.920434049,-17.889569864,-5.062444562
-1.903940362,-17.842368611,-5.051066476
-1.887446675,-17.795167358,-5.040046004
-1.870952987,-17.747966105,-5.029515504
-1.854459300,-17.700764852,-5.019969570
-1.837971717,-17.653561705,-5.012591570
-1.824845011,-17.605315569,-5.005422593
-1.811718306,-17.557069434,-4.996270895
-1.798591600,-17.508823298,-4.986303191
-1.785464895,-17.460577162,-4.976227300
-1.772338189,-17.412331027,-4.966172127
-1.759211483,-17.364084891,-4.956266584
-1.746084778,-17.315838756,-4.947135502
-1.733289959,-17.267515293,-4.939951196
-1.723740440,-17.218435697,-4.932504148
-1.714190920,-17.169356102,-4.922869478
-1.704641401,-17.120276507,-4.912334131
-1.695091882,-17.071196911,-4.901354594
-1.685542362,-17.022117316,-4.890060945
-1.675992843,-16.973037721,-4.878583492
-1.666443324,-16.923958125,-4.867650627
-1.657624044,-16.874768349,-4.858239339
-1.652267574,-16.825056095,-4.848318603
-1.646911104,-16.775343841,-4.836493592
-1.641554634,-16.725631586,-4.823890987
-1.636198163,-16.675919332,-4.810759416
-1.630841693,-16.626207078,-4.797236335
-1.625485223,-16.576494823,-4.783459813
-1.620128753,-16.526782569,-4.770135660
-1.616127967,-16.477000283,-4.757873763
-1.616333536,-16.427000706,-4.744856701
-1.616539105,-16.377001128,-4.730314586
-1.616744674,-16.327001551,-4.715331687
-1.616950242,-16.277001973,-4.700050925
-1.617155811,-16.227002396,-4.684615860
-1.617361380,-16.177002819,-4.669170532
-1.617566949,-16.127003241,-4.654474475
-1.619649701,-16.077128392,-4.640795115
-1.626061085,-16.027541154,-4.626362827
-1.632472468,-15.977953916,-4.610793842
-1.638883851,-15.928366678,-4.595114598
-1.645295235,-15.878779440,-4.579469682
-1.651706618,-15.829192202,-4.564003482
-1.658118002,-15.779604964,-4.548859956
-1.664529385,-15.730017726,-4.535010918
-1.673198856,-15.680861772,-4.522398977
-1.685513933,-15.632402109,-4.508964128
-1.697829010,-15.583942447,-4.494602850
-1.710144087,-15.535482784,-4.480370886
-1.722459164,-15.487023122,-4.466409417
-1.734774241,-15.438563460,-4.452858986
-1.747089318,-15.390103797,-4.439859516
-1.759404395,-15.341644135,-4.428789806
-1.773809641,-15.293815543,-4.419113278
-1.790369798,-15.246637570,-4.408052380
-1.806929955,-15.199459596,-4.395854179
-1.823490112,-15.152281622,-4.383750878
-1.840050269,-15.105103649,-4.371879174
-1.856610426,-15.057925675,-4.360375456
-1.873170583,-15.010747701,-4.349642846
-1.889730740,-14.963569728,-4.340862295
-1.908465903,-14.917246698,-4.333011178
-1.928463727,-14.871419992,-4.323396985
-1.948461551,-14.825593285,-4.312410730
-1.968459375,-14.779766579,-4.301324039
-1.988457199,-14.733939872,-4.290269379
-2.008455023,-14.688113166,-4.279379205
-2.028452848,-14.642286459,-4.269312397
-2.048450672,-14.596459753,-4.260784658
-2.071246289,-14.551985635,-4.252398363
-2.094740892,-14.507849441,-4.242111047
-2.118235496,-14.463713247,-4.230455290
-2.141730100,-14.419577053,-4.218545275
-2.165224703,-14.375440860,-4.206507961
-2.188719307,-14.331304666,-4.194470517
-2.212213911,-14.287168472,-4.183270315
-2.235708514,-14.243032279,-4.173191596
-2.263185817,-14.201262519,-4.162724576
-2.290716010,-14.159524186,-4.150771553
-2.318246203,-14.117785852,-4.137917012
-2.345776396,-14.076047519,-4.124888133
-2.373306589,-14.034309185,-4.111810350
-2.400836782,-13.992570852,-4.098811621
-2.428366975,-13.950832518,-4.086830349
-2.456706140,-13.909689548,-4.075819698
-2.488371077,-13.870994176,-4.064158558
-2.520036013,-13.832298804,-4.051402847
-2.551700949,-13.793603432,-4.038225267
-2.583365886,-13.754908060,-4.025110269
-2.615030822,-13.716212688,-4.012180777
-2.646695758,-13.677517316,-3.999776797
-2.678360695,-13.638821944,-3.988396227
-2.711505816,-13.601456070,-3.977809365
-2.746592485,-13.565834087,-3.966623338
-2.781679155,-13.530212105,-3.954534703
-2.816765824,-13.494590123,-3.942441951
-2.851852494,-13.458968140,-3.930665968
-2.886939163,-13.423346158,-3.919321793
-2.922025833,-13.387724176,-3.908560009
-2.957112502,-13.352102194,-3.898978556
-2.994034143,-13.318431271,-3.890543323
-3.031738864,-13.285592970,-3.881272409
-3.069443585,-13.252754669,-3.870992023
-3.107148306,-13.219916368,-3.861029886
-3.144853027,-13.187078067,-3.851504519
-3.182557748,-13.154239766,-3.842517837
-3.220262469,-13.121401465,-3.834171514
-3.257972868,-13.088570100,-3.826853035
-3.297609957,-13.058092220,-3.820339182
-3.337247047,-13.027614340,-3.812960380
-3.376884136,-12.997136461,-3.804756753
-3.416521226,-12.966658581,-3.796915936
-3.456158315,-12.936180702,-3.789522295
-3.495795405,-12.905702822,-3.782660030
-3.535432494,-12.875224943,-3.776413278
-3.575546115,-12.845398123,-3.770970026
-3.616580823,-12.816829736,-3.765809640
-3.657615531,-12.788261349,-3.759887510
-3.698650239,-12.759692962,-3.753563615
-3.739684947,-12.731124575,-3.747607791
-3.780719655,-12.702556188,-3.742085591
-3.821754363,-12.673987801,-3.737062509
-3.862789071,-12.645419414,-3.732604044
-3.903897386,-12.616961246,-3.728758606
-3.946007867,-12.590003736,-3.724671088
-3.988118348,-12.563046225,-3.719883137
-4.030228829,-12.536088714,-3.715140828
-4.072339310,-12.509131203,-3.710801126
-4.114449791,-12.482173692,-3.706909961
-4.156560272,-12.455216181,-3.703513246
-4.198670753,-12.428258670,-3.700656928
-4.240781234,-12.401301160,-3.698333846
-4.283443281,-12.375230078,-3.695308337
-4.326231037,-12.349361024,-3.691552999
-4.369018792,-12.323491969,-3.688257717
-4.411806548,-12.297622915,-3.685447246
-4.454594303,-12.271753861,-3.683146336
-4.497382059,-12.245884806,-3.681379764
-4.540169815,-12.220015752,-3.680172361
-4.582957570,-12.194146698,-3.679277008
-4.625938510,-12.168601935,-3.677801145
-4.669060319,-12.143293645,-3.675949237
-4.712182129,-12.117985355,-3.674575310
-4.755303938,-12.092677064,-3.673699245
-4.798425748,-12.067368774,-3.673327413
-4.841547557,-12.042060484,-3.673466241
-4.884669367,-12.016752194,-3.674122217
-4.927791176,-11.991443904,-3.675257072
-4.970881327,-11.966081886,-3.676050569
-5.013915031,-11.940624072,-3.676418963
-5.056948736,-11.915166258,-3.677119205
-5.099982440,-11.889708444,-3.678209058
-5.143016145,-11.864250631,-3.679680300
-5.186049849,-11.838792817,-3.681524727
-5.229083553,-11.813335003,-3.683734140
-5.272117258,-11.787877189,-3.686300342
-5.315056592,-11.762264004,-3.688803501
-5.357486707,-11.735812437,-3.691065687
-5.399916821,-11.709360870,-3.693423421
-5.442346935,-11.682909303,-3.695967134
-5.484777050,-11.656457736,-3.698680313
-5.527207164,-11.630006170,-3.701546427
-5.569637279,-11.603554603,-3.704548933
-5.612067393,-11.577103036,-3.707671271
-5.654497508,-11.550651469,-3.710848760
-5.696263576,-11.523164268,-3.714014932
-5.738008030,-11.495643355,-3.717122828
-5.779752483,-11.468122443,-3.720127143
-5.821496936,-11.440601531,-3.723011033
-5.863241390,-11.413080618,-3.725757669
-5.904985843,-11.385559706,-3.728350238
-5.946730296,-11.358038794,-3.730771940
-5.988474750,-11.330517881,-3.733106390
-6.029798008,-11.302371104,-3.735511886
-6.071012268,-11.274062364,-3.737833397
-6.112226527,-11.245753623,-3.739843816
-6.153440787,-11.217444883,-3.741531546
-6.194655047,-11.189136142,-3.742884985
-6.235869307,-11.160827401,-3.743892529
-6.277083566,-11.132518661,-3.744542557
-6.318297826,-11.104209920,-3.744921066
-6.359392408,-11.075728177,-3.745483155
-6.400417632,-11.047146172,-3.746159536
-6.441442855,-11.018564166,-3.746516348
-6.482468078,-10.989982160,-3.746550977
-6.523493302,-10.961400155,-3.746260793
-6.564518525,-10.932818149,-3.745643149
-6.605543749,-10.904236144,-3.744695385
-6.646568972,-10.875654138,-3.743413812
-6.687757842,-10.847310040,-3.742203003
-6.729121511,-10.819220061,-3.741157287
-6.770485179,-10.791130081,-3.739954790
-6.811848848,-10.763040102,-3.738588111
-6.853212516,-10.734950123,-3.737060902
-6.894576184,-10.706860144,-3.735376821
-6.935939853,-10.678770164,-3.733539527
-6.977303521,-10.650680185,-3.731552689
-7.018826573,-10.622829163,-3.729480644
-7.060652442,-10.595432143,-3.727481961
-7.102478311,-10.568035124,-3.725604579
-7.144304180,-10.540638104,-3.723802795
-7.186130049,-10.513241085,-3.722081479
-7.227955918,-10.485844065,-3.720445497
-7.269781787,-10.458447046,-3.718899711
-7.311607656,-10.431050026,-3.717448981
-7.353504673,-10.403763075,-3.715974067
-7.395659655,-10.376875206,-3.714551552
-7.437814637,-10.349987338,-3.713378776
-7.479969619,-10.323099469,-3.712456064
-7.522124601,-10.296211600,-3.711785858
-7.564279583,-10.269323731,-3.711370605
-7.606434566,-10.242435863,-3.711212759
-7.648589548,-10.215547994,-3.711314780
-7.690742554,-10.188657030,-3.711474580
-7.732877138,-10.161737208,-3.711566007
-7.775011722,-10.134817385,-3.711784921
-7.817146306,-10.107897563,-3.712248472
-7.859280890,-10.080977741,-3.712953578
-7.901415474,-10.054057919,-3.713897160
-7.943550058,-10.027138096,-3.715076144
-7.985684642,-10.000218274,-3.716487458
-8.027819226,-9.973298452,-3.718091367
-8.069569608,-9.945786660,-3.719694011
-8.111314632,-9.918266614,-3.721255708
-8.153059656,-9.890746568,-3.722889573
-8.194804681,-9.863226521,-3.724589854
-8.236549705,-9.835706475,-3.726350791
-8.278294729,-9.808186429,-3.728166626
-8.320039753,-9.780666383,-3.730031595
-8.361784778,-9.753146336,-3.732022865
-8.403135708,-9.725038780,-3.734016025
-8.444434771,-9.696853902,-3.735839017
-8.485733834,-9.668669023,-3.737521715
-8.527032897,-9.640484144,-3.739059082
-8.568331960,-9.612299266,-3.740446084
-8.609631024,-9.584114387,-3.741677691
-8.650930087,-9.555929509,-3.742748877
-8.692229150,-9.527744630,-3.743755216
-8.733308454,-9.499241110,-3.744765598
-8.774328842,-9.470652167,-3.745637997
-8.815349231,-9.442063223,-3.746258860
-8.856369620,-9.413474279,-3.746626749
-8.897390009,-9.384885335,-3.746740219
-8.938410397,-9.356296391,-3.746597819
-8.979430786,-9.327707447,-3.746198088
-9.020451175,-9.299118503,-3.745568279
-9.061596578,-9.270710140,-3.744971682
-9.102795463,-9.242379027,-3.744414457
-9.143994347,-9.214047915,-3.743666389
-9.185193231,-9.185716802,-3.742728075
-9.226392115,-9.157385689,-3.741602830
-9.267590999,-9.129054577,-3.740293967
-9.308789883,-9.100723464,-3.738804802
-9.349988768,-9.072392352,-3.737075436
-9.391446068,-9.044443090,-3.735270495
-9.433062687,-9.016729250,-3.733567310
-9.474679307,-8.989015409,-3.731893592
-9.516295927,-8.961301568,-3.730228188
-9.557912547,-8.933587728,-3.728575653
-9.599529166,-8.905873887,-3.726940544
-9.641145786,-8.878160047,-3.725327412
-9.682762406,-8.850446206,-3.723666313
-9.724576530,-8.823033255,-3.721968649
-9.766557036,-8.795873780,-3.720419836
-9.808537543,-8.768714305,-3.719094549
-9.850518049,-8.741554830,-3.717967203
-9.892498556,-8.714395355,-3.717040856
-9.934479062,-8.687235880,-3.716318570
-9.976459569,-8.660076406,-3.715803404
-10.018440075,-8.632916931,-3.715454024
-10.060476921,-8.605844962,-3.715100362
-10.102576687,-8.578870720,-3.714776602
-10.144676452,-8.551896478,-3.714669375
-10.186776218,-8.524922235,-3.714803249
-10.228875984,-8.497947993,-3.715176867
-10.270975749,-8.470973751,-3.715788882
-10.313075515,-8.443999509,-3.716637950
-10.355175280,-8.417025267,-3.717730520
-10.397150431,-8.389858921,-3.718932301
-10.438944131,-8.362412853,-3.720100831
-10.480737832,-8.334966786,-3.721311256
-10.522531532,-8.307520718,-3.722637497
-10.564325232,-8.280074651,-3.724074995
-10.606118932,-8.252628584,-3.725619189
-10.647912633,-8.225182516,-3.727265514
-10.689706333,-8.197736449,-3.729045612
-10.731350178,-8.170066014,-3.730979437
-10.772711570,-8.141972683,-3.732858996
-10.814072962,-8.113879351,-3.734571764
-10.855434354,-8.085786020,-3.736197031
-10.896795746,-8.057692689,-3.737730365
-10.938157138,-8.029599358,-3.739167337
-10.979518529,-8.001506027,-3.740503522
-11.020879921,-7.973412695,-3.741763293
-11.062150191,-7.945186792,-3.743070179
-11.103197899,-7.916637086,-3.744302002
-11.144245607,-7.888087381,-3.745270803
-11.185293315,-7.859537676,-3.746006799
-11.226341022,-7.830987970,-3.746508126
-11.267388730,-7.802438265,-3.746772913
-11.308436438,-7.773888559,-3.746799287
-11.349484146,-7.745338854,-3.746595851
-11.390547938,-7.716812332,-3.746326630
-11.431663115,-7.688359877,-3.746085150
-11.472778292,-7.659907422,-3.745719861
-11.513893469,-7.631454966,-3.745141602
-11.555008647,-7.603002511,-3.744353227
-11.596123824,-7.574550056,-3.743357589
-11.637239001,-7.546097601,-3.742157536
-11.678354178,-7.517645146,-3.740748115
-11.719543236,-7.489301042,-3.739113018
-11.761047111,-7.461418640,-3.737478741
-11.802550986,-7.433536237,-3.735943620
-11.844054861,-7.405653835,-3.734371864
-11.885558736,-7.377771433,-3.732768103
-11.927062611,-7.349889030,-3.731136968
-11.968566486,-7.322006628,-3.729483091
-12.010070361,-7.294124226,-3.727804987
-12.051631774,-7.266328814,-3.725959734
-12.093531785,-7.239045319,-3.724147103
-12.135431796,-7.211761824,-3.722599282
-12.177331807,-7.184478330,-3.721211364
-12.219231818,-7.157194835,-3.719986915
-12.261131829,-7.129911340,-3.718929499
-12.303031840,-7.102627846,-3.718042681
-12.344931851,-7.075344351,-3.717330022
-12.386852475,-7.048092768,-3.716618563
-12.428951371,-7.021117168,-3.715915145
-12.471050267,-6.994141568,-3.715426979
-12.513149162,-6.967165968,-3.715179630
-12.555248058,-6.940190369,-3.715172957
-12.597346954,-6.913214769,-3.715406825
-12.639445849,-6.886239169,-3.715881105
-12.681544745,-6.859263569,-3.716595676
-12.723628283,-6.832264230,-3.717491241
-12.765490977,-6.804923512,-3.718372591
-12.807353672,-6.777582795,-3.719256694
-12.849216366,-6.750242078,-3.720294528
-12.891079060,-6.722901361,-3.721482161
-12.932941755,-6.695560644,-3.722815655
-12.974804449,-6.668219926,-3.724291073
-13.016667144,-6.640879209,-3.725904473
-13.058517584,-6.613520037,-3.727778771
-13.099960638,-6.585547313,-3.729671104
-13.141403692,-6.557574589,-3.731367469
-13.182846745,-6.529601865,-3.733019412
-13.224289799,-6.501629141,-3.734622514
-13.265732853,-6.473656417,-3.736172360
-13.307175907,-6.445683693,-3.737664533
-13.348618961,-6.417710969,-3.739094623
-13.390062015,-6.389738245,-3.740633355
-13.431163606,-6.361266193,-3.742140365
-13.472263807,-6.332792109,-3.743368980
-13.513364008,-6.304318024,-3.744384587
-13.554464208,-6.275843939,-3.745184748
-13.595564409,-6.247369855,-3.745767021
-13.636664610,-6.218895770,-3.746128962
-13.677764811,-6.190421685,-3.746268124
-13.718865011,-6.161947601,-3.746306379
-13.759934704,-6.133429532,-3.746370706
-13.801003292,-6.104909871,-3.746335585
-13.842071880,-6.076390210,-3.746072696
-13.883140468,-6.047870549,-3.745584199
-13.924209056,-6.019350887,-3.744872251
-13.965277644,-5.990831226,-3.743939005
-14.006346232,-5.962311565,-3.742786609
-14.047414821,-5.933791904,-3.741354549
-14.088815432,-5.905756820,-3.739899867
-14.130238597,-5.877754653,-3.738553916
-14.171661763,-5.849752485,-3.737131663
-14.213084928,-5.821750318,-3.735637647
-14.254508093,-5.793748150,-3.734076409
-14.295931258,-5.765745983,-3.732452494
-14.337354424,-5.737743816,-3.730770447
-14.378777589,-5.709741648,-3.728864481
-14.420577861,-5.682306428,-3.726948788
-14.462415524,-5.654927423,-3.725280938
-14.504253188,-5.627548419,-3.723737524
-14.546090852,-5.600169414,-3.722321757
-14.587928515,-5.572790409,-3.721037526
-14.629766179,-5.545411404,-3.719888718
-14.671603843,-5.518032400,-3.718879216
-14.713441506,-5.490653395,-3.717862441
-14.755505216,-5.463623377,-3.716860302
-14.797598280,-5.436638679,-3.716069732
-14.839691344,-5.409653980,-3.715517091
-14.881784408,-5.382669281,-3.715202613
-14.923877472,-5.355684582,-3.715127072
-14.965970536,-5.328699884,-3.715291247
-15.008063600,-5.301715185,-3.715695926
-15.050156664,-5.274730486,-3.716288533
-15.092111903,-5.247532185,-3.716869441
-15.134045093,-5.220299712,-3.717455004
-15.175978283,-5.193067240,-3.718217427
-15.217911473,-5.165834767,-3.719164079
-15.259844663,-5.138602294,-3.720291317
-15.301777853,-5.111369821,-3.721595500
-15.343711043,-5.084137349,-3.723072982
-15.385644233,-5.056904876,-3.724838744
-15.427237661,-5.029157539,-3.726665145
-15.468766739,-5.001312688,-3.728330935
-15.510295816,-4.973467838,-3.729975617
-15.551824894,-4.945622987,-3.731613141
-15.593353971,-4.917778136,-3.733238812
-15.634883049,-4.889933285,-3.734847933
-15.676412126,-4.862088434,-3.736435813
-15.717941204,-4.834243583,-3.738162605
-15.759163747,-4.805948051,-3.739896361
-15.800319433,-4.777554223,-3.741377156
-15.841475120,-4.749160395,-3.742652849
-15.882630807,-4.720766567,-3.743735238
-15.923786493,-4.692372739,-3.744621218
-15.964942180,-4.663978911,-3.745307683
-16.006097866,-4.635585083,-3.745791525
-16.047253553,-4.607191255,-3.746186612
-16.088299037,-4.578638514,-3.746588480
-16.129317403,-4.550046669,-3.746874736
-16.170335770,-4.521454823,-3.746932279
-16.211354136,-4.492862978,-3.746751147
-16.252372503,-4.464271133,-3.746332590
-16.293390869,-4.435679288,-3.745677857
-16.334409236,-4.407087443,-3.744788190
-16.375427602,-4.378495597,-3.743646782
-16.416689754,-4.350257602,-3.742461378
-16.458018523,-4.322116301,-3.741336149
-16.499347292,-4.293974999,-3.740120103
-16.540676061,-4.265833698,-3.738785535
-16.582004831,-4.237692397,-3.737336998
-16.623333600,-4.209551096,-3.735779046
-16.664662369,-4.181409794,-3.734116239
-16.705991138,-4.153268493,-3.732215766
-16.747652081,-4.125623258,-3.730245338
-16.789412543,-4.098126642,-3.728462404
-16.831173004,-4.070630026,-3.726791016
-16.872933465,-4.043133410,-3.725202814
-16.914693926,-4.015636794,-3.723702259
-16.956454387,-3.988140178,-3.722293810
-16.998214848,-3.960643562,-3.720981925
-17.039975309,-3.933146946,-3.719626695
-17.081966857,-3.906005622,-3.718272208
-17.124033535,-3.878979808,-3.717138456
-17.166100213,-3.851953994,-3.716247058
-17.208166890,-3.824928180,-3.715586817
-17.250233568,-3.797902366,-3.715159675
-17.292300246,-3.770876551,-3.714967576
-17.334366923,-3.743850737,-3.715012473
-17.376433601,-3.716824923,-3.715219661
-17.418464893,-3.689744137,-3.715430213
-17.460483808,-3.662644122,-3.715677950
-17.502502722,-3.635544107,-3.716110922
-17.544521637,-3.608444092,-3.716758692
-17.586540552,-3.581344077,-3.717618420
-17.628559466,-3.554244062,-3.718687266
-17.670578381,-3.527144047,-3.719962395
-17.712597296,-3.500044032,-3.721520024
-17.754343705,-3.472527767,-3.723172694
-17.795988312,-3.444855999,-3.724715017
-17.837632919,-3.417184232,-3.726253739
-17.879277525,-3.389512464,-3.727833528
-17.920922132,-3.361840697,-3.729449666
-17.962566739,-3.334168929,-3.731097431
-18.004211346,-3.306497161,-3.732772100
-18.045855953,-3.278825394,-3.734612237
-18.087208004,-3.250720243,-3.736504331
-18.128444068,-3.222443274,-3.738181972
-18.169680133,-3.194166305,-3.739669364
-18.210916198,-3.165889336,-3.741000843
-18.252152262,-3.137612367,-3.742172708
-18.293388327,-3.109335398,-3.743181258
-18.334624391,-3.081058429,-3.744022794
-18.375860456,-3.052781460,-3.744809473
-18.416938515,-3.024276009,-3.745590066
-18.457950452,-2.995674941,-3.746220827
-18.498962388,-2.967073874,-3.746616891
-18.539974325,-2.938472806,-3.746771871
-18.580986261,-2.909871738,-3.746685687
-18.621998197,-2.881270671,-3.746358249
-18.663010134,-2.852669603,-3.745789464
-18.704022070,-2.824068535,-3.744998147
-18.745196859,-2.795703052,-3.744156309
-18.786443252,-2.767441150,-3.743334654
-18.827689645,-2.739179248,-3.742401374
-18.868936037,-2.710917346,-3.741309055
-18.910182430,-2.682655444,-3.740061587
-18.951428823,-2.654393543,-3.738662861
-18.992675215,-2.626131641,-3.737116774
-19.033921608,-2.597869739,-3.735295607
-19.075458052,-2.570038103,-3.733372178
-19.117127904,-2.542404365,-3.731621682
-19.158797755,-2.514770628,-3.729961836
-19.200467607,-2.487136890,-3.728339923
-19.242137459,-2.459503152,-3.726760468
-19.283807310,-2.431869414,-3.725227994
-19.325477162,-2.404235676,-3.723747021
-19.367147013,-2.376601938,-3.722140582
-19.409046654,-2.349319423,-3.720528967
-19.451056447,-2.322205270,-3.719197248
-19.493066240,-2.295091117,-3.718100317
-19.535076033,-2.267976964,-3.717208911
-19.577085826,-2.240862811,-3.716525854
-19.619095619,-2.213748658,-3.716053974
-19.661105413,-2.186634505,-3.715783314
-19.703115206,-2.159520352,-3.715596653
-19.745162114,-2.132463827,-3.715442033
-19.787224253,-2.105430950,-3.715409186
-19.829286393,-2.078398073,-3.715567817
-19.871348532,-2.051365196,-3.715950903
-19.913410671,-2.024332319,-3.716556675
-19.955472811,-1.997299442,-3.717383369
-19.997534950,-1.970266565,-3.718391643
-20.039597089,-1.943233688,-3.719511765
-20.081399050,-1.915801362,-3.720628178
-20.123128283,-1.888257376,-3.721715774
-20.164857515,-1.860713391,-3.722895743
-20.206586748,-1.833169405,-3.724226235
-20.248315981,-1.805625419,-3.725699506
-20.290045213,-1.778081434,-3.727307809
-20.331774446,-1.750537448,-3.729050063
-20.373503679,-1.722993463,-3.730921173
-20.414866866,-1.694903527,-3.732762271
-20.456194245,-1.666760184,-3.734465287
-20.497521624,-1.638616842,-3.736123307
-20.538849003,-1.610473499,-3.737781154
-20.580176382,-1.582330157,-3.739428099
-20.621503762,-1.554186814,-3.741053415
-20.662831141,-1.526043471,-3.742803874
-20.704132251,-1.497861958,-3.744641158
-20.745181039,-1.469313807,-3.746339609
-20.786229828,-1.440765656,-3.747869410
-20.827278617,-1.412217505,-3.749239616
-20.868327406,-1.383669353,-3.750449819
-20.909376195,-1.355121202,-3.751491850
-20.950424984,-1.326573051,-3.752470816
-20.991473773,-1.298024900,-3.753562746
-21.032444346,-1.269365268,-3.754577210
-21.073256456,-1.240479774,-3.755417191
-21.114068565,-1.211594281,-3.756156606
-21.154880675,-1.182708788,-3.756672817
-21.195692784,-1.153823295,-3.756929964
-21.236504893,-1.124937801,-3.756928950
-21.277317003,-1.096052308,-3.757049418
-21.318129112,-1.067166815,-3.757307797
-21.358955179,-1.038301058,-3.757226142
-21.399789838,-1.009447452,-3.756916652
-21.440624498,-0.980593846,-3.756453598
-21.481459157,-0.951740240,-3.755672810
-21.522293817,-0.922886634,-3.754569905
-21.563128477,-0.894033028,-3.753340151
-21.603963136,-0.865179422,-3.752407694
-21.644797796,-0.836325816,-3.751468352
-21.685958852,-0.807940014,-3.750010607
-21.727133680,-0.779573951,-3.748213196
-21.768308508,-0.751207888,-3.746117515
-21.809483336,-0.722841825,-3.743628145
-21.850658164,-0.694475762,-3.740772517
-21.891832992,-0.666109699,-3.738186235
-21.933007820,-0.637743635,-3.735953409
-21.974411481,-0.609718175,-3.733326159
-22.016237019,-0.582320650,-3.730161823
-22.058062557,-0.554923126,-3.726604630
-22.099888096,-0.527525601,-3.722677564
-22.141713634,-0.500128077,-3.718348513
-22.183539172,-0.472730552,-3.713661539
-22.225364710,-0.445333027,-3.709344743
-22.267190249,-0.417935503,-3.705649430
-22.309748541,-0.391699953,-3.701717282
-22.352496201,-0.365764696,-3.697168688
-22.395243860,-0.339829438,-3.692059861
-22.437991520,-0.313894180,-3.686459128
-22.480739180,-0.287958922,-3.680433168
-22.523486839,-0.262023665,-3.674044643
-22.566234499,-0.236088407,-3.668367356
-22.609312216,-0.210726485,-3.664095484
-22.653206806,-0.186783531,-3.659888914
-22.697101395,-0.162840578,-3.654613403
-22.740995985,-0.138897625,-3.648319886
-22.784890574,-0.114954672,-3.641255722
-22.828785164,-0.091011718,-3.633519319
-22.872679753,-0.067068765,-3.625202472
-22.916574343,-0.043125812,-3.617229892
-22.961475019,-0.021162118,-3.610626563
-23.006687028,0.000189094,-3.604108202
-23.051899037,0.021540305,-3.596165790
-23.097111046,0.042891517,-3.586986104
-23.142323054,0.064242729,-3.576893848
-23.187535063,0.085593941,-3.566006746
-23.232747072,0.106945153,-3.554442848
-23.277959081,0.128296365,-3.542881622
-23.324155936,0.147338071,-3.532529539
-23.370862733,0.165183942,-3.522126603
-23.417569530,0.183029814,-3.510149634
-23.464276327,0.200875686,-3.497089916
-23.510983124,0.218721557,-3.483181902
-23.557689920,0.236567429,-3.468564500
-23.604396717,0.254413300,-3.453377846
-23.651103514,0.272259172,-3.438088707
-23.698906544,0.286507937,-3.423761781
-23.747627671,0.297744119,-3.409330513
-23.796348798,0.308980300,-3.393568643
-23.845069925,0.320216482,-3.377071205
-23.893791052,0.331452663,-3.359993933
-23.942512179,0.342688845,-3.342493930
-23.991233306,0.353925026,-3.324729626
-24.039954433,0.365161208,-3.307004387
-24.089159067,0.373252981,-3.289837017
-24.139005149,0.377173201,-3.272649956
-24.188851231,0.381093421,-3.254815599
-24.238697313,0.385013640,-3.236680746
-24.288543395,0.388933860,-3.218411799
-24.338389477,0.392854080,-3.200175318
-24.388235558,0.396774300,-3.182137679
-24.438081640,0.400694519,-3.164492616
-24.487948957,0.402418528,-3.147473825
-24.537861519,0.399462838,-3.130499321
-24.587774081,0.396507147,-3.113263738
-24.637686644,0.393551456,-3.096262481
-24.687599206,0.390595766,-3.079657778
-24.737511769,0.387640075,-3.063610769
-24.787424331,0.384684385,-3.048281561
-24.837336894,0.381728694,-3.033829509
-24.887096796,0.377498519,-3.020074766
-24.936295407,0.368582429,-3.005867059
-24.985494017,0.359666338,-2.991134106
-25.034692628,0.350750247,-2.976774848
-25.083891239,0.341834156,-2.962936056
-25.133089850,0.332918065,-2.949763637
-25.182288461,0.324001974,-2.937402912
-25.231487072,0.315085883,-2.925999079
-25.280559040,0.305623139,-2.915580243
-25.328666310,0.291996307,-2.904702126
-25.376773580,0.278369475,-2.892992212
-25.424880851,0.264742643,-2.881544116
-25.472988121,0.251115811,-2.870489939
-25.521095391,0.237488979,-2.859961403
-25.569202661,0.223862147,-2.850090083
-25.617309932,0.210235315,-2.841007756
-25.665384757,0.196507122,-2.833148917
-25.712462980,0.179665480,-2.824973405
-25.759541203,0.162823838,-2.815651057
-25.806619426,0.145982195,-2.806320629
-25.853697649,0.129140553,-2.797104626
-25.900775872,0.112298911,-2.788125410
-25.947854095,0.095457269,-2.779505347
-25.994932318,0.078615626,-2.771366997
-26.042010541,0.061773984,-2.764669275
-26.087953735,0.042056148,-2.757921385
-26.133845896,0.022208994,-2.749721528
-26.179738058,0.002361839,-2.741117129
-26.225630219,-0.017485315,-2.732229569
-26.271522380,-0.037332469,-2.723180078
-26.317414541,-0.057179623,-2.714089903
-26.363306703,-0.077026777,-2.705080442
-26.409198864,-0.096873932,-2.697412297
-26.453680631,-0.119680808,-2.689820514
-26.498002484,-0.142823265,-2.680642743
-26.542324338,-0.165965723,-2.670746390
-26.586646191,-0.189108180,-2.660258000
-26.630968044,-0.212250638,-2.649304065
-26.675289897,-0.235393095,-2.638011284
-26.719611750,-0.258535553,-2.626506718
-26.763933603,-0.281678010,-2.616122899
-26.806380869,-0.308056743,-2.605992373
-26.848507553,-0.334988926,-2.594503160
-26.890634237,-0.361921110,-2.582251798
-26.932760920,-0.388853294,-2.569375447
-26.974887604,-0.415785477,-2.556011638
-27.017014288,-0.442717661,-2.542298490
-27.059140972,-0.469649845,-2.528374801
-27.101267655,-0.496582028,-2.515459838
-27.140643698,-0.527318725,-2.502770185
-27.179422859,-0.558880992,-2.488849754
-27.218202020,-0.590443259,-2.474289453
-27.256981180,-0.622005527,-2.459273386
-27.295760341,-0.653567794,-2.443949153
-27.334539501,-0.685130061,-2.428464984
-27.373318662,-0.716692328,-2.412969623
-27.412097823,-0.748254595,-2.398538117
-27.447467161,-0.783505180,-2.384324856
-27.481970737,-0.819692240,-2.369000889
-27.516474313,-0.855879299,-2.353258257
-27.550977889,-0.892066358,-2.337347024
-27.585481465,-0.928253417,-2.321419460
-27.619985041,-0.964440476,-2.305627811
-27.654488617,-1.000627535,-2.290124111
-27.688992192,-1.036814594,-2.275851607
-27.719851290,-1.076075170,-2.261798018
-27.749696474,-1.116190816,-2.246706599
-27.779541657,-1.156306462,-2.231438333
-27.809386841,-1.196422107,-2.216308385
-27.839232024,-1.236537753,-2.201465395
-27.869077208,-1.276653398,-2.187057398
-27.898922391,-1.316769044,-2.173231833
-27.928767575,-1.356884690,-2.160809211
-27.955141716,-1.399304775,-2.148436796
-27.980527843,-1.442380807,-2.134835302
-28.005913971,-1.485456839,-2.121152171
-28.031300098,-1.528532871,-2.107787688
-28.056686225,-1.571608903,-2.094878533
-28.082072352,-1.614684936,-2.082560787
-28.107458479,-1.657760968,-2.070970108
-28.132844607,-1.700837000,-2.060810172
-28.155098032,-1.745573723,-2.050565487
-28.176501575,-1.790760982,-2.038973959
-28.197905118,-1.835948241,-2.027313163
-28.219308661,-1.881135499,-2.016035248
-28.240712204,-1.926322758,-2.005260175
-28.262115747,-1.971510017,-1.995107516
-28.283519290,-2.016697275,-1.985696662
-28.304922833,-2.061884534,-1.977607295
-28.323576738,-2.108251519,-1.969351423
-28.341575027,-2.154899794,-1.959772597
-28.359573316,-2.201548069,-1.950120723
-28.377571606,-2.248196345,-1.940847119
-28.395569895,-2.294844620,-1.932052976
-28.413568184,-2.341492895,-1.923839268
-28.431566474,-2.388141170,-1.916306904
-28.449564763,-2.434789445,-1.909894597
-28.465191274,-2.482272303,-1.903273212
-28.480371178,-2.529912313,-1.895489768
-28.495551082,-2.577552322,-1.887665749
-28.510730985,-2.625192332,-1.880200834
-28.525910889,-2.672832342,-1.873177445
-28.541090793,-2.720472351,-1.866677888
-28.556270697,-2.768112361,-1.860787041
-28.571450600,-2.815752371,-1.855765126
-28.584615178,-2.863982474,-1.850477811
-28.597527944,-2.912286309,-1.844251227
-28.610440709,-2.960590144,-1.838053406
-28.623353475,-3.008893980,-1.832208412
-28.636266240,-3.057197815,-1.826780274
-28.649179006,-3.105501650,-1.821832963
-28.662091771,-3.153805485,-1.817424735
-28.675004537,-3.202109320,-1.813511775
-28.686278391,-3.250819675,-1.809189284
-28.697436390,-3.299558766,-1.804224652
-28.708594390,-3.348297858,-1.799435334
-28.719752390,-3.397036949,-1.795059326
-28.730910389,-3.445776041,-1.791140298
-28.742068389,-3.494515133,-1.787721894
-28.753226388,-3.543254224,-1.784825772
-28.764384388,-3.591993316,-1.782256216
-28.774337489,-3.640992275,-1.779292170
-28.784260682,-3.689997686,-1.775951543
-28.794183874,-3.739003096,-1.772918863
-28.804107066,-3.788008507,-1.770347545
-28.814030258,-3.837013917,-1.768261381
-28.823953451,-3.886019328,-1.766684186
-28.833876643,-3.935024738,-1.765612014
-28.843790591,-3.984031957,-1.764856669
-28.853067902,-4.033163734,-1.763814980
-28.862345213,-4.082295511,-1.762549463
-28.871622524,-4.131427288,-1.761629210
-28.880899835,-4.180559065,-1.761133721
-28.890177146,-4.229690842,-1.761070392
-28.899454457,-4.278822619,-1.761446657
-28.908731768,-4.327954396,-1.762250962
-28.918029446,-4.377082239,-1.763379162
-28.927715662,-4.426135039,-1.764315735
-28.937401877,-4.475187840,-1.765057383
-28.947088093,-4.524240640,-1.766058306
-28.956774308,-4.573293440,-1.767347162
-28.966460524,-4.622346241,-1.768919698
-28.976146740,-4.671399041,-1.770771662
-28.985832955,-4.720451842,-1.772918439
-28.995597229,-4.769488445,-1.775449436
-29.006227651,-4.818345319,-1.777897868
-29.016858073,-4.867202192,-1.780050792
-29.027488495,-4.916059066,-1.782238145
-29.038118918,-4.964915940,-1.784459785
-29.048749340,-5.013772814,-1.786707119
-29.059379762,-5.062629688,-1.788971552
-29.070010184,-5.111486562,-1.791288316
-29.080738911,-5.160321126,-1.793821666
-29.092238664,-5.208980716,-1.796249472
-29.103738416,-5.257640306,-1.798300135
-29.115238169,-5.306299896,-1.800145036
-29.126737922,-5.354959486,-1.801776506
-29.138237674,-5.403619076,-1.803186886
-29.149737427,-5.452278666,-1.804368515
-29.161237180,-5.500938256,-1.805356146
-29.172804006,-5.549581648,-1.806296378
-29.184778912,-5.598126489,-1.807231522
-29.196753817,-5.646671331,-1.807985784
-29.208728723,-5.695216172,-1.808448167
-29.220703629,-5.743761013,-1.808616813
-29.232678534,-5.792305855,-1.808489851
-29.244653440,-5.840850696,-1.808065402
-29.256628346,-5.889395538,-1.807358168
-29.268534075,-5.937957131,-1.806444044
-29.280094928,-5.986602241,-1.805593914
-29.291655781,-6.035247350,-1.804776477
-29.303216635,-6.083892460,-1.803751953
-29.314777488,-6.132537569,-1.802524691
-29.326338341,-6.181182679,-1.801099040
-29.337899194,-6.229827788,-1.799479351
-29.349460048,-6.278472897,-1.797629493
-29.360866181,-6.327153422,-1.795476960
-29.371617241,-6.375983891,-1.793375433
-29.382368301,-6.424814360,-1.791497470
-29.393119361,-6.473644829,-1.789630721
-29.403870421,-6.522475298,-1.787781156
-29.414621482,-6.571305767,-1.785954746
-29.425372542,-6.620136236,-1.784157459
-29.436123602,-6.668966705,-1.782334730
-29.446724381,-6.717829128,-1.780365454
-29.456770682,-6.766809449,-1.778510926
-29.466816983,-6.815789770,-1.776982236
-29.476863283,-6.864770091,-1.775667792
-29.486909584,-6.913750412,-1.774571879
-29.496955885,-6.962730733,-1.773698779
-29.507002185,-7.011711054,-1.773052780
-29.517048486,-7.060691375,-1.772590947
-29.527035836,-7.109683629,-1.772185978
-29.536829896,-7.158715011,-1.771800094
-29.546623957,-7.207746392,-1.771575184
-29.556418018,-7.256777774,-1.771608223
-29.566212078,-7.305809155,-1.771898283
-29.576006139,-7.354840537,-1.772444445
-29.585800199,-7.403871918,-1.773245796
-29.595594260,-7.452903300,-1.774303920
-29.605531974,-7.501905118,-1.775569408
-29.615894745,-7.550819462,-1.776799178
-29.626257517,-7.599733805,-1.777984595
-29.636620288,-7.648648148,-1.779306164
-29.646983059,-7.697562491,-1.780758874
-29.657345830,-7.746476834,-1.782337706
-29.667708602,-7.795391178,-1.784037643
-29.678071373,-7.844305521,-1.785912916
-29.688648225,-7.893172691,-1.788022565
-29.699803674,-7.941912366,-1.790059925
-29.710959123,-7.990652042,-1.791869946
-29.722114572,-8.039391717,-1.793603928
-29.733270022,-8.088131392,-1.795256644
-29.744425471,-8.136871068,-1.796822869
-29.755580920,-8.185610743,-1.798297384
-29.766736369,-8.234350419,-1.799743897
-29.778058374,-8.283050924,-1.801263385
-29.789795782,-8.331653735,-1.802665905
-29.801533190,-8.380256546,-1.803779992
-29.813270598,-8.428859357,-1.804657457
-29.825008006,-8.477462168,-1.805295685
-29.836745414,-8.526064979,-1.805692053
-29.848482822,-8.574667790,-1.805843935
-29.860220230,-8.623270602,-1.805791477
-29.871948866,-8.671875529,-1.805655735
-29.883657134,-8.720485368,-1.805520721
-29.895365403,-8.769095206,-1.805272421
-29.907073672,-8.817705045,-1.804793735
-29.918781941,-8.866314884,-1.804087317
-29.930490210,-8.914924723,-1.803155817
-29.942198479,-8.963534562,-1.802001884
-29.953906747,-9.012144401,-1.800595110
-29.965406031,-9.060803072,-1.798958159
-29.976450421,-9.109568033,-1.797361907
-29.987494811,-9.158332994,-1.795861794
-29.998539201,-9.207097955,-1.794299301
-30.009583591,-9.255862917,-1.792679498
-30.020627982,-9.304627878,-1.791007458
-30.031672372,-9.353392839,-1.789288255
-30.042716762,-9.402157800,-1.787451877
-30.053517255,-9.450976049,-1.785444107
-30.063816886,-9.499903726,-1.783545436
-30.074116516,-9.548831403,-1.781902328
-30.084416146,-9.597759081,-1.780401221
-30.094715777,-9.646686758,-1.779046369
-30.105015407,-9.695614436,-1.777842024
-30.115315037,-9.744542113,-1.776792434
-30.125614668,-9.793469790,-1.775834318
-30.135762462,-9.842428706,-1.774868097
-30.145614425,-9.891448486,-1.773997030
-30.155466388,-9.940468266,-1.773364676
-30.165318351,-9.989488046,-1.772977518
-30.175170314,-10.038507826,-1.772836263
-30.185022278,-10.087527606,-1.772941624
-30.194874241,-10.136547386,-1.773294320
-30.204726204,-10.185567166,-1.773872398
-30.214695489,-10.234562948,-1.774571443
-30.224882731,-10.283514150,-1.775255572
-30.235069972,-10.332465351,-1.775998006
-30.245257213,-10.381416552,-1.776923818
-30.255444455,-10.430367754,-1.778029140
-30.265631696,-10.479318955,-1.779310107
-30.275818938,-10.528270156,-1.780762850
-30.286006179,-10.577221358,-1.782444328
-30.296459220,-10.626115145,-1.784349989
-30.307385066,-10.674906803,-1.786191446
-30.318310911,-10.723698461,-1.787882886
-30.329236757,-10.772490119,-1.789561011
-30.340162603,-10.821281777,-1.791220957
-30.351088448,-10.870073435,-1.792857861
-30.362014294,-10.918865093,-1.794466861
-30.372940140,-10.967656751,-1.796127833
-30.384104338,-11.016393373,-1.797896240
-30.395676077,-11.065035894,-1.799523961
-30.407247816,-11.113678415,-1.800871511
-30.418819555,-11.162320937,-1.802019087
-30.430391294,-11.210963458,-1.802963514
-30.441963032,-11.259605979,-1.803701617
-30.453534771,-11.308248500,-1.804230221
-30.465106510,-11.356891021,-1.804607541
-30.476758171,-11.405514345,-1.804950102
-30.488541650,-11.454106007,-1.805243534
-30.500325129,-11.502697670,-1.805356056
-30.512108608,-11.551289332,-1.805227688
-30.523892087,-11.599880994,-1.804859835
-30.535675566,-11.648472656,-1.804253897
-30.547459045,-11.697064318,-1.803411267
-30.559242524,-11.745655980,-1.802321656
-30.570811568,-11.794298345,-1.801063910
-30.582038345,-11.843021640,-1.799838787
-30.593265123,-11.891744935,-1.798626045
-30.604491900,-11.940468230,-1.797296874
-30.615718678,-11.989191525,-1.795856005
-30.626945455,-12.037914820,-1.794308174
-30.638172232,-12.086638115,-1.792658120
-30.649399010,-12.135361410,-1.790832082
-30.660326216,-12.184151269,-1.788821941
-30.670789428,-12.233044225,-1.786909397
-30.681252640,-12.281937181,-1.785194942
-30.691715852,-12.330830138,-1.783567678
-30.702179064,-12.379723094,-1.782032193
-30.712642276,-12.428616051,-1.780593073
-30.723105488,-12.477509007,-1.779254903
-30.733568700,-12.526401964,-1.777938220
-30.743814130,-12.575340257,-1.776575474
-30.753731365,-12.624346874,-1.775349731
-30.763648599,-12.673353491,-1.774393398
-30.773565833,-12.722360107,-1.773670991
-30.783483067,-12.771366724,-1.773184446
-30.793400301,-12.820373340,-1.772935703
-30.803317535,-12.869379957,-1.772926707
-30.813234770,-12.918386573,-1.773113534
-30.823193470,-12.967384753,-1.773371447
-30.833213122,-13.016370533,-1.773637908
-30.843232773,-13.065356312,-1.774025796
-30.853252425,-13.114342092,-1.774629215
-30.863272076,-13.163327871,-1.775445207
-30.873291728,-13.212313651,-1.776470815
-30.883311379,-13.261299430,-1.777703088
-30.893331030,-13.310285209,-1.779189699
-30.903628820,-13.359212087,-1.780877530
-30.914326199,-13.408054345,-1.782507394
-30.925023577,-13.456896602,-1.784051197
-30.935720955,-13.505738859,-1.785635343
-30.946418334,-13.554581117,-1.787254992
-30.957115712,-13.603423374,-1.788905303
-30.967813091,-13.652265631,-1.790581434
-30.978510469,-13.701107888,-1.792376385
-30.989504722,-13.749882841,-1.794305114
-31.000916641,-13.798563105,-1.796091257
-31.012328560,-13.847243369,-1.797629610
-31.023740480,-13.895923633,-1.799009012
-31.035152399,-13.944603897,-1.800225757
-31.046564318,-13.993284161,-1.801276138
-31.057976237,-14.041964425,-1.802156451
-31.069388157,-14.090644689,-1.802922983
-31.080961781,-14.139286377,-1.803638614
-31.092754179,-14.187875876,-1.804236770
-31.104546577,-14.236465374,-1.804628544
-31.116338975,-14.285054872,-1.804795920
-31.128131372,-14.333644371,-1.804738041
-31.139923770,-14.382233869,-1.804454042
-31.151716168,-14.430823367,-1.803943056
-31.163508566,-14.479412866,-1.803138313
-31.175122539,-14.528044878,-1.802085395
-31.186508259,-14.576731276,-1.801033805
-31.197893980,-14.625417674,-1.800008512
-31.209279700,-14.674104073,-1.798897035
-31.220665421,-14.722790471,-1.797699645
-31.232051141,-14.771476869,-1.796416615
-31.243436861,-14.820163267,-1.795048218
-31.254822582,-14.868849665,-1.793560618
-31.265862666,-14.917614070,-1.792035865
-31.276491513,-14.966471287,-1.790686585
-31.287120361,-15.015328503,-1.789492554
-31.297749208,-15.064185719,-1.788338371
-31.308378056,-15.113042936,-1.787226890
-31.319006903,-15.161900152,-1.786160964
-31.329635751,-15.210757369,-1.785143447
-31.340264598,-15.259614585,-1.784229214
-31.350680879,-15.308517036,-1.783502639
-31.360865756,-15.357468729,-1.782982756
-31.371050634,-15.406420423,-1.782598824
-31.381235511,-15.455372116,-1.782295238
-31.391420389,-15.504323809,-1.782078486
-31.401605266,-15.553275502,-1.781955050
-31.411790144,-15.602227195,-1.781931418
-31.421975021,-15.651178889,-1.782178821
-31.432393385,-15.700080854,-1.782697944
-31.443038951,-15.748934431,-1.783184816
-31.453684517,-15.797788007,-1.783572095
-31.464330083,-15.846641583,-1.783933659
-31.474975650,-15.895495160,-1.784278612
-31.485621216,-15.944348736,-1.784616061
-31.496266782,-15.993202312,-1.784955111
-31.506912348,-16.042055889,-1.785601128
-31.517678557,-16.090882888,-1.786503679
-31.528546452,-16.139687487,-1.787120936
-31.539414348,-16.188492086,-1.787385188
-31.550282243,-16.237296684,-1.787425777
-31.561150138,-16.286101283,-1.787255641
-31.572018034,-16.334905882,-1.786887705
-31.582885929,-16.383710480,-1.786334891
-31.593753824,-16.432515079,-1.786054612
-31.604437686,-16.481360039,-1.786021359
-31.614992271,-16.530233353,-1.785588170
-31.625546856,-16.579106666,-1.784660503
-31.636101441,-16.627979979,-1.783324905
-31.646656026,-16.676853292,-1.781602570
-31.657210611,-16.725726605,-1.779514669
-31.667765196,-16.774599918,-1.777082360
-31.678319782,-16.823473231,-1.774938727
-31.688289981,-16.872467068,-1.773174879
-31.697933416,-16.921528297,-1.771140663
-31.707576851,-16.970589525,-1.768671977
-31.717220286,-17.019650754,-1.765741712
-31.726863721,-17.068711983,-1.762386843
-31.736507156,-17.117773211,-1.758644338
-31.746150591,-17.166834440,-1.754551187
-31.755794026,-17.215895669,-1.750944911
-31.764380902,-17.265147873,-1.747827897
-31.772522358,-17.314480587,-1.744292816
-31.780663814,-17.363813301,-1.740248268
-31.788805271,-17.413146015,-1.735719943
-31.796946727,-17.462478729,-1.730762226
-31.805088183,-17.511811444,-1.725429532
-31.813229639,-17.561144158,-1.719776342
-31.821371095,-17.610476872,-1.714884928
-31.827914776,-17.660039033,-1.710582229
-31.833984771,-17.709669217,-1.705612743
-31.840054765,-17.759299401,-1.700023376
-31.846124759,-17.808929585,-1.693922769
-31.852194754,-17.858559769,-1.687383124
-31.858264748,-17.908189953,-1.680476713
-31.864334743,-17.957820137,-1.673275938
-31.870404737,-18.007450321,-1.667200338
-31.874255300,-18.057291920,-1.661836222
-31.877664641,-18.107175549,-1.655479065
-31.881073982,-18.157059177,-1.648362104
-31.884483324,-18.206942806,-1.640668123
-31.887892665,-18.256826434,-1.632488369
-31.891302006,-18.306710063,-1.623914213
-31.894711347,-18.356593691,-1.615106926
-31.898120688,-18.406477320,-1.607813648
-31.898602428,-18.456464680,-1.601329533
-31.898732175,-18.506464511,-1.593512905
-31.898861921,-18.556464343,-1.584744682
-31.898991667,-18.606464175,-1.575261675
-31.899121414,-18.656464006,-1.565177056
-31.899251160,-18.706463838,-1.554604185
-31.899380907,-18.756463670,-1.543789944
-31.899510653,-18.806463501,-1.534452879
-31.895859918,-18.856322137,-1.525670990
-31.892000877,-18.906172992,-1.515332928
-31.888141836,-18.956023848,-1.503982226
-31.884282796,-19.005874704,-1.491880654
-31.880423755,-19.055725559,-1.479160471
-31.876564714,-19.105576415,-1.465954514
-31.872705673,-19.155427270,-1.452566069
-31.868846633,-19.205278126,-1.440533563
-31.860027136,-19.254493775,-1.428760388
-31.851200434,-19.303708502,-1.415368244
-31.842373731,-19.352923229,-1.401079445
-31.833547029,-19.402137956,-1.386159810
-31.824720327,-19.451352682,-1.370756944
-31.815893624,-19.500567409,-1.355019438
-31.807066922,-19.549782136,-1.339273187
-31.797984852,-19.598933547,-1.324787525
-31.782798055,-19.646571360,-1.310317186
-31.767611258,-19.694209172,-1.294338057
-31.752424462,-19.741846985,-1.277766751
-31.737237665,-19.789484798,-1.260853472
-31.722050868,-19.837122611,-1.243755879
-31.706864071,-19.884760423,-1.226632182
-31.691677275,-19.932398236,-1.209802198
-31.676013287,-19.979847422,-1.194237440
-31.654523717,-20.024993832,-1.178524419
-31.633034146,-20.070140243,-1.161525609
-31.611544576,-20.115286653,-1.144377437
-31.590055006,-20.160433063,-1.127292087
-31.568565435,-20.205579474,-1.110427189
-31.547075865,-20.250725884,-1.093939720
-31.525586295,-20.295872294,-1.078166403
-31.503516794,-20.340696715,-1.064010535
-31.476559520,-20.382807348,-1.049678264
-31.449602246,-20.424917981,-1.034103117
-31.422644972,-20.467028614,-1.018722568
-31.395687698,-20.509139246,-1.003688809
-31.368730424,-20.551249879,-0.989151270
-31.341773150,-20.593360512,-0.975258522
-31.314815876,-20.635471144,-0.962386371
-31.287298746,-20.677181173,-0.951399160
-31.256141856,-20.716286776,-0.940003116
-31.224984966,-20.755392379,-0.927041989
-31.193828076,-20.794497982,-0.914273304
-31.162671186,-20.833603585,-0.901836447
-31.131514296,-20.872709189,-0.889870281
-31.100357406,-20.911814792,-0.878513316
-31.069200516,-20.950920395,-0.868214379
-31.037574084,-20.989621405,-0.859901239
-31.003502436,-21.026215433,-0.851095960
-30.969430789,-21.062809460,-0.840480805
-30.935359142,-21.099403488,-0.829822770
-30.901287495,-21.135997515,-0.819254301
-30.867215847,-21.172591543,-0.808907657
-30.833144200,-21.209185570,-0.798915059
-30.799072553,-21.245779598,-0.789814213
-30.764519362,-21.281891477,-0.782655747
-30.727882549,-21.315917113,-0.774972301
-30.691245735,-21.349942748,-0.765270472
-30.654608922,-21.383968384,-0.755165071
-30.617972108,-21.417994020,-0.744787872
-30.581335295,-21.452019656,-0.734270580
-30.544698482,-21.486045292,-0.723744994
-30.508061668,-21.520070928,-0.713774129
-30.470870464,-21.553449434,-0.705391071
-30.431625712,-21.584430871,-0.696444983
-30.392380961,-21.615412309,-0.685517780
-30.353136209,-21.646393747,-0.673944222
-30.313891458,-21.677375184,-0.661859746
-30.274646706,-21.708356622,-0.649400014
-30.235401955,-21.739338060,-0.636701099
-30.196157203,-21.770319498,-0.624307006
-30.156239317,-21.800355406,-0.613166162
-30.114119571,-21.827298439,-0.601603202
-30.071999825,-21.854241471,-0.588406660
-30.029880079,-21.881184504,-0.574585105
-29.987760333,-21.908127536,-0.560282148
-29.945640587,-21.935070569,-0.545642025
-29.903520841,-21.962013601,-0.530809651
-29.861401095,-21.988956634,-0.516264173
-29.818537547,-22.014563367,-0.502720460
-29.773444295,-22.036164260,-0.488749614
-29.728351042,-22.057765152,-0.473473614
-29.683257789,-22.079366045,-0.457825703
-29.638164537,-22.100966938,-0.441955524
-29.593071284,-22.122567830,-0.426013146
-29.547978031,-22.144168723,-0.410148880
-29.502884779,-22.165769616,-0.394804260
-29.457173634,-22.185840349,-0.380506598
-29.409725123,-22.201608635,-0.365849602
-29.362276613,-22.217376920,-0.350172396
-29.314828102,-22.233145206,-0.334452402
-29.267379592,-22.248913492,-0.318838910
-29.219931081,-22.264681778,-0.303480797
-29.172482570,-22.280450064,-0.288526374
-29.125034060,-22.296218349,-0.274433584
-29.077176162,-22.310464783,-0.261634409
-29.028220341,-22.320629800,-0.248484481
-28.979264520,-22.330794817,-0.234353815
-28.930308698,-22.340959833,-0.220370633
-28.881352877,-22.351124850,-0.206678070
-28.832397056,-22.361289867,-0.193418644
-28.783441235,-22.371454883,-0.180734325
-28.734485413,-22.381619900,-0.169137681
-28.685325982,-22.390514623,-0.159023694
-28.635645660,-22.396159583,-0.148371487
-28.585965337,-22.401804543,-0.136471841
-28.536285015,-22.407449503,-0.124651780
-28.486604693,-22.413094463,-0.113047253
-28.436924370,-22.418739423,-0.101793897
-28.387244048,-22.424384383,-0.091027183
-28.337563726,-22.430029344,-0.081369824
-28.287800228,-22.434569999,-0.073365582
-28.237834848,-22.436430331,-0.064752600
-28.187869468,-22.438290662,-0.054571495
-28.137904088,-22.440150993,-0.044176362
-28.087938709,-22.442011324,-0.033701099
-28.037973329,-22.443871655,-0.023279488
-27.988007949,-22.445731986,-0.013045351
-27.938042570,-22.447592318,-0.003662716
-27.888078721,-22.448287210,0.004242984
-27.838118402,-22.446295590,0.012883681
-27.788158084,-22.444303970,0.023303899
-27.738197765,-22.442312351,0.034242851
-27.688237446,-22.440320731,0.045565436
-27.638277127,-22.438329111,0.057136493
-27.588316809,-22.436337491,0.068820629
-27.538356490,-22.434345871,0.079978359
-27.488512858,-22.430971999,0.089944863
-27.438925700,-22.424559999,0.100565904
-27.389338542,-22.418147999,0.112828328
-27.339751384,-22.411736000,0.125710652
-27.290164226,-22.405324000,0.139072494
-27.240577067,-22.398912000,0.152773014
-27.190989909,-22.392500000,0.166670804
-27.141402751,-22.386088000,0.180192837
-27.092153971,-22.377877398,0.192748647
-27.043626871,-22.365830796,0.205841443
-26.995099772,-22.353784195,0.220272372
-26.946572672,-22.341737593,0.235177626
-26.898045572,-22.329690992,0.250410045
-26.849518473,-22.317644390,0.265821898
-26.800991373,-22.305597789,0.281264972
-26.752464274,-22.293551187,0.296215057
-26.704544209,-22.279582089,0.310313001
-26.657898368,-22.261577493,0.324932296
-26.611252526,-22.243572898,0.340569700
-26.564606684,-22.225568303,0.356367163
-26.517960843,-22.207563707,0.372175450
-26.471315001,-22.189559112,0.387845419
-26.424669159,-22.171554517,0.403228228
-26.378023318,-22.153549921,0.417816890
-26.332183112,-22.133780492,0.431379699
-26.288022215,-22.110332354,0.445373900
-26.243861318,-22.086884215,0.460184903
-26.199700422,-22.063436077,0.474873720
-26.155539525,-22.039987939,0.489295734
-26.111378628,-22.016539801,0.503306973
-26.067217731,-21.993091662,0.516764105
-26.023056834,-21.969643524,0.529161572
-25.979750493,-21.944767349,0.540298827
-25.938214235,-21.916933211,0.551962398
-25.896677977,-21.889099072,0.564619612
-25.855141719,-21.861264933,0.577121052
-25.813605461,-21.833430795,0.589330079
-25.772069203,-21.805596656,0.601110496
-25.730532945,-21.777762517,0.612326403
-25.688996687,-21.749928379,0.622486394
-25.648306291,-21.720934086,0.631052006
-25.609102388,-21.689900976,0.640026189
-25.569898484,-21.658867866,0.650350023
-25.530694580,-21.627834756,0.660781734
-25.491490676,-21.596801646,0.671187415
-25.452286772,-21.565768535,0.681433334
-25.413082868,-21.534735425,0.691385768
-25.373878965,-21.503702315,0.699775965
-25.335551164,-21.471640862,0.706924155
-25.298684096,-21.437864846,0.715583226
-25.261817028,-21.404088829,0.725835529
-25.224949960,-21.370312812,0.736475153
-25.188082892,-21.336536796,0.747369058
-25.151215824,-21.302760779,0.758333390
-25.114348756,-21.268984763,0.767936310
-25.077481688,-21.235208746,0.776376823
-25.041569634,-21.200470982,0.785646856
-25.007535472,-21.163842090,0.796822825
-24.973501310,-21.127213197,0.809519918
-24.939467147,-21.090584304,0.822523964
-24.905432985,-21.053955411,0.834807298
-24.871398822,-21.017326518,0.846616193
-24.837364660,-20.980697625,0.858932581
-24.803330498,-20.944068732,0.871607535
-24.770319915,-20.906589168,0.884904159
-24.740535888,-20.866428096,0.898831059
-24.710751860,-20.826267024,0.913232400
-24.680967833,-20.786105952,0.928219688
-24.651183805,-20.745944880,0.943645531
-24.621399777,-20.705783809,0.959214225
-24.591615750,-20.665622737,0.974258531
-24.561831722,-20.625461665,0.988917163
-24.535640571,-20.582949210,1.004139173
-24.510757895,-20.539580414,1.020486383
-24.485875219,-20.496211618,1.037363299
-24.460992543,-20.452842823,1.054175823
-24.436109867,-20.409474027,1.071049822
-24.411227192,-20.366105231,1.087703734
-24.386518903,-20.322648138,1.103898300
-24.366290347,-20.276922811,1.119662197
-24.346061791,-20.231197484,1.135641905
-24.325833235,-20.185472157,1.151086003
-24.305604679,-20.139746830,1.165542302
-24.285376123,-20.094021503,1.179843146
-24.265722357,-20.048070275,1.193991400
-24.249405278,-20.000807680,1.207990105
-24.233088198,-19.953545084,1.221842461
-24.216771118,-19.906282489,1.235551822
-24.200454039,-19.859019894,1.249121678
-24.184356419,-19.811689306,1.262555647
-24.171094929,-19.763480045,1.275857462
-24.157833439,-19.715270784,1.289030968
-24.144571949,-19.667061522,1.302080105
-24.131310459,-19.618852261,1.315008907
-24.118603941,-19.570506231,1.327821489
-24.107945735,-19.521655411,1.340522047
-24.097287528,-19.472804591,1.353114845
-24.086629322,-19.423953771,1.365604213
-24.076296878,-19.375035967,1.377994544
-24.066815906,-19.325943084,1.390290287
-24.057334935,-19.276850201,1.402495946
-24.047853963,-19.227757318,1.414616073
-24.038854881,-19.178575952,1.426655272
-24.030276962,-19.129317254,1.438618191
-24.021699044,-19.080058556,1.444583216
