torque1,torque2,v1,v2,pos1,pos2,quat_x,quat_y,quat_z,quat_w,lin_vel_x,lin_vel_y,lin_vel_z,ang_vel_x,ang_vel_y,ang_vel_z,pos_x,pos_y,euler_x,euler_y,euler_z
-2.3741707801818848,0.7440875172615051,0.07212670147418976,-0.0008136583492159843,0.0011209765216335654,-0.0029779374599456787,-0.0034837909042835236,-0.038352202624082565,0.0004018604231532663,0.9992580413818359,-0.014512517489492893,-0.0008545026066713035,-0.007764619775116444,0.0022884614299982786,-0.10779961198568344,-0.001227429835125804,-0.030269436538219452,0.002805971773341298,-0.007013926882544153,-0.07671994680945948,0.0010735047715627584
32.47556686401367,600.0,0.22920028865337372,3.586063861846924,0.004907052963972092,0.051319196820259094,0.003814809722825885,-0.04010382294654846,0.0023294950369745493,0.9991854429244995,-0.02137656696140766,0.24519158899784088,-0.022696100175380707,0.9618667960166931,-0.1971004456281662,0.2185669243335724,-0.030645571649074554,0.006842517293989658,0.007460639838029335,-0.08024619360465368,0.004363273633855531
26.977989196777344,-295.8797302246094,0.2076282948255539,0.8949590921401978,0.008747577667236328,0.07405883818864822,0.0023566465824842453,-0.04244115948677063,0.003527439199388027,0.9990899562835693,-0.01715136505663395,0.037269167602062225,-0.017784660682082176,-0.10650323331356049,-0.25075268745422363,0.0951942577958107,-0.030975647270679474,0.00805363617837429,0.004425550121130261,-0.0849237412341628,0.00687324469051743
27.733009338378906,-111.03237915039062,0.2767201066017151,0.4969824254512787,0.013946386985480785,0.08602959662675858,0.001858300413005054,-0.045468952506780624,0.004007524810731411,0.9989559650421143,-0.018234826624393463,0.010305349715054035,-0.02439163066446781,-0.029661012813448906,-0.3205195367336273,0.03542666509747505,-0.03132351487874985,0.008478567935526371,0.003362197582637344,-0.09098333496520339,0.0078703256001981
25.314796447753906,-48.76755142211914,0.33627423644065857,0.2801401615142822,0.020380495116114616,0.09273257106542587,0.0019687470048666,-0.04912104085087776,0.0040723662823438644,0.9987824559211731,-0.018550435081124306,-0.009075234644114971,-0.029332460835576057,0.02317991852760315,-0.3806118965148926,-0.003193165874108672,-0.031676873564720154,0.00840483233332634,0.003549766126074405,-0.09829674712560266,0.007980010007605865
23.23040008544922,-18.458576202392578,0.3871845304965973,0.1523764431476593,0.027875233441591263,0.09642582386732101,0.002541588619351387,-0.053292084485292435,0.0038535408675670624,0.9985682964324951,-0.017976872622966766,-0.024744337424635887,-0.03321811556816101,0.06498577445745468,-0.4300205707550049,-0.030817052349448204,-0.032019421458244324,0.007949961349368095,0.004691849716399308,-0.10665324071081517,0.007467655114315571
21.44854164123535,-1.0974674224853516,0.4295552372932434,0.0767645388841629,0.03626329451799393,0.09834185987710953,0.0034955968149006367,-0.057873163372278214,0.003430522046983242,0.9983118772506714,-0.016400311142206192,-0.03813762962818146,-0.03620859608054161,0.10009178519248962,-0.4685102701187134,-0.051250047981739044,-0.032333165407180786,0.007180691696703434,0.006626777775985841,-0.11583378725208249,0.006488385413244492
19.965566635131836,9.223289489746094,0.46372365951538086,0.03335901349782944,0.04537634924054146,0.09922589361667633,0.004775987472385168,-0.06275419890880585,0.0028588164132088423,0.998013436794281,-0.013735197484493256,-0.04998471587896347,-0.03837575018405914,0.13057738542556763,-0.49619534611701965,-0.0665498599410057,-0.03259747475385666,0.006141068413853645,0.009247187735386148,-0.1256164886724085,0.005147429516072095
18.769672393798828,15.278804779052734,0.4901852607727051,0.010310132056474686,0.0550575815141201,0.09954541176557541,0.006343782879412174,-0.06783067435026169,0.002179038245230913,0.9976741671562195,-0.009924416430294514,-0.060680996626615524,-0.039788875728845596,0.15769211947917938,-0.513381838798523,-0.07805465161800385,-0.03279147297143936,0.004862909205257893,0.012477630501703432,-0.1357904284776874,0.003519742821024841
17.843515396118164,18.64217758178711,0.5093975067138672,0.00020453784964047372,0.0651603639125824,0.09959698468446732,0.008168804459273815,-0.07300042361021042,0.0014220121083781123,0.9972974061965942,-0.004933943040668964,-0.0704524964094162,-0.04052824154496193,0.1821615993976593,-0.5204938054084778,-0.0867065042257309,-0.032892659306526184,0.0033708580303937197,0.01625989351022709,-0.146149234882629,0.0016613983149417254
17.17108726501465,20.27969741821289,0.5221148729324341,-0.0016132625751197338,0.07554902881383896,0.0995699092745781,0.010226454585790634,-0.07816693186759949,0.0006113420822657645,0.9968876242637634,0.001232879818417132,-0.0794224888086319,-0.04067648574709892,0.20444542169570923,-0.518097460269928,-0.09320320188999176,-0.03287850320339203,0.0016851285472512245,0.0205461985465103,-0.1564978353545754,-0.00038456213280495846
16.72597885131836,20.79717254638672,0.5287423133850098,0.001847599633038044,0.08610033988952637,0.09958503395318985,0.012495356611907482,-0.08323933184146881,-0.0002347229019505903,0.9964511394500732,0.008566225878894329,-0.08766073733568192,-0.04031487926840782,0.22479788959026337,-0.506794810295105,-0.09807687997817993,-0.03272615373134613,-0.00017672963440418243,0.025294200332467025,-0.16665234891732195,-0.002583790142527805
16.4940185546875,20.581113815307617,0.5299341678619385,0.008676419965922832,0.09670399129390717,0.09971924871206284,0.014957071281969547,-0.08813539892435074,-0.0011024349369108677,0.9959955811500549,0.017023492604494095,-0.09520094841718674,-0.03953276574611664,0.2433921992778778,-0.4873103201389313,-0.1017475575208664,-0.03241368383169174,-0.002198937349021435,0.030466350064082468,-0.17644609343838713,-0.004908769939366804
16.45230484008789,19.879840850830078,0.526555597782135,0.017581012099981308,0.10726214945316315,0.10002075135707855,0.017593802884221077,-0.09277886152267456,-0.001981155015528202,0.9955291748046875,0.026536591351032257,-0.10206332802772522,-0.038404084742069244,0.2603071630001068,-0.46045082807540894,-0.10455480217933655,-0.031919628381729126,-0.004366791807115078,0.0360251070413761,-0.18572434091400924,-0.007335477925178912
16.570554733276367,18.855804443359375,0.5190920829772949,0.027737567201256752,0.11769081652164459,0.10051863640546799,0.020389070734381676,-0.09710261225700378,-0.00286315125413239,0.9950613379478455,0.037038203328847885,-0.10825585573911667,-0.03700314089655876,0.2756120264530182,-0.42701953649520874,-0.10677319765090942,-0.031223922967910767,-0.006666353903710842,0.04193433819753808,-0.1943505744772953,-0.009843157434677223
16.831777572631836,17.617725372314453,0.5082785487174988,0.03854601830244064,0.12791885435581207,0.101229228079319,0.023327521979808807,-0.10104873776435852,-0.0037430590018630028,0.9946008324623108,0.048439785838127136,-0.11378700286149979,-0.0353894904255867,0.2893212139606476,-0.3878949284553528,-0.1086261123418808,-0.030308209359645844,-0.009084398858249187,0.04815905430384131,-0.20220686054842418,-0.012413359474576268
17.210250854492188,16.238876342773438,0.4947268068790436,0.04962826147675514,0.1378883421421051,0.10215982794761658,0.02639319747686386,-0.10456681251525879,-0.004617199767380953,0.9941568374633789,0.060647498816251755,-0.11866042017936707,-0.03362239524722099,0.30146652460098267,-0.3439638912677765,-0.11029855161905289,-0.029155448079109192,-0.011607845313847065,0.054661854999246993,-0.20919028699880804,-0.01502832726514075
17.68456268310547,14.771842956542969,0.479148805141449,0.06069732457399368,0.1475546658039093,0.10331165045499802,0.029571404680609703,-0.10761646926403046,-0.005483761429786682,0.9937374591827393,0.07355840504169464,-0.12288312613964081,-0.0317416787147522,0.31205469369888306,-0.2961362600326538,-0.11193232238292694,-0.027750834822654724,-0.01422429084777832,0.06140708146492444,-0.21521831547842352,-0.01767217835530223
18.22979164123535,13.252819061279297,0.4620645046234131,0.07155222445726395,0.15688566863536835,0.10468152910470963,0.03284759446978569,-0.11016613990068436,-0.006342019885778427,0.9933499097824097,0.08707267791032791,-0.1264628767967224,-0.029781315475702286,0.32109397649765015,-0.24529647827148438,-0.11363562196493149,-0.026081740856170654,-0.016921713948249817,0.06835860971958431,-0.22022628880412576,-0.020329441247598997
18.827741622924805,11.708632469177246,0.4441791772842407,0.08202274888753891,0.16586129367351532,0.10626295953989029,0.036206550896167755,-0.11219223588705063,-0.0071921576745808125,0.9930005669593811,0.10107938200235367,-0.1294114887714386,-0.027766015380620956,0.32857728004455566,-0.19234657287597656,-0.11548342555761337,-0.0241372212767601,-0.01968814991414547,0.07547840191537487,-0.2241658203562178,-0.022984881793980023
19.4537296295166,10.160530090332031,0.42592447996139526,0.09206511080265045,0.1744730919599533,0.10804755985736847,0.039634209126234055,-0.11368066817522049,-0.008035305887460709,0.9926938414573669,0.1154765859246254,-0.13173477351665497,-0.02571592852473259,0.3345578908920288,-0.13813143968582153,-0.11752520501613617,-0.02190902829170227,-0.022512033581733704,0.08273065113522257,-0.22700800122523668,-0.025624643645029116
20.09264373779297,8.62137222290039,0.40795135498046875,0.10158204287290573,0.18272392451763153,0.11002524197101593,0.04311663657426834,-0.1146252378821373,-0.008873078040778637,0.9924329519271851,0.13015307486057281,-0.13344724476337433,-0.023639068007469177,0.3390450179576874,-0.08349780738353729,-0.11978291720151901,-0.019390925765037537,-0.025382420048117638,0.0900798339594802,-0.22874007664905727,-0.028235490438108177
20.721702575683594,7.103336334228516,0.39072322845458984,0.11050832271575928,0.19062627851963043,0.11218488961458206,0.04663975164294243,-0.11502756923437119,-0.009707396849989891,0.9922192692756653,0.14500227570533752,-0.13456466794013977,-0.0215477142482996,0.3420559763908386,-0.02922893315553665,-0.12225179374217987,-0.01657913625240326,-0.0282882172614336,0.09749047199098004,-0.22936547130896479,-0.030804948753625112
21.324687957763672,5.614738464355469,0.37475302815437317,0.1188487634062767,0.1982022225856781,0.11451470851898193,0.0501897893846035,-0.11489664763212204,-0.010540314950048923,0.9920526742935181,0.15991726517677307,-0.13509750366210938,-0.01944253221154213,0.3436545431613922,0.023931778967380524,-0.12491845339536667,-0.013471975922584534,-0.031218906864523888,0.10492830952507237,-0.22890277168015105,-0.033321542683085584
21.883644104003906,4.161942481994629,0.3604012131690979,0.12654343247413635,0.20548178255558014,0.11700232326984406,0.05375372990965843,-0.11424821615219116,-0.011374079622328281,0.9919317364692688,0.17479650676250458,-0.13506567478179932,-0.01732548698782921,0.3438546061515808,0.07531005889177322,-0.12773416936397552,-0.010069981217384338,-0.03416433930397034,0.1123614453877308,-0.22738442734357767,-0.0357754728153483
22.385957717895508,2.7508440017700195,0.34798017144203186,0.13363197445869446,0.2125031054019928,0.11963522434234619,0.05731773376464844,-0.1131044551730156,-0.012210449203848839,0.9918532967567444,0.18953928351402283,-0.13448107242584229,-0.015202461741864681,0.3427361845970154,0.12428374588489532,-0.13064894080162048,-0.006375953555107117,-0.03711423650383949,0.11975728033418731,-0.2248563220731048,-0.038157323050489036
22.820695877075195,1.3846921920776367,0.3378584682941437,0.14009548723697662,0.21931011974811554,0.12240087985992432,0.060869548469781876,-0.11149301379919052,-0.013051367364823818,0.9918133020401001,0.2040427327156067,-0.1333630084991455,-0.013078677468001842,0.34034353494644165,0.17027634382247925,-0.13359813392162323,-0.0023946166038513184,-0.04005924612283707,0.12708764503635941,-0.22137543498311052,-0.04046025396527374
23.174955368041992,0.06607246398925781,0.3303009271621704,0.14590036869049072,0.22595231235027313,0.12528640031814575,0.0643966794013977,-0.10944675654172897,-0.013898337259888649,0.9918069839477539,0.21820947527885437,-0.13173379004001617,-0.010960112325847149,0.33671268820762634,0.21278567612171173,-0.13650648295879364,0.0018673166632652283,-0.042989905923604965,0.13432504740660473,-0.21700941616041436,-0.04267860769536811
23.439468383789062,-1.2003345489501953,0.3254964053630829,0.15108875930309296,0.2324838787317276,0.12827913463115692,0.06788651645183563,-0.10700340569019318,-0.014752407558262348,0.9918286204338074,0.23194557428359985,-0.12961138784885406,-0.008859831839799881,0.33193185925483704,0.25137829780578613,-0.1392958164215088,0.0064011067152023315,-0.04589708894491196,0.14144305973868515,-0.21183589653352075,-0.04480817348086915
23.607624053955078,-2.4134769439697266,0.3235458433628082,0.15563248097896576,0.23896214365959167,0.13136650621891022,0.07132766395807266,-0.10420393198728561,-0.01561434380710125,0.9918718338012695,0.2451624870300293,-0.12702296674251556,-0.006796615663915873,0.32604777812957764,0.2856913208961487,-0.14188127219676971,0.011196359992027283,-0.048772186040878296,0.14841898990838062,-0.20593908859029253,-0.04684679109916015
23.67589569091797,-3.571321487426758,0.3246072828769684,0.15953609347343445,0.24544718861579895,0.13453565537929535,0.07470831274986267,-0.10109342634677887,-0.016484323889017105,0.9919309616088867,0.25777482986450195,-0.12399369478225708,-0.004788973834365606,0.3191344141960144,0.31541934609413147,-0.14418925344944,0.016240939497947693,-0.05160675570368767,0.15523036606137589,-0.19941134105701463,-0.04879356222364063
23.63874626159668,-4.669631004333496,0.32885119318962097,0.16280078887939453,0.2520001530647278,0.13777373731136322,0.07801825553178787,-0.09771830588579178,-0.017362480983138084,0.9919993877410889,0.2696995139122009,-0.1205519437789917,-0.0028616737108677626,0.3112604320049286,0.34032386541366577,-0.14614436030387878,0.021521519869565964,-0.054393041878938675,0.1618591782981668,-0.1923477028922218,-0.050650103018844685
23.49020767211914,-5.705953598022461,0.33606845140457153,0.16544142365455627,0.2586832642555237,0.14106802642345428,0.08124689757823944,-0.09412779659032822,-0.018248138949275017,0.9920714497566223,0.280876100063324,-0.11672890186309814,-0.0010464332299306989,0.3025040924549103,0.36028528213500977,-0.147670179605484,0.027023226022720337,-0.05712355300784111,0.1682874235054518,-0.18484870316799684,-0.052418700050580795
23.23760414123535,-6.678483009338379,0.346394807100296,0.16744761168956757,0.2655576467514038,0.14440570771694183,0.08438442647457123,-0.09037178009748459,-0.01914050243794918,0.9921420812606812,0.29123902320861816,-0.11255771666765213,0.0006306973518803716,0.2929277718067169,0.37520045042037964,-0.14870522916316986,0.03273031860589981,-0.059791192412376404,0.1744994227402831,-0.1770159694581166,-0.05410356047233605
22.876182556152344,-7.584134101867676,0.35971254110336304,0.1688029170036316,0.27268314361572266,0.14777396619319916,0.08742179721593857,-0.08650046586990356,-0.020038342103362083,0.9922063946723938,0.30073925852775574,-0.10807628184556961,0.002132066059857607,0.2825864255428314,0.3850696384906769,-0.14919503033161163,0.038626063615083694,-0.06238947808742523,0.1804816648538191,-0.16895169282534672,-0.05571002152963712
22.41006088256836,-8.420357704162598,0.37583836913108826,0.16954122483730316,0.2801174521446228,0.15116028487682343,0.09035041183233261,-0.08256401121616364,-0.02094012126326561,0.9922606945037842,0.3093419373035431,-0.10331974178552628,0.0034212700556963682,0.27156639099121094,0.3899657130241394,-0.1490926742553711,0.04469313099980354,-0.06491223722696304,0.18622185589790327,-0.16075770017051583,-0.0572444653907597
21.84565544128418,-9.186448097229004,0.3946872651576996,0.16966700553894043,0.28791528940200806,0.15455223619937897,0.09316273778676987,-0.0786108449101448,-0.021844107657670975,0.9923022985458374,0.31702035665512085,-0.09832441806793213,0.004472037777304649,0.25993284583091736,0.3900100290775299,-0.14837239682674408,0.0509139820933342,-0.06735409051179886,0.1917099600153376,-0.1525321160832085,-0.058714158079896744
21.185945510864258,-9.880453109741211,0.4160723388195038,0.16917160153388977,0.29612693190574646,0.15793755650520325,0.09585126489400864,-0.07468871772289276,-0.022748252376914024,0.9923288822174072,0.32375961542129517,-0.09313177317380905,0.005245552398264408,0.24773789942264557,0.3853949010372162,-0.14701636135578156,0.057270556688308716,-0.0697098970413208,0.19693617152195056,-0.14437165621152492,-0.060126889546588555
20.437467575073242,-10.500907897949219,0.43954774737358093,0.1680949628353119,0.30479881167411804,0.16130442917346954,0.09840971231460571,-0.07084225863218307,-0.023650482296943665,0.9923393726348877,0.3295707404613495,-0.08777782320976257,0.0057179490104317665,0.23506082594394684,0.37640291452407837,-0.14501194655895233,0.06374518573284149,-0.07197526097297668,0.20189292434558578,-0.13636651649736264,-0.061490986288861696
19.615827560424805,-11.048118591308594,0.4652910828590393,0.16644880175590515,0.3139722943305969,0.1646416038274765,0.1008324921131134,-0.06711353361606598,-0.024548685178160667,0.9923335909843445,0.3344470262527466,-0.08229834586381912,0.00586687121540308,0.22196108102798462,0.3632718622684479,-0.142386794090271,0.07032036036252975,-0.07414620369672775,0.20657381870449168,-0.12860159976670804,-0.06281509242029899
18.714811325073242,-11.523221015930176,0.49248871207237244,0.1642797291278839,0.3236825168132782,0.16793805360794067,0.10311473906040192,-0.06354115903377533,-0.025440726429224014,0.9923115968704224,0.3384362757205963,-0.076728455722332,0.005678941495716572,0.20851771533489227,0.34643155336380005,-0.13913945853710175,0.07697901129722595,-0.07621940970420837,0.2109736772990014,-0.12115484856283953,-0.06410784641185546
17.762893676757812,-11.925336837768555,0.5211819410324097,0.1615859568119049,0.3339599668979645,0.1711835116147995,0.10525236278772354,-0.060160208493471146,-0.026324499398469925,0.9922749996185303,0.3415583670139313,-0.07110536098480225,0.005135564599186182,0.1947740614414215,0.3262060880661011,-0.13531650602817535,0.083704873919487,-0.07819197326898575,0.2150883090843567,-0.11409690737263922,-0.06537764129543934
16.75863265991211,-12.256951332092285,0.5509384274482727,0.15843677520751953,0.3448282480239868,0.17436830699443817,0.10724148899316788,-0.05700242519378662,-0.027197789400815964,0.9922248721122742,0.34386277198791504,-0.0654565691947937,0.0042363060638308525,0.18081888556480408,0.30302703380584717,-0.13096162676811218,0.09048209339380264,-0.08006144315004349,0.21891380081596612,-0.10749187571974694,-0.06663229267315728
15.717155456542969,-12.519681930541992,0.5815169811248779,0.1548609733581543,0.3563045561313629,0.17748364806175232,0.10907979309558868,-0.054094117134809494,-0.02805880643427372,0.9921633005142212,0.34539926052093506,-0.05981072410941124,0.0029865815304219723,0.16671261191368103,0.277316689491272,-0.12613672018051147,0.09729620814323425,-0.0818261057138443,0.22244870914113457,-0.10139274806616916,-0.0678794595723806
14.646905899047852,-12.717018127441406,0.612601637840271,0.15086790919303894,0.36840003728866577,0.18052120506763458,0.11076559871435165,-0.0514574758708477,-0.028905954211950302,0.9920924305915833,0.34622639417648315,-0.05419763922691345,0.0013941398356109858,0.1525035798549652,0.24952436983585358,-0.12089970707893372,0.10413394868373871,-0.08348462730646133,0.22569251772508064,-0.0958442619252371,-0.06912624930782998
13.558942794799805,-12.850032806396484,0.6439077258110046,0.14648470282554626,0.38111943006515503,0.18347348272800446,0.11229750514030457,-0.04911071062088013,-0.029737604781985283,0.9920145869255066,0.3464075028896332,-0.04864055663347244,-0.0005209421506151557,0.13824662566184998,0.22010159492492676,-0.1153312399983406,0.1109827384352684,-0.08503615111112595,0.2286448538111475,-0.09088323858986969,-0.07037860646593659
12.463229179382324,-12.922201156616211,0.6749393343925476,0.14180654287338257,0.3944608271121979,0.18633370101451874,0.11367575824260712,-0.04706617072224617,-0.030552774667739868,0.9919319152832031,0.346019983291626,-0.04315584897994995,-0.002734443172812462,0.12404371798038483,0.18952982127666473,-0.10949341952800751,0.11783190816640854,-0.086480513215065,0.23130820529862595,-0.0865346297356473,-0.0716422343510667
11.37712287902832,-12.936423301696777,0.7055469155311584,0.1368231475353241,0.40841710567474365,0.18909581005573273,0.11490035057067871,-0.045333076268434525,-0.031350310891866684,0.9918466210365295,0.34512874484062195,-0.03776559606194496,-0.005219548940658569,0.10992409288883209,0.1582283228635788,-0.10347466170787811,0.12467151880264282,-0.08781767636537552,0.23368422893785773,-0.08281725240228921,-0.07292130923422957
10.30585765838623,-12.895828247070312,0.7353858351707458,0.13159991800785065,0.42297494411468506,0.19175446033477783,0.11597290635108948,-0.04391508921980858,-0.03212979435920715,0.991760790348053,0.34381023049354553,-0.032483041286468506,-0.00794163066893816,0.09596739709377289,0.12664096057415009,-0.09734700620174408,0.13149353861808777,-0.08904847502708435,0.23577741851352468,-0.07973862561806833,-0.07421979331316227
9.261495590209961,-12.803506851196289,0.7643212080001831,0.12612973153591156,0.4381161034107208,0.194304957985878,0.11689501255750656,-0.042812470346689224,-0.03289063647389412,0.9916757345199585,0.34213167428970337,-0.027324270457029343,-0.010861978866159916,0.08220136165618896,0.09516393393278122,-0.09119530022144318,0.13829080760478973,-0.09017390012741089,0.23759204323025646,-0.07729963790944505,-0.07554000713334127
8.248757362365723,-12.662412643432617,0.7920671105384827,0.12044120579957962,0.4538170397281647,0.19674326479434967,0.11766938865184784,-0.042020853608846664,-0.033632729202508926,0.991593062877655,0.34016507863998413,-0.022313319146633148,-0.013986465521156788,0.06868687272071838,0.06420454382896423,-0.08509787917137146,0.14505794644355774,-0.09119544923305511,0.23913416171039986,-0.0754917879000887,-0.07688359594570808
7.277651309967041,-12.475625991821289,0.8182172775268555,0.11463092267513275,0.47005003690719604,0.19906574487686157,0.11829914152622223,-0.04153209179639816,-0.03435634449124336,0.9915139675140381,0.33799758553504944,-0.01742924377322197,-0.01717686839401722,0.055497732013463974,0.03415060415863991,-0.07910948246717453,0.15179085731506348,-0.09211507439613342,0.2404103588419983,-0.07429899338757107,-0.07825152275425971
6.362395286560059,-12.24478816986084,0.8428330421447754,0.10866524279117584,0.48678383231163025,0.2012694925069809,0.11878775805234909,-0.04133499413728714,-0.03506145253777504,0.9914391040802002,0.33568352460861206,-0.012699163518846035,-0.020446527749300003,0.042646970599889755,0.005299784708768129,-0.07331439107656479,0.15848657488822937,-0.09293492883443832,0.24142776755321865,-0.07369922165864295,-0.07964291536941753
5.500843524932861,-11.973649978637695,0.8657121062278748,0.1025623083114624,0.5039833784103394,0.2033524066209793,0.11913987249135971,-0.041414786130189896,-0.03574918583035469,0.9913689494132996,0.3332909643650055,-0.008129794150590897,-0.023751359432935715,0.030169768258929253,-0.02203305996954441,-0.06777496635913849,0.16514353454113007,-0.09365793317556381,0.24219553801493465,-0.0736629677701357,-0.08105789283869735
4.700076103210449,-11.666572570800781,0.8865959048271179,0.0963725671172142,0.5216110944747925,0.2053121030330658,0.11936005204916,-0.04175391420722008,-0.036419931799173355,0.9913038611412048,0.3308892846107483,-0.003723117522895336,-0.027041861787438393,0.018122155219316483,-0.047558944672346115,-0.06253602355718613,0.17176149785518646,-0.09428700059652328,0.24272233500075563,-0.07415541026557282,-0.0824939299743847
3.9691433906555176,-11.321331977844238,0.9055792093276978,0.09014998376369476,0.5396274924278259,0.20714731514453888,0.11945361644029617,-0.04233279079198837,-0.0370752215385437,0.9912436604499817,0.32852858304977417,0.0005201748572289944,-0.030278345569968224,0.006549620069563389,-0.07107382267713547,-0.05765168368816376,0.17834094166755676,-0.0948256328701973,0.24301823630131425,-0.0751373772008801,-0.08394994154149855
3.304727554321289,-10.944326400756836,0.9224098324775696,0.0838567316532135,0.5579906702041626,0.20885711908340454,0.11942587792873383,-0.04312937706708908,-0.037715762853622437,0.9911885261535645,0.32626909017562866,0.004580841399729252,-0.03345714136958122,-0.004555535037070513,-0.09234927594661713,-0.05315729230642319,0.18488383293151855,-0.0952773317694664,0.24309281844349154,-0.07656500680704248,-0.08542220601165458
2.71565580368042,-10.537381172180176,0.9370059370994568,0.07756028324365616,0.5766588449478149,0.21044091880321503,0.11928261071443558,-0.044120512902736664,-0.03834306821227074,0.9911381006240845,0.324161559343338,0.008457588031888008,-0.03655429556965828,-0.01513769943267107,-0.11122660338878632,-0.049084026366472244,0.19139274954795837,-0.09564614295959473,0.24295651559234754,-0.07839199484656256,-0.0869081089974539
2.2047922611236572,-10.10229206085205,0.9495691061019897,0.07124316692352295,0.5955891013145447,0.21189841628074646,0.11902982741594315,-0.045280780643224716,-0.03895812854170799,0.9910922050476074,0.32224756479263306,0.012169677764177322,-0.039446257054805756,-0.0252224113792181,-0.12762407958507538,-0.04546208307147026,0.19787144660949707,-0.09593623876571655,0.24261978695997696,-0.08056763778215048,-0.08840321961393854
1.7650812864303589,-9.640737533569336,0.9599860906600952,0.06491955369710922,0.614738941192627,0.2132299691438675,0.1186738982796669,-0.046584147959947586,-0.0395621731877327,0.9910504221916199,0.3205639719963074,0.015687232837080956,-0.04220467433333397,-0.03478706255555153,-0.14143015444278717,-0.04230508953332901,0.20432429015636444,-0.0961521714925766,0.24209364362368643,-0.08303991324376203,-0.08990332484618163
1.4004868268966675,-9.156672477722168,0.9683667421340942,0.05868755653500557,0.6340659260749817,0.2144361436367035,0.11822102963924408,-0.04800461232662201,-0.04015672951936722,0.9910129308700562,0.3191432058811188,0.019023347645998,-0.04478073865175247,-0.04377194494009018,-0.1526109129190445,-0.039626557379961014,0.21075621247291565,-0.09629840403795242,0.24138846868816013,-0.0857567300396942,-0.09140465607135408
1.1071640253067017,-8.651412010192871,0.9746140241622925,0.05245634540915489,0.6535294055938721,0.21551799774169922,0.11767790466547012,-0.04951539263129234,-0.040743205696344376,0.9909793138504028,0.31801992654800415,0.022166689857840538,-0.04714930057525635,-0.052251748740673065,-0.16113144159317017,-0.037416331470012665,0.21717281639575958,-0.09637989103794098,0.24051547045656288,-0.08866444597659151,-0.09290308782937956
0.8885091543197632,-8.128067970275879,0.9789817333221436,0.04633978754281998,0.6730895042419434,0.21647703647613525,0.1170511469244957,-0.05109000951051712,-0.04132288694381714,0.9909496307373047,0.31720754504203796,0.025122758001089096,-0.04930790141224861,-0.06015605852007866,-0.16704469919204712,-0.0356806218624115,0.223580002784729,-0.096401646733284,0.23948545734227528,-0.09170998136830599,-0.09439430852145002
0.7356393337249756,-7.589574337005615,0.9814687967300415,0.04032691568136215,0.6927086114883423,0.21731524169445038,0.11634746193885803,-0.05270262062549591,-0.04189712926745415,0.9909240007400513,0.3167266845703125,0.02788817137479782,-0.051240742206573486,-0.06750687211751938,-0.17038846015930176,-0.03439599648118019,0.22998401522636414,-0.09636859595775604,0.23830927749916114,-0.09484144762774549,-0.09587438795377594
0.6485921144485474,-7.039139747619629,0.9822298288345337,0.03443178907036781,0.7123516798019409,0.2180347889661789,0.11557330191135406,-0.054328449070453644,-0.042467374354600906,0.9909024238586426,0.31658539175987244,0.030461136251688004,-0.05294666066765785,-0.0743056908249855,-0.17125661671161652,-0.03355109691619873,0.2363911122083664,-0.09628600627183914,0.23699725458624593,-0.09800904149240486,-0.09733994384117188
0.6219559907913208,-6.478315830230713,0.981311559677124,0.028651975095272064,0.7319857478141785,0.21863825619220734,0.11473546922206879,-0.05594301223754883,-0.04303457587957382,0.9908855557441711,0.3167927861213684,0.032839320600032806,-0.05441850796341896,-0.0805714949965477,-0.16975167393684387,-0.03311483561992645,0.2428080439567566,-0.09615908563137054,0.23556008266586953,-0.10116352420536834,-0.09878681265155402
0.6540954113006592,-5.909984588623047,0.9791178107261658,0.023016003891825676,0.7515811920166016,0.2191285640001297,0.11384063959121704,-0.05752360075712204,-0.043599870055913925,0.9908734560012817,0.3173356354236603,0.03502402454614639,-0.05566025525331497,-0.08629834651947021,-0.16605131328105927,-0.03307419642806053,0.2492411881685257,-0.09599310904741287,0.23400841219243793,-0.10425914336376652,-0.10021186418305968
0.730876624584198,-5.336740970611572,0.9754875302314758,0.017573121935129166,0.7711108326911926,0.21950885653495789,0.1128954365849495,-0.05904875323176384,-0.044164080172777176,0.9908668398857117,0.3182227313518524,0.037016984075307846,-0.05667335167527199,-0.09146957844495773,-0.1602661907672882,-0.03338421508669853,0.2556970417499542,-0.09579339623451233,0.23235261734570928,-0.10725259442174284,-0.10161177321345018
0.857936441898346,-4.76051139831543,0.9706451892852783,0.012285083532333374,0.7905514240264893,0.21978281438350677,0.11190582066774368,-0.06050015240907669,-0.04472846910357475,0.9908663630485535,0.3194412589073181,0.03881405293941498,-0.05746529623866081,-0.09612847119569778,-0.152594655752182,-0.03401491045951843,0.26218146085739136,-0.0955650731921196,0.23060206111801573,-0.11010672840271218,-0.10298499454572675
1.0274183750152588,-4.185208320617676,0.9649841785430908,0.007216547150164843,0.8098822236061096,0.21995426714420319,0.11087833344936371,-0.06185997650027275,-0.045293696224689484,0.9908722043037415,0.3209657073020935,0.04042191430926323,-0.058041881769895554,-0.1002410352230072,-0.14326567947864532,-0.034939613193273544,0.2687004506587982,-0.09531332552433014,0.22876729798182077,-0.11278545770154036,-0.10432921969277541
1.2255537509918213,-3.6124496459960938,0.9584136009216309,0.0023453105241060257,0.8290867209434509,0.22002722322940826,0.10981883108615875,-0.06311342120170593,-0.045860689133405685,0.9908850193023682,0.32278966903686523,0.04183811694383621,-0.05841070041060448,-0.10383744537830353,-0.13244593143463135,-0.03611248731613159,0.2752591073513031,-0.09504321217536926,0.22685771819431247,-0.11525859872501498,-0.10564347447197547
1.45552396774292,-3.044071674346924,0.9514235854148865,-0.002348857233300805,0.8481512069702148,0.22000578045845032,0.10873381048440933,-0.06424687057733536,-0.04642974212765694,0.9909054040908813,0.3248760998249054,0.04306183382868767,-0.05858665704727173,-0.10694343596696854,-0.12040139734745026,-0.03751368075609207,0.28186270594596863,-0.09475994855165482,0.22488403886431643,-0.11749835814775555,-0.10692606995878998
1.7001745700836182,-2.4813921451568604,0.9437265396118164,-0.006752153858542442,0.8670653700828552,0.21989426016807556,0.10762836039066315,-0.06525010615587234,-0.04700174927711487,0.9909335374832153,0.3272213935852051,0.044104885309934616,-0.058572567999362946,-0.10949750989675522,-0.10728412121534348,-0.03908606246113777,0.288515567779541,-0.09446823596954346,0.22285470972824842,-0.1194837046330024,-0.10817738867048082
1.9695711135864258,-1.9265806674957275,0.9358488321304321,-0.010987631045281887,0.885822594165802,0.21969732642173767,0.10650847107172012,-0.06611434370279312,-0.04757694900035858,0.9909697771072388,0.32978174090385437,0.044958215206861496,-0.05838566645979881,-0.1115967184305191,-0.09338277578353882,-0.04080836847424507,0.2952215075492859,-0.09417296200990677,0.22078003508007504,-0.12119644043664435,-0.109397067298605
2.245290756225586,-1.3825922012329102,0.9277989864349365,-0.01498469803482294,0.9044193029403687,0.21941931545734406,0.1053796038031578,-0.06683342158794403,-0.048155732452869415,0.9910143613815308,0.33253470063209534,0.0456308051943779,-0.058036986738443375,-0.11320330202579498,-0.07889724522829056,-0.042641326785087585,0.30198395252227783,-0.09387877583503723,0.2186696335697461,-0.12262357121147827,-0.11058574215550301
2.5270354747772217,-0.8482944965362549,0.919654905796051,-0.01874934323132038,0.9228549003601074,0.21906495094299316,0.10424686968326569,-0.0674033910036087,-0.04873829334974289,0.9910670518875122,0.3354531228542328,0.04612547904253006,-0.0575370192527771,-0.1143394336104393,-0.06404341012239456,-0.044548992067575455,0.3088054358959198,-0.09359017014503479,0.21653280154631968,-0.12375659845796583,-0.11174428500057466
2.8120782375335693,-0.32692646980285645,0.9118149280548096,-0.02225198969244957,0.9411318898200989,0.21863915026187897,0.10311471670866013,-0.06782286614179611,-0.049325138330459595,0.9911277890205383,0.33849039673805237,0.04644492641091347,-0.05692405626177788,-0.11499602347612381,-0.049079690128564835,-0.0465131513774395,0.3156880736351013,-0.09331127256155014,0.21437785033922271,-0.12459207229968139,-0.11287474839995096
3.086477518081665,0.17939519882202148,0.9041803479194641,-0.02552802488207817,0.9592555165290833,0.21814675629138947,0.10198736935853958,-0.06809233874082565,-0.04991663619875908,0.9911964535713196,0.341632604598999,0.046602651476860046,-0.05615271255373955,-0.11520881205797195,-0.03416992351412773,-0.04850105941295624,0.32263314723968506,-0.09304597973823547,0.21221291170464732,-0.12513031216997117,-0.1139793535235614
3.3536877632141113,0.6701750755310059,0.89707350730896,-0.028562571853399277,0.9772331118583679,0.21759212017059326,0.10087009519338608,-0.06821385025978088,-0.05051244795322418,0.9912721514701843,0.3448251187801361,0.04658553749322891,-0.05532805249094963,-0.1149807944893837,-0.019549869000911713,-0.05048945173621178,0.3296414315700531,-0.09279853850603104,0.21004852005235455,-0.12537480267411016,-0.11505948375242761
3.6024272441864014,1.1475183963775635,0.890426754951477,-0.031351640820503235,0.995074450969696,0.21698030829429626,0.0997663363814354,-0.06819183379411697,-0.05111304670572281,0.9913545846939087,0.3480561077594757,0.04641816020011902,-0.054375018924474716,-0.11433073878288269,-0.0053651765920221806,-0.05245465412735939,0.3367129862308502,-0.0925724059343338,0.20789186467208756,-0.125333740814368,-0.11611837364327612
3.8350634574890137,1.6061434745788574,0.8843074440956116,-0.03391106426715851,1.0127912759780884,0.21631598472595215,0.09868007898330688,-0.0680321678519249,-0.05171844735741615,0.991442859172821,0.35129252076148987,0.04609981179237366,-0.05333011969923973,-0.11328128725290298,0.008212396875023842,-0.054370101541280746,0.343847393989563,-0.09237103164196014,0.20575151931662,-0.12501827795765874,-0.11715875243050258
4.049239635467529,2.0475516319274902,0.8789759278297424,-0.036246221512556076,1.0303971767425537,0.21560393273830414,0.09761513024568558,-0.06774254888296127,-0.05232854187488556,0.9915360808372498,0.35448992252349854,0.0456288605928421,-0.05224892124533653,-0.11185531318187714,0.02099725976586342,-0.05622851103544235,0.3510434627532959,-0.0921977087855339,0.20363595385268773,-0.12444320918577745,-0.11818340843436043
4.235842704772949,2.4700913429260254,0.8743204474449158,-0.03832753747701645,1.0479066371917725,0.21484892070293427,0.09657465666532516,-0.06733187288045883,-0.05294329673051834,0.9916333556175232,0.3576347231864929,0.04502451419830322,-0.05109383910894394,-0.11004913598299026,0.03288861736655235,-0.05800586938858032,0.35829958319664,-0.09205541759729385,0.20155255420267504,-0.12362576853770402,-0.11919537302557187
4.398784160614014,2.8729143142700195,0.8705337643623352,-0.040166404098272324,1.065335988998413,0.21405555307865143,0.0955611914396286,-0.06681016087532043,-0.053563009947538376,0.9917334318161011,0.3606877326965332,0.0442863330245018,-0.04991724714636803,-0.10788902640342712,0.0437418594956398,-0.05969835817813873,0.365613728761673,-0.09194672107696533,0.1995077287505805,-0.122585471347044,-0.12019844841453178
4.531318187713623,3.256099224090576,0.867526650428772,-0.04180127754807472,1.0827022790908813,0.2132285237312317,0.09457806497812271,-0.06618897616863251,-0.05418736860156059,0.9918355941772461,0.3636332154273987,0.043422140181064606,-0.0487094521522522,-0.1054219901561737,0.05348081514239311,-0.06128813698887825,0.3729829788208008,-0.09187442809343338,0.19750952773542377,-0.12134485172360865,-0.12119543600192788
4.636567115783691,3.6181840896606445,0.8656056523323059,-0.04319916293025017,1.1000224351882935,0.21237225830554962,0.09362728893756866,-0.06548010557889938,-0.054816458374261856,0.9919382333755493,0.3664299547672272,0.0424371100962162,-0.04752006381750107,-0.10264516621828079,0.06198504939675331,-0.0627770945429802,0.38040444254875183,-0.09184054285287857,0.19556365150353003,-0.11992707435710837,-0.12218982138421479
4.703802108764648,3.959904193878174,0.8642928004264832,-0.044359251856803894,1.1173138618469238,0.21149146556854248,0.09271104633808136,-0.06469617784023285,-0.055450279265642166,0.9920404553413391,0.36908483505249023,0.04134499281644821,-0.046324267983436584,-0.09958063811063766,0.06927318125963211,-0.06414289027452469,0.38787466287612915,-0.09184718132019043,0.1936761203055892,-0.11835689002521788,-0.12318488243803344
4.749752044677734,4.278630256652832,0.8640269637107849,-0.0453178733587265,1.1345949172973633,0.21059048175811768,0.09183111041784286,-0.06385020166635513,-0.05608897656202316,0.9921411871910095,0.37156179547309875,0.0401548407971859,-0.045126400887966156,-0.09626767039299011,0.07523222267627716,-0.06540228426456451,0.3953898251056671,-0.09189604967832565,0.19185226253670656,-0.11665984836632504,-0.12418410794491552
4.759056091308594,4.575736999511719,0.8645919561386108,-0.046058572828769684,1.151882529258728,0.209673672914505,0.09098918735980988,-0.06295569241046906,-0.05673227831721306,0.9922393560409546,0.3738498389720917,0.03886847570538521,-0.04397585615515709,-0.09272078424692154,0.079875148832798,-0.06654193252325058,0.40294596552848816,-0.09198871999979019,0.19009732070592483,-0.11486259528171527,-0.12519011445191933
4.73928165435791,4.850179672241211,0.8659897446632385,-0.04658418893814087,1.1691945791244507,0.20874513685703278,0.09018661826848984,-0.06202605366706848,-0.05738024041056633,0.9923338890075684,0.37594330310821533,0.037505581974983215,-0.04282492771744728,-0.08895722776651382,0.08319862931966782,-0.06756222993135452,0.4105387330055237,-0.09212648868560791,0.18841585313946083,-0.1129915374564805,-0.1262059841832757
4.690359115600586,5.102752685546875,0.8682151436805725,-0.04688606411218643,1.1865466833114624,0.20780913531780243,0.08942437171936035,-0.06107432395219803,-0.05803300440311432,0.9924240112304688,0.37781694531440735,0.036054328083992004,-0.041804686188697815,-0.0850042849779129,0.08520586788654327,-0.06846649199724197,0.41816389560699463,-0.09231045097112656,0.18681160076332412,-0.11107236061433512,-0.12723470223821398
4.6124701499938965,5.3316216468811035,0.8711767196655273,-0.047024067491292953,1.203954815864563,0.20686951279640198,0.08870354294776917,-0.060113996267318726,-0.05869009345769882,0.9925085306167603,0.37947914004325867,0.03453698009252548,-0.04082157090306282,-0.08091260492801666,0.08594229817390442,-0.06925841420888901,0.4258168339729309,-0.09254156053066254,0.1852886688573484,-0.10913179316350408,-0.12827807081329629
4.508814811706543,5.538524627685547,0.8749244213104248,-0.046942081302404404,1.221433401107788,0.20593036711215973,0.08802451193332672,-0.05915704742074013,-0.05935204029083252,0.992587149143219,0.3809208273887634,0.032965730875730515,-0.039898473769426346,-0.07666607946157455,0.08544089645147324,-0.06994350999593735,0.43349310755729675,-0.09282035380601883,0.18384948483972224,-0.10719336929324874,-0.12933932599232154
4.377645492553711,5.721120834350586,0.8792599439620972,-0.04670676961541176,1.2389957904815674,0.2049952894449234,0.08738772571086884,-0.05821558088064194,-0.06001843884587288,0.9926590323448181,0.3821474611759186,0.03134309500455856,-0.039043400436639786,-0.07232730090618134,0.08378496021032333,-0.0705239400267601,0.44118833541870117,-0.09314732253551483,0.1824966737980372,-0.10528109529444829,-0.13041985931513728
4.225902080535889,5.881729602813721,0.8841816186904907,-0.046279169619083405,1.256653904914856,0.2040678858757019,0.08679353445768356,-0.05730096995830536,-0.060689233243465424,0.9927236437797546,0.3831556439399719,0.029677296057343483,-0.03828822076320648,-0.06789154559373856,0.08103643357753754,-0.07100504636764526,0.44889798760414124,-0.09352272748947144,0.18123258094415773,-0.10341744192161628,-0.13152150765013534
4.053643226623535,6.019538879394531,0.8895788788795471,-0.045667342841625214,1.2744182348251343,0.20315156877040863,0.08624176681041718,-0.05642326921224594,-0.061364613473415375,0.9927805066108704,0.3839556872844696,0.02798236906528473,-0.037606921046972275,-0.06337793171405792,0.07728677242994308,-0.07139474898576736,0.45661792159080505,-0.0939466580748558,0.18005837618321757,-0.10162228055012323,-0.13264624595291158
3.864739179611206,6.13502311706543,0.8954113125801086,-0.04490509256720543,1.2922978401184082,0.2022496908903122,0.08573225885629654,-0.05559191107749939,-0.06204459071159363,0.9928292632102966,0.3845514953136444,0.026261240243911743,-0.03702149912714958,-0.05882826820015907,0.07262403517961502,-0.07170039415359497,0.46434396505355835,-0.09441894292831421,0.1789751571324485,-0.09991426601364406,-0.13379553024451948
3.6606040000915527,6.22786283493042,0.9016970992088318,-0.04401874542236328,1.3102999925613403,0.20136496424674988,0.08526504039764404,-0.05481589585542679,-0.0627286359667778,0.9928696751594543,0.38494715094566345,0.02451910451054573,-0.03654227405786514,-0.0542743094265461,0.06713878363370895,-0.07193293422460556,0.472072035074234,-0.09493949264287949,0.17798432005227938,-0.09831125191917378,-0.13496964066469228
3.4406015872955322,6.301355361938477,0.9082704186439514,-0.04296248033642769,1.3284305334091187,0.20050057768821716,0.08483939617872238,-0.05410207062959671,-0.06341695785522461,0.9929014444351196,0.38516271114349365,0.022777169942855835,-0.036121174693107605,-0.04969964548945427,0.06095796823501587,-0.07210143655538559,0.47979873418807983,-0.09550788998603821,0.17708558627601478,-0.09682678770764008,-0.13616986950791066
3.2105352878570557,6.351991653442383,0.9149477481842041,-0.04176904261112213,1.3466943502426147,0.19965894520282745,0.08445464819669724,-0.05345650017261505,-0.06410949677228928,0.9929248094558716,0.3852148652076721,0.021037479862570763,-0.0357750840485096,-0.04513780027627945,0.05420853570103645,-0.07220537215471268,0.4875207245349884,-0.09612347185611725,0.17627855611390952,-0.09547286519519216,-0.13739676792877237
2.9768288135528564,6.383930206298828,0.9216812252998352,-0.040489550679922104,1.36509370803833,0.19884279370307922,0.08411026746034622,-0.05288439244031906,-0.06480611860752106,0.9929394125938416,0.38511228561401367,0.01929618790745735,-0.035547222942113876,-0.04064493998885155,0.046995580196380615,-0.07225459069013596,0.49523472785949707,-0.09678567200899124,0.17556314533024625,-0.09425981313856524,-0.13865070015758763
2.741157054901123,6.394737243652344,0.9285702109336853,-0.03904162347316742,1.3836297988891602,0.19805435836315155,0.08380533009767532,-0.05238950625061989,-0.06550675630569458,0.9929454326629639,0.3848624527454376,0.017568811774253845,-0.03544176369905472,-0.036170169711112976,0.039409928023815155,-0.07226783037185669,0.5029382109642029,-0.09749369323253632,0.17493821479968027,-0.09319507978465147,-0.1399318174998814
2.500042676925659,6.386905670166016,0.9353285431861877,-0.037530697882175446,1.4023019075393677,0.19729575514793396,0.08353890478610992,-0.051974404603242874,-0.06621146947145462,0.9929429888725281,0.38450005650520325,0.015867874026298523,-0.03536424785852432,-0.03178927302360535,0.0315999761223793,-0.07224433124065399,0.5106287598609924,-0.09824670851230621,0.1744024880746169,-0.09228372010404673,-0.14124035020777723
2.263500928878784,6.360715389251709,0.9419675469398499,-0.03593416139483452,1.4211088418960571,0.19656860828399658,0.08331003040075302,-0.051640719175338745,-0.06692008674144745,0.9929322004318237,0.3840315043926239,0.014190233312547207,-0.03538636490702629,-0.027501804754137993,0.0236639603972435,-0.07219316810369492,0.5183042287826538,-0.09904375672340393,0.17395450061190082,-0.09152898362013873,-0.1425759371525561
2.0311357975006104,6.318778991699219,0.9485980272293091,-0.03423687815666199,1.4400466680526733,0.1958748698234558,0.08311744779348373,-0.051388707011938095,-0.06763274222612381,0.9929130673408508,0.38346973061561584,0.012551499530673027,-0.0354650653898716,-0.023303713649511337,0.01568763516843319,-0.07213123887777328,0.5259630680084229,-0.09988363832235336,0.17359205704703903,-0.09093138810101564,-0.1439386153793793
1.7990690469741821,6.258726119995117,0.9548723697662354,-0.03251843526959419,1.4591116905212402,0.19521567225456238,0.08296015113592148,-0.05121786519885063,-0.06834879517555237,0.9928860068321228,0.38284552097320557,0.010950813069939613,-0.035588957369327545,-0.01925354078412056,0.007821493782103062,-0.07205820828676224,0.533603847026825,-0.10076548904180527,0.1733132337252254,-0.09049001012144253,-0.1453267418606602
1.5794670581817627,6.185234069824219,0.9607056379318237,-0.030675431713461876,1.478297472000122,0.19459258019924164,0.08283696323633194,-0.0511263832449913,-0.06906874477863312,0.992851197719574,0.38217854499816895,0.00940373819321394,-0.035751987248659134,-0.015289978124201298,0.00016031943960115314,-0.07197529077529907,0.5412257313728333,-0.10168801993131638,0.17311571010939564,-0.0902011707930952,-0.14674077532328517
1.3753026723861694,6.0953826904296875,0.9664130210876465,-0.028840424492955208,1.4975981712341309,0.19400621950626373,0.08274656534194946,-0.05111188814043999,-0.06979166716337204,0.9928089380264282,0.38147008419036865,0.007907157763838768,-0.035936713218688965,-0.011502600274980068,-0.007260979153215885,-0.07190731912851334,0.5488280057907104,-0.10265012085437775,0.17299667019457377,-0.09006034295107912,-0.14817824933624893
1.175544261932373,5.994663715362549,0.9715994000434875,-0.02692653238773346,1.5170056819915771,0.19345776736736298,0.08268767595291138,-0.05117075517773628,-0.07051809132099152,0.9927594661712646,0.3807477056980133,0.006464145611971617,-0.036190614104270935,-0.007848583161830902,-0.014299373142421246,-0.07184496521949768,0.556410551071167,-0.10365043580532074,0.17295330001574233,-0.09006025673777196,-0.14963941723002278
0.9940209984779358,5.879519939422607,0.976519763469696,-0.024988077580928802,1.5365121364593506,0.1929478794336319,0.08265896886587143,-0.05129889398813248,-0.07124803960323334,0.9927031397819519,0.3800169825553894,0.005081659182906151,-0.03647236526012421,-0.004358481615781784,-0.020926320925354958,-0.07180247455835342,0.5639733672142029,-0.10468775779008865,0.1729825544338102,-0.09019281015146663,-0.15112344970928687
0.8218082785606384,5.752933025360107,0.9809110164642334,-0.023028770461678505,1.5561076402664185,0.1924770027399063,0.08265911042690277,-0.05149124190211296,-0.07198089361190796,0.9926402568817139,0.3793033957481384,0.003763349261134863,-0.03677406907081604,-0.0010383116314187646,-0.02703770063817501,-0.07178281247615814,0.5715166926383972,-0.10576070845127106,0.17308116699708184,-0.09044809691773747,-0.15262810227255766
0.668114423751831,5.616049766540527,0.9847513437271118,-0.021084032952785492,1.5757837295532227,0.19204530119895935,0.08268660306930542,-0.05174218863248825,-0.07271644473075867,0.9925713539123535,0.3786214292049408,0.0025105730164796114,-0.03708628565073013,0.0020859395153820515,-0.032583821564912796,-0.07179074734449387,0.5790414810180664,-0.10686803609132767,0.17324542426958447,-0.09081506523520999,-0.15415181869552724
0.5337029695510864,5.470520973205566,0.9881784915924072,-0.01907416246831417,1.5955305099487305,0.19165310263633728,0.08274020999670029,-0.05204605311155319,-0.07345529645681381,0.9924965500831604,0.37797656655311584,0.001335217384621501,-0.037402089685201645,0.005068868864327669,-0.037543315440416336,-0.07183331251144409,0.5865485072135925,-0.10800836980342865,0.17347223245618656,-0.0912823749036602,-0.15569474980035672
0.41375279426574707,5.315281867980957,0.9910908341407776,-0.017155468463897705,1.6153374910354614,0.19130022823810577,0.08281838893890381,-0.05239624157547951,-0.07419682294130325,0.992416501045227,0.3773839771747589,0.00022517004981637,-0.037717554718256,0.007803987246006727,-0.04186471551656723,-0.07190864533185959,0.5940388441085815,-0.10918037593364716,0.1737575185318072,-0.0918371118243082,-0.15725433098888536
0.3118208050727844,5.1533918380737305,0.9935142993927002,-0.015189037658274174,1.6351951360702515,0.1909864842891693,0.08291971683502197,-0.05278613045811653,-0.07494103908538818,0.9923313856124878,0.3768523335456848,-0.000803426606580615,-0.03802594915032387,0.010388582944869995,-0.04552777111530304,-0.07202571630477905,0.6015139818191528,-0.11038273572921753,0.17409754062859012,-0.09246621562501467,-0.1588293576176761
0.22699952125549316,4.984963417053223,0.9953527450561523,-0.0132224690169096,1.6550934314727783,0.1907116174697876,0.08304287493228912,-0.05320914834737778,-0.07568830251693726,0.9922417998313904,0.37639516592025757,-0.0017523078713566065,-0.03831947222352028,0.012791282497346401,-0.048504509031772614,-0.07217982411384583,0.6089751124382019,-0.11161411553621292,0.1744886861601267,-0.0931566280847056,-0.16041925304400145
0.16265392303466797,4.810389041900635,0.9967741966247559,-0.01129939779639244,1.675022840499878,0.19047486782073975,0.08318625390529633,-0.05365817993879318,-0.07643818110227585,0.9921481609344482,0.3760121464729309,-0.0026230826042592525,-0.038593389093875885,0.014987103641033173,-0.05081551894545555,-0.07237818837165833,0.6164243221282959,-0.11287316679954529,0.17492660122057202,-0.09389442850387297,-0.1620217661856938
0.11290311813354492,4.632845878601074,0.997802197933197,-0.009473800659179688,1.694973349571228,0.1902758628129959,0.08334851264953613,-0.054126493632793427,-0.0771908089518547,0.9920508861541748,0.37570488452911377,-0.0034252507612109184,-0.03887879475951195,0.016936123371124268,-0.05246114730834961,-0.07262150943279266,0.623863160610199,-0.11415857821702957,0.17540753065559078,-0.09466632259161556,-0.16363585080636245
0.07692307233810425,4.450068473815918,0.9982152581214905,-0.007627314887940884,1.7149362564086914,0.1901136189699173,0.08352819085121155,-0.05460729822516441,-0.07794608920812607,0.9919502139091492,0.3754960894584656,-0.004133414477109909,-0.03909023106098175,0.01873413659632206,-0.05342002958059311,-0.07290322333574295,0.6312934756278992,-0.11546920239925385,0.17592744145542702,-0.09545898689596544,-0.1652599938590539
0.06246596574783325,4.265905380249023,0.9982779622077942,-0.005841262638568878,1.7349023818969727,0.18998731672763824,0.08372385054826736,-0.05509408935904503,-0.07870425283908844,0.9918469786643982,0.3753695785999298,-0.004768772050738335,-0.03931334987282753,0.020321587100625038,-0.05375378951430321,-0.07322852313518524,0.6387172937393188,-0.1168035939335823,0.1764822661981841,-0.09625956872196739,-0.16689326563222875
0.06027132272720337,4.079521179199219,0.9980016350746155,-0.004102356731891632,1.7548648118972778,0.18989545106887817,0.0839337408542633,-0.05558019503951073,-0.07946449518203735,0.9917415380477905,0.3753361403942108,-0.005313045810908079,-0.03944684937596321,0.021720755845308304,-0.053484782576560974,-0.07360009849071503,0.6461365222930908,-0.11816054582595825,0.1770672422951044,-0.09705517991050572,-0.1685326756894173
0.06994277238845825,3.8953163623809814,0.9972877502441406,-0.0024406900629401207,1.7748156785964966,0.1898375004529953,0.08415679633617401,-0.056060098111629486,-0.08022765070199966,0.9916341304779053,0.3753916919231415,-0.0057868268340826035,-0.039588842540979385,0.022902701050043106,-0.05262882262468338,-0.0740063488483429,0.6535531282424927,-0.11953890323638916,0.17767928679836065,-0.09783482502340113,-0.1701787640189065
0.09492874145507812,3.707481622695923,0.9963797926902771,-0.0008724990184418857,1.7947486639022827,0.1898118406534195,0.08439124375581741,-0.05652795732021332,-0.08099330216646194,0.9915253520011902,0.3755294382572174,-0.00618339329957962,-0.03969382494688034,0.023876095190644264,-0.051258597522974014,-0.07445529848337173,0.6609688997268677,-0.12093736231327057,0.17831364111177464,-0.09858720549166655,-0.1718293723186169
0.1267072558403015,3.5229439735412598,0.9951511025428772,0.0006891945959068835,1.8146578073501587,0.18981708586215973,0.08463568240404129,-0.056978628039360046,-0.08176136761903763,0.9914156794548035,0.37575337290763855,-0.006497754715383053,-0.03976815938949585,0.02470216155052185,-0.049392521381378174,-0.07494072616100311,0.6683858633041382,-0.12235485762357712,0.17896642208138402,-0.09930230060458434,-0.1734831653280173
0.1697114109992981,3.3405380249023438,0.9936279058456421,0.0021493181120604277,1.8345376253128052,0.18985223770141602,0.08488892763853073,-0.0574076808989048,-0.0825323686003685,0.9913054704666138,0.3760603368282318,-0.006739495322108269,-0.039809901267290115,0.02532096952199936,-0.04708252474665642,-0.07545434683561325,0.6758055686950684,-0.1237901896238327,0.1796343435970195,-0.09997137814570656,-0.17514015933191088
0.22302329540252686,3.1581268310546875,0.9918918013572693,0.0035191101487725973,1.854384422302246,0.18991543352603912,0.08514929562807083,-0.05781080201268196,-0.08330583572387695,0.991195023059845,0.3764433264732361,-0.00690948311239481,-0.039821747690439224,0.02575477957725525,-0.044391829520463943,-0.07599282264709473,0.6832299828529358,-0.12524227797985077,0.18031304356444214,-0.10058622853527233,-0.17679836716808303
0.28378695249557495,2.981257677078247,0.9900776147842407,0.004827316850423813,1.8741947412490845,0.19000504910945892,0.08541537821292877,-0.05818460136651993,-0.08408191800117493,0.9910847544670105,0.3768923580646515,-0.007006572559475899,-0.03980333358049393,0.026026813313364983,-0.041389212012290955,-0.07655603438615799,0.6906605958938599,-0.1267099678516388,0.18099887993270802,-0.10114031096700438,-0.1784571884471568
0.3472834825515747,2.80881404876709,0.9881381988525391,0.006073234137147665,1.8939660787582397,0.19011957943439484,0.08568575978279114,-0.058526117354631424,-0.08486068248748779,0.9909747838973999,0.37740421295166016,-0.007033560890704393,-0.03975860774517059,0.026143399998545647,-0.0381181500852108,-0.07713919132947922,0.6980985999107361,-0.12819235026836395,0.1816883023042465,-0.10162798746454293,-0.18011597945185176
0.4151630401611328,2.640371799468994,0.9858853816986084,0.007215522695332766,1.9136967658996582,0.1902574598789215,0.08595922589302063,-0.05883313715457916,-0.08564240485429764,0.9908657670021057,0.37798336148262024,-0.006996920332312584,-0.03968452662229538,0.02608434110879898,-0.03460957109928131,-0.07772273570299149,0.7055454254150391,-0.12968826293945312,0.18237819843302047,-0.10204499198790007,-0.18177455670709688
0.49401164054870605,2.4765918254852295,0.9839888215065002,0.008200463838875294,1.933385968208313,0.19041681289672852,0.08623424172401428,-0.059103935956954956,-0.08642686158418655,0.9907576441764832,0.3785923719406128,-0.006902490742504597,-0.0395878367125988,0.025825614109635353,-0.031017180532217026,-0.07832862436771393,0.7130022048950195,-0.13119685649871826,0.1830649908492902,-0.10238825158062093,-0.18343193419049997
0.5603912472724915,2.3197193145751953,0.9817594289779663,0.009237229824066162,1.9530335664749146,0.19059611856937408,0.08650977909564972,-0.05933752283453941,-0.0872146412730217,0.9906505942344666,0.3792559802532196,-0.006737152114510536,-0.0394713394343853,0.025515388697385788,-0.02728193812072277,-0.07892134040594101,0.7204698324203491,-0.13271714746952057,0.18374626557034174,-0.10265588533872383,-0.18508887518664383
0.6384199857711792,2.1679036617279053,0.979830265045166,0.010098911821842194,1.9726402759552002,0.19079339504241943,0.08678426593542099,-0.05953315645456314,-0.08800527453422546,0.9905449748039246,0.37993887066841125,-0.006522309500724077,-0.0393381342291832,0.025009440258145332,-0.023558255285024643,-0.0795222669839859,0.7279490232467651,-0.134248286485672,0.18441844423354778,-0.1028468074739648,-0.18674400080342224
0.7059407234191895,2.024306058883667,0.9777936935424805,0.010859247297048569,1.992207407951355,0.19100689888000488,0.08705637603998184,-0.05969079211354256,-0.0887986272573471,0.9904407858848572,0.38064897060394287,-0.006262532435357571,-0.03922108933329582,0.024361127987504005,-0.01982775330543518,-0.08010561764240265,0.7354404330253601,-0.13578930497169495,0.18507866906695314,-0.10296124113429994,-0.18839682396359617
0.7772207260131836,1.887838363647461,0.9759923219680786,0.011588570661842823,2.0117363929748535,0.19123493134975433,0.08732488751411438,-0.05981096625328064,-0.08959471434354782,0.9903382062911987,0.38137176632881165,-0.005940197966992855,-0.039051637053489685,0.023631449788808823,-0.016191555187106133,-0.08068142831325531,0.7429445385932922,-0.13733941316604614,0.18572438502450161,-0.10300050439505282,-0.19004724382221763
0.8402687311172485,1.7585663795471191,0.9742785096168518,0.012187144719064236,2.0312304496765137,0.19147583842277527,0.08758872002363205,-0.059894707053899765,-0.09039401262998581,0.9902371764183044,0.3821006417274475,-0.005578180309385061,-0.03888469934463501,0.022757770493626595,-0.012667843140661716,-0.08123620599508286,0.7504615187644958,-0.1388978660106659,0.1863535083182786,-0.10296679812221599,-0.19169623903137473
0.9002521634101868,1.6365468502044678,0.9727185964584351,0.012724502012133598,2.050692319869995,0.19172774255275726,0.08784651011228561,-0.05994338542222977,-0.09119600802659988,0.9901378750801086,0.3828253746032715,-0.005174736492335796,-0.038728367537260056,0.021798230707645416,-0.009309183806180954,-0.08176998049020767,0.7579914927482605,-0.14046385884284973,0.1869633394032144,-0.1028632371002356,-0.1933428200787294
0.954849123954773,1.5234928131103516,0.9713649153709412,0.013173107989132404,2.070124864578247,0.1919889748096466,0.08809724450111389,-0.05995885282754898,-0.09200097620487213,0.9900401830673218,0.3835408687591553,-0.004728717729449272,-0.03854527324438095,0.020739862695336342,-0.006157421041280031,-0.08227518200874329,0.765534520149231,-0.14203666150569916,0.18755210984254794,-0.10269369526273175,-0.19498776184640326
1.002228021621704,1.4184820652008057,0.9701318144798279,0.013524694368243217,2.0895326137542725,0.19225811958312988,0.0883399248123169,-0.05994334816932678,-0.09280885010957718,0.9899441003799438,0.38424167037010193,-0.004250424914062023,-0.03836561739444733,0.01958429627120495,-0.0032334045972675085,-0.08274312317371368,0.7730901837348938,-0.14361557364463806,0.18811812237555328,-0.10246287171121726,-0.1966312221630591
1.045386552810669,1.3202745914459229,0.9690877795219421,0.01383729837834835,2.108919382095337,0.19253306090831757,0.08857318758964539,-0.059899404644966125,-0.09361902624368668,0.9898496270179749,0.38491716980934143,-0.003740396350622177,-0.03820493817329407,0.018384069204330444,-0.0005799810751341283,-0.08317932486534119,0.7806581854820251,-0.14520001411437988,0.18865898707346437,-0.10217623376682794,-0.19827233205771047
1.08192777633667,1.2334938049316406,0.9683002233505249,0.01403060369193554,2.128289222717285,0.19281266629695892,0.08879636228084564,-0.05982988700270653,-0.09443166106939316,0.9897566437721252,0.38556134700775146,-0.0032046432606875896,-0.03803852200508118,0.017083216458559036,0.0017706810031086206,-0.08358258008956909,0.7882380485534668,-0.14678938686847687,0.18917386713978585,-0.10183962801252022,-0.19991189487722938
1.1094921827316284,1.1524631977081299,0.9676801562309265,0.014198839664459229,2.147646903991699,0.1930951029062271,0.08900848031044006,-0.05973779037594795,-0.09524702280759811,0.9896650314331055,0.38617128133773804,-0.0026421193033456802,-0.03788594901561737,0.015761075541377068,0.003814101219177246,-0.08394008129835129,0.7958292365074158,-0.14838305115699768,0.18966139001386845,-0.1014592006774735,-0.20155095020267472
1.1311945915222168,1.0817503929138184,0.9675086140632629,0.01417964231222868,2.166996717453003,0.19337914884090424,0.08920866996049881,-0.059626419097185135,-0.09606452286243439,0.989574670791626,0.38672879338264465,-0.0020704916678369045,-0.037748828530311584,0.014307483099400997,0.0054959687404334545,-0.08426632732152939,0.8034308552742004,-0.14998069405555725,0.19012039224611746,-0.10104186240736013,-0.20318891722934254
1.1371984481811523,1.0179338455200195,0.9673522710800171,0.014180985279381275,2.1863434314727783,0.19366326928138733,0.08939621597528458,-0.05949890986084938,-0.0968846008181572,0.9894854426383972,0.3872508704662323,-0.0014733104035258293,-0.037615835666656494,0.012876451015472412,0.006877465173602104,-0.08454325050115585,0.8110421299934387,-0.15158164501190186,0.1905500926586639,-0.10059395821382222,-0.20482725060410922
1.1426705121994019,0.9631974697113037,0.967420756816864,0.014141320250928402,2.2056915760040283,0.19394604861736298,0.0895703062415123,-0.059358760714530945,-0.09770654141902924,0.9893972277641296,0.3877236247062683,-0.0008617183193564415,-0.037499990314245224,0.01143039483577013,0.007913042791187763,-0.08477810025215149,0.818662166595459,-0.15318559110164642,0.19094952356978503,-0.10012280002131613,-0.20646518601684624
1.1402735710144043,0.9171097278594971,0.9677357077598572,0.013989093713462353,2.2250449657440186,0.1942264288663864,0.0897306501865387,-0.05920916795730591,-0.09853135049343109,0.9893098473548889,0.38814476132392883,-0.00024184584617614746,-0.037384867668151855,0.00992402620613575,0.008600878529250622,-0.08496812731027603,0.8262901306152344,-0.15479227900505066,0.19131886176489962,-0.09963465456700371,-0.2081053835483443
1.1292502880096436,0.8777375221252441,0.9682972431182861,0.013750884681940079,2.244408130645752,0.19450297951698303,0.08987648785114288,-0.05905362218618393,-0.09935837984085083,0.989223301410675,0.3885079026222229,0.00037688715383410454,-0.037313926964998245,0.008384357206523418,0.008945958688855171,-0.08511548489332199,0.8339251279830933,-0.15640124678611755,0.19165726860519497,-0.09913678756932742,-0.2097472087707761
1.1095964908599854,0.8476037979125977,0.9690861105918884,0.01348649337887764,2.2637851238250732,0.19477461278438568,0.09000737965106964,-0.058895304799079895,-0.10018739849328995,0.9891371726989746,0.38881373405456543,0.0010010646656155586,-0.03726500645279884,0.006855165585875511,0.008961530402302742,-0.08522583544254303,0.8415657877922058,-0.1580122709274292,0.19196461521654704,-0.09863573543222115,-0.21139091910131683
1.0819861888885498,0.8248717784881592,0.9698612093925476,0.013222204521298409,2.28317928314209,0.19503973424434662,0.09012264758348465,-0.058737583458423615,-0.10101728141307831,0.9890517592430115,0.3890673518180847,0.0016168500296771526,-0.03729524463415146,0.005358772352337837,0.008691767230629921,-0.08528821915388107,0.8492112159729004,-0.15962514281272888,0.192240149211176,-0.0981385799402068,-0.21303486584825976
1.0548577308654785,0.8129024505615234,0.970967710018158,0.012838248163461685,2.302593946456909,0.19529825448989868,0.09022235125303268,-0.05858328565955162,-0.10184918344020844,0.9889664053916931,0.3892658054828644,0.002238502725958824,-0.03727167844772339,0.0038095940835773945,0.008096856065094471,-0.08532030135393143,0.8568602800369263,-0.16123968362808228,0.19248485400253018,-0.09765078926145576,-0.2146820917801701
1.0161302089691162,0.8026862144470215,0.9722184538841248,0.012433239258825779,2.3220319747924805,0.19554868340492249,0.09030606597661972,-0.05843525752425194,-0.10268259048461914,0.9888813495635986,0.3894115388393402,0.0028592566959559917,-0.03725544735789299,0.0022936626337468624,0.007229745388031006,-0.08531572669744492,0.8645118474960327,-0.16285574436187744,0.1926984639065245,-0.0971782405326953,-0.21633209741265622
0.9723541140556335,0.8029289245605469,0.9734992980957031,0.012016885913908482,2.341496229171753,0.19579048454761505,0.09037372469902039,-0.05829601362347603,-0.10351741313934326,0.9887963533401489,0.3895009458065033,0.0034577567130327225,-0.037343285977840424,0.0008111213683150709,0.006124712992459536,-0.08527594059705734,0.872165322303772,-0.1644732505083084,0.1928814962832925,-0.09672602720398826,-0.21798529530665056
0.9275245666503906,0.8080191612243652,0.975017249584198,0.011474012397229671,2.3609888553619385,0.19602270424365997,0.09042525291442871,-0.05816800147294998,-0.10435350239276886,0.9887112975120544,0.3895432949066162,0.004056145437061787,-0.03735936060547829,-0.0007085363613441586,0.004773172549903393,-0.08521290868520737,0.879819393157959,-0.16609226167201996,0.19303442642048613,-0.09629911345372633,-0.2196419403183973
0.8743962645530701,0.8206548690795898,0.9765698909759521,0.010955121368169785,2.380511522293091,0.19624480605125427,0.09046074748039246,-0.0580531470477581,-0.1051914393901825,0.9886260628700256,0.3895356357097626,0.004637710750102997,-0.03744317963719368,-0.0021625440567731857,0.003233978059142828,-0.08512056618928909,0.8874731063842773,-0.16771277785301208,0.19315802005907656,-0.09590124536917588,-0.22130364350419174
0.8200538158416748,0.8384437561035156,0.9781193137168884,0.010408973321318626,2.4000651836395264,0.19645610451698303,0.09048021584749222,-0.05795327201485634,-0.10603000223636627,0.9885404706001282,0.3894868493080139,0.005203938577324152,-0.03754716366529465,-0.003582041012123227,0.0015349352033808827,-0.08500412106513977,0.895125687122345,-0.16933490335941315,0.19325273248357772,-0.09553635006170658,-0.22296842308906645
0.765824019908905,0.8624215126037598,0.979800820350647,0.009840663522481918,2.4196512699127197,0.19665615260601044,0.0904838889837265,-0.057869888842105865,-0.10687011480331421,0.9884545207023621,0.389393150806427,0.005753504578024149,-0.037674158811569214,-0.004962270148098469,-0.00031827500788494945,-0.08487037569284439,0.9027762413024902,-0.1709587275981903,0.19331952499150507,-0.0952072443546057,-0.22463846631309942
0.706971287727356,0.891251802444458,0.9814326167106628,0.00924200564622879,2.43927001953125,0.1968442052602768,0.09047196060419083,-0.05780424922704697,-0.10771041363477707,0.9883683323860168,0.3892667293548584,0.006284175906330347,-0.03781295567750931,-0.006306711584329605,-0.0022693127393722534,-0.08472076803445816,0.9104239344596863,-0.1725844293832779,0.1933590419938675,-0.09491669021803006,-0.2263113357846177
0.6498584151268005,0.9268760681152344,0.9830449819564819,0.008646111004054546,2.4589219093322754,0.19702012836933136,0.09044477343559265,-0.0577571801841259,-0.1085515096783638,0.9882814884185791,0.3891086280345917,0.006795537192374468,-0.03797285258769989,-0.007595580071210861,-0.004298251587897539,-0.08455703407526016,0.9180680513381958,-0.17421220242977142,0.19337238488218927,-0.0946662135545302,-0.2279885585907593
0.5934256315231323,0.965660810470581,0.9847038984298706,0.008002250455319881,2.478607177734375,0.19718390703201294,0.09040272235870361,-0.057729318737983704,-0.10939432680606842,0.9881941080093384,0.3889177143573761,0.007278735749423504,-0.03817205876111984,-0.008859590627253056,-0.006387312896549702,-0.08438808470964432,0.9257083535194397,-0.17584237456321716,0.19336063100824727,-0.09445684776374685,-0.22967211839859084
0.5353635549545288,1.0068981647491455,0.9862396717071533,0.007415369153022766,2.498324155807495,0.197334885597229,0.09034626930952072,-0.05772100016474724,-0.11023764312267303,0.9881059527397156,0.3887096345424652,0.007749692536890507,-0.03836297243833542,-0.010020380839705467,-0.00848398543894291,-0.0842137262225151,0.9333438873291016,-0.1774751991033554,0.1933248411166212,-0.09428947139434296,-0.23135976783702444
0.4816114902496338,1.0545690059661865,0.9878601431846619,0.006732625886797905,2.518073320388794,0.19747306406497955,0.09027595818042755,-0.057732272893190384,-0.11108159273862839,0.988017201423645,0.3884792625904083,0.00819380022585392,-0.03854304179549217,-0.01118988823145628,-0.010593823157250881,-0.084042988717556,0.9409744739532471,-0.17911113798618317,0.19326618451593128,-0.09416406986101977,-0.23305179391720726
0.4248949885368347,1.1047446727752686,0.9893394708633423,0.006084058899432421,2.537851572036743,0.1975984126329422,0.09019231796264648,-0.057762905955314636,-0.1119263768196106,0.9879276752471924,0.38823992013931274,0.008620323613286018,-0.03871509060263634,-0.012276237830519676,-0.012653716839849949,-0.08387026190757751,0.9485995769500732,-0.18075041472911835,0.19318581057938275,-0.09408008903286724,-0.23474864076078122
0.37311851978302,1.157615065574646,0.9906305074691772,0.005427964963018894,2.5576579570770264,0.19771094620227814,0.09009609371423721,-0.05781238153576851,-0.11277183145284653,0.9878373742103577,0.38799434900283813,0.009016700088977814,-0.038917653262615204,-0.013308067806065083,-0.014639654196798801,-0.0837017074227333,0.9562190771102905,-0.18239352107048035,0.19308516296652356,-0.09403641397846596,-0.23644993978259293
0.3279322385787964,1.212913990020752,0.9919888377189636,0.004800326656550169,2.577491044998169,0.19781038165092468,0.08998776972293854,-0.05788000673055649,-0.11361802369356155,0.9877464175224304,0.3877371847629547,0.009390977211296558,-0.039126474410295486,-0.014258303679525852,-0.016568686813116074,-0.08355030417442322,0.9638327360153198,-0.18404099345207214,0.19296511384032486,-0.09403158865575056,-0.23815569401871717
0.2803906798362732,1.2724915742874146,0.99308180809021,0.004143265075981617,2.597348213195801,0.19789724051952362,0.0898682251572609,-0.057964812964200974,-0.11446473747491837,0.9876545071601868,0.38748762011528015,0.009736347943544388,-0.039334528148174286,-0.01517493650317192,-0.018367918208241463,-0.08340262621641159,0.971440315246582,-0.18569321930408478,0.1928273097788236,-0.09406359944135945,-0.2398654172886479
0.24213671684265137,1.3314204216003418,0.9942623376846313,0.003469990100711584,2.61722731590271,0.19797120988368988,0.08973808586597443,-0.05806577578186989,-0.11531220376491547,0.9875619411468506,0.387233704328537,0.010055577382445335,-0.0395408570766449,-0.016040761023759842,-0.020075472071766853,-0.08327986299991608,0.979042112827301,-0.18735074996948242,0.19267278492018186,-0.09413024820657467,-0.24157933134519727
0.20081818103790283,1.3947750329971313,0.995180070400238,0.0028918255120515823,2.6371264457702637,0.19803281128406525,0.0895981565117836,-0.05818155035376549,-0.11616054177284241,0.9874683022499084,0.386994332075119,0.010357397608458996,-0.039741527289152145,-0.016787772998213768,-0.021617727354168892,-0.08317166566848755,0.9866378903388977,-0.18901415169239044,0.1925029773722442,-0.09422872933496196,-0.24329755997199304
0.1686975359916687,1.4574494361877441,0.9960207343101501,0.0022888819221407175,2.657042980194092,0.19808200001716614,0.08944922685623169,-0.058310616761446,-0.11700943112373352,0.987373948097229,0.3867648243904114,0.010630268603563309,-0.03993862122297287,-0.017495328560471535,-0.02301410771906376,-0.08308254927396774,0.9942278861999512,-0.19068396091461182,0.1923190538820905,-0.09435592593394193,-0.24501912486788893
0.13927429914474487,1.5228550434112549,0.9967349767684937,0.0016844754572957754,2.676973819732666,0.19811923801898956,0.08929210156202316,-0.05845148488879204,-0.11785910278558731,0.9872788190841675,0.3865503966808319,0.010876176878809929,-0.04012920707464218,-0.01815311424434185,-0.02424422837793827,-0.08301156759262085,1.0018121004104614,-0.19236068427562714,0.19212233094715528,-0.09450868978224336,-0.24674425050402596
0.11427581310272217,1.5878641605377197,0.9972288012504578,0.001104115042835474,2.6969168186187744,0.1981450617313385,0.0891277864575386,-0.05860245227813721,-0.11870930343866348,0.9871828556060791,0.3863554000854492,0.011091307736933231,-0.04034357890486717,-0.018743077293038368,-0.025288324803113937,-0.08296099305152893,1.0093907117843628,-0.19404499232769012,0.19191442455077767,-0.09468349599918158,-0.2484721729593035
0.09699195623397827,1.65192711353302,0.9977623820304871,0.0005693373968824744,2.7168691158294678,0.19815941154956818,0.08895691484212875,-0.058761805295944214,-0.11956015229225159,0.9870860576629639,0.38617682456970215,0.011292139999568462,-0.040512051433324814,-0.019245488569140434,-0.026178812608122826,-0.08294188231229782,1.0169644355773926,-0.19573749601840973,0.1916962116250221,-0.09487680865542503,-0.2502028231542461
0.07831662893295288,1.7186367511749268,0.9980953335762024,-9.489604053669609e-06,2.736828088760376,0.19816292822360992,0.08878041803836823,-0.05892786756157875,-0.12041191011667252,0.9869885444641113,0.3860246241092682,0.011462961323559284,-0.04066700488328934,-0.01973368041217327,-0.026871008798480034,-0.08294206112623215,1.0245330333709717,-0.19743873178958893,0.19146914277457253,-0.09508504846143229,-0.25193641014042734
0.06666332483291626,1.7836670875549316,0.9982295632362366,-0.0005040159448981285,2.756791114807129,0.1981559544801712,0.08859901130199432,-0.05909884721040726,-0.1212647557258606,0.9868901968002319,0.3859003782272339,0.0116158127784729,-0.040810368955135345,-0.02011559158563614,-0.027368687093257904,-0.08296611160039902,1.0320972204208374,-0.19914938509464264,0.1912342408934095,-0.09530449305755062,-0.2536730042199566
0.06196528673171997,1.848741888999939,0.9984286427497864,-0.0010425534565001726,2.7767560482025146,0.198139026761055,0.08841373026371002,-0.059272948652505875,-0.12211842834949493,0.9867911338806152,0.3857938051223755,0.011739935725927353,-0.04094062000513077,-0.020483030006289482,-0.027710694819688797,-0.08301925659179688,1.0396572351455688,-0.20086999237537384,0.19099307042134248,-0.09553139714387249,-0.25541176576675473
0.05499750375747681,1.9125957489013672,0.9981170296669006,-0.0014341563219204545,2.796720027923584,0.19811254739761353,0.08822526037693024,-0.05944845825433731,-0.12297322601079941,0.9866913557052612,0.3857339918613434,0.011853954754769802,-0.04104329273104668,-0.020705444738268852,-0.027816593647003174,-0.08308074623346329,1.0472134351730347,-0.20260122418403625,0.1907465744144025,-0.09576215974027535,-0.25715298568055917
0.06590396165847778,1.9759565591812134,0.9981316328048706,-0.0019384934566915035,2.8166816234588623,0.1980767548084259,0.0880344957113266,-0.059623681008815765,-0.12382852286100388,0.9865908026695251,0.38567984104156494,0.011930284090340137,-0.04115625470876694,-0.02096453309059143,-0.027822619304060936,-0.08318143337965012,1.0547661781311035,-0.2043437510728836,0.1904960485592977,-0.09599334772155088,-0.25889516099080817
0.06539285182952881,2.039763927459717,0.9977107048034668,-0.0023242835886776447,2.836638927459717,0.1980324387550354,0.08784208446741104,-0.05979715660214424,-0.12468504905700684,0.9864895343780518,0.3856712579727173,0.01199738122522831,-0.0412290096282959,-0.021107373759150505,-0.027612024918198586,-0.08329089730978012,1.062315821647644,-0.20609800517559052,0.19024242390187052,-0.0962217708089681,-0.26063947337225435
0.08012533187866211,2.100554943084717,0.997460126876831,-0.0027751834131777287,2.8565895557403564,0.19798021018505096,0.08764879405498505,-0.059967346489429474,-0.1255425214767456,0.9863876700401306,0.3856789767742157,0.012036923319101334,-0.04128537327051163,-0.021257475018501282,-0.027292145416140556,-0.08343054354190826,1.069863200187683,-0.2078646421432495,0.18998675233387327,-0.09644424863533962,-0.2623850753861417
0.08889555931091309,2.1592836380004883,0.9970801472663879,-0.003146358300000429,2.8765316009521484,0.1979202926158905,0.08745540678501129,-0.06013288348913193,-0.12640082836151123,0.9862850904464722,0.38571447134017944,0.012059025466442108,-0.04134013503789902,-0.021316152065992355,-0.026818448677659035,-0.08359149843454361,1.0774078369140625,-0.20964422821998596,0.18973021067478232,-0.0966579127549747,-0.2641315598350746
0.10219484567642212,2.218233108520508,0.9964744448661804,-0.003466515801846981,2.8964648246765137,0.19785332679748535,0.08726255595684052,-0.060292504727840424,-0.1272602677345276,0.9861819744110107,0.3857874572277069,0.012071507051587105,-0.041340336203575134,-0.02130955457687378,-0.026194332167506218,-0.08376790583133698,1.0849509239196777,-0.21143738925457,0.18947366827684814,-0.09686003364264528,-0.2658792613651642
0.1233944296836853,2.2747743129730225,0.9959177374839783,-0.003755040466785431,2.9163873195648193,0.1977798342704773,0.08707080036401749,-0.06044517830014229,-0.12812112271785736,0.9860780239105225,0.38587817549705505,0.01206163875758648,-0.04135417193174362,-0.0212525837123394,-0.025476373732089996,-0.083963543176651,1.0924923419952393,-0.2132444977760315,0.18921799631949995,-0.09704839073004101,-0.2676286572019981
0.1428791880607605,2.3295211791992188,0.9954096674919128,-0.004042269662022591,2.936298370361328,0.19770075380802155,0.08688090741634369,-0.06058991700410843,-0.1289832890033722,0.9859734773635864,0.3859836459159851,0.012024268507957458,-0.041398897767066956,-0.021169736981391907,-0.024672137573361397,-0.08417908847332001,1.1000325679779053,-0.21506617963314056,0.18896434824784766,-0.09722083077312438,-0.2693793354350885
0.16066163778305054,2.37978458404541,0.9947468042373657,-0.004319658037275076,2.956197738647461,0.19761578738689423,0.08669323474168777,-0.06072588637471199,-0.12984652817249298,0.9858683943748474,0.3861226737499237,0.011980555951595306,-0.041367821395397186,-0.021048303693532944,-0.023762913420796394,-0.08440601825714111,1.1075718402862549,-0.21690280735492706,0.18871312827758907,-0.09737565010584359,-0.27113066934925184
0.1838618516921997,2.433047294616699,0.9941686987876892,-0.0045812916941940784,2.9760847091674805,0.19752608239650726,0.0865086019039154,-0.060852400958538055,-0.13071082532405853,0.9857625961303711,0.3862757086753845,0.011918043717741966,-0.041336506605148315,-0.0209009051322937,-0.02280135080218315,-0.08464786410331726,1.1151105165481567,-0.21875499188899994,0.1884657538784509,-0.09751127977472684,-0.2728826042339687
0.20409554243087769,2.4804091453552246,0.9936546087265015,-0.004816578235477209,2.995957374572754,0.19743236899375916,0.08632729202508926,-0.06096898019313812,-0.13157691061496735,0.9856559634208679,0.38644132018089294,0.011839495971798897,-0.04130633920431137,-0.02071322314441204,-0.0217928197234869,-0.08490486443042755,1.12264883518219,-0.2206229567527771,0.18822267449645555,-0.09762654749297184,-0.2746365468929001
0.22208869457244873,2.5242295265197754,0.9927000403404236,-0.00492091104388237,3.015817165374756,0.1973349004983902,0.08614979684352875,-0.061075109988451004,-0.13244447112083435,0.985548734664917,0.3866448700428009,0.011758997105062008,-0.04124821349978447,-0.02041235938668251,-0.020683957263827324,-0.08515700697898865,1.130186676979065,-0.22250722348690033,0.1879845933938028,-0.09772033738943842,-0.27639174749437895
0.25549858808517456,2.567319869995117,0.9923730492591858,-0.00515215378254652,3.0356638431549072,0.19723398983478546,0.0859764963388443,-0.06117077171802521,-0.13331320881843567,0.9854408502578735,0.38683727383613586,0.011660655960440636,-0.04114564508199692,-0.020178787410259247,-0.019651740789413452,-0.08543748408555984,1.1377243995666504,-0.22440817952156067,0.18775219127061873,-0.09779255568788003,-0.2781476606012992
0.2669432759284973,2.6092612743377686,0.9915480017662048,-0.005271021742373705,3.0554986000061035,0.19712993502616882,0.08580771833658218,-0.06125570833683014,-0.1341828554868698,0.9853322505950928,0.38705796003341675,0.011545015498995781,-0.041093647480010986,-0.01986057497560978,-0.018528781831264496,-0.08570346981287003,1.1452624797821045,-0.2263261079788208,0.1875259786272161,-0.09784264567959133,-0.2799037486181465
0.2958199381828308,2.650085210800171,0.9911432862281799,-0.005411360412836075,3.075321674346924,0.19702355563640594,0.08564364165067673,-0.06133025884628296,-0.1350543051958084,0.9852228164672852,0.38727474212646484,0.011426002718508244,-0.04098202660679817,-0.019547928124666214,-0.01747775264084339,-0.08598926663398743,1.15280020236969,-0.22826123237609863,0.18730643573844252,-0.09787103775226225,-0.28166189819261955
0.3099849820137024,2.6864991188049316,0.9905538558959961,-0.005489689763635397,3.0951333045959473,0.19691549241542816,0.08548463135957718,-0.06139450520277023,-0.1359274536371231,0.9851125478744507,0.3875051736831665,0.011295685544610023,-0.04088792949914932,-0.01918550208210945,-0.016409769654273987,-0.08627042919397354,1.1603381633758545,-0.23021389544010162,0.1870942437164351,-0.09787779132734453,-0.28342194847729163
0.3306150436401367,2.7194485664367676,0.9898557066917419,-0.005496646277606487,3.1149344444274902,0.1968061774969101,0.08533087372779846,-0.06144879013299942,-0.13680210709571838,0.9850014448165894,0.3877471685409546,0.011160740628838539,-0.040787260979413986,-0.018764546141028404,-0.01536144595593214,-0.08654604107141495,1.1678760051727295,-0.23218438029289246,0.18688980040643,-0.09786354616128179,-0.2851836006551848
0.355050265789032,2.7500991821289062,0.9894006252288818,-0.005532484967261553,3.1347270011901855,0.19669575989246368,0.08518242835998535,-0.06149366497993469,-0.13767804205417633,0.9848894476890564,0.38798263669013977,0.011014391668140888,-0.040681514889001846,-0.018356215208768845,-0.014398065395653248,-0.08682958036661148,1.175413966178894,-0.2341727614402771,0.18669332670881908,-0.09782939796715229,-0.28694654662039315
0.37097811698913574,2.780120372772217,0.9890583157539368,-0.005543061066418886,3.1545116901397705,0.196585014462471,0.08503942936658859,-0.061529818922281265,-0.13855594396591187,0.9847763776779175,0.3882145881652832,0.010861900635063648,-0.040574200451374054,-0.017930224537849426,-0.013500277884304523,-0.0871153473854065,1.1829514503479004,-0.23617933690547943,0.18650532261172617,-0.09777651879190774,-0.2887123425222612
0.38295894861221313,2.805602550506592,0.9887217879295349,-0.005524547770619392,3.1742889881134033,0.19647444784641266,0.08490204811096191,-0.06155787780880928,-0.139435812830925,0.9846622943878174,0.38844648003578186,0.010704360902309418,-0.040463730692863464,-0.01748066209256649,-0.012659445405006409,-0.08739294856786728,1.1904889345169067,-0.23820409178733826,0.18632625144489506,-0.09770606289396566,-0.29048110845154285
0.3947374224662781,2.8280532360076904,0.9885091185569763,-0.005528239533305168,3.1940603256225586,0.1963643729686737,0.08477038145065308,-0.06157855689525604,-0.1403171867132187,0.9845471382141113,0.38866668939590454,0.010530678555369377,-0.04039410874247551,-0.017044946551322937,-0.011902137659490108,-0.08766976743936539,1.1980258226394653,-0.24024729430675507,0.18615645172785675,-0.09761948049414348,-0.29225209877235475
0.40218085050582886,2.848572015762329,0.9883595705032349,-0.0054915533401072025,3.2138266563415527,0.1962546557188034,0.08464429527521133,-0.06159262731671333,-0.14119990170001984,0.9844309091567993,0.3888854384422302,0.010363729670643806,-0.04027450084686279,-0.016578849405050278,-0.011221581138670444,-0.0879400297999382,1.2055622339248657,-0.24230889976024628,0.18599583637199593,-0.09751833639550944,-0.2940251337545338
0.4074150323867798,2.8698678016662598,0.9881345629692078,-0.005405528005212545,3.2335898876190186,0.19614648818969727,0.08452384173870087,-0.061600930988788605,-0.14208482205867767,0.984313428401947,0.3891025483608246,0.010195556096732616,-0.04015790671110153,-0.01608891785144806,-0.01060707587748766,-0.08819656819105148,1.2130978107452393,-0.24438898265361786,0.18584481952749676,-0.09740408748540896,-0.2958021453508221
0.41529029607772827,2.883744478225708,0.9878936409950256,-0.005270765628665686,3.2533514499664307,0.19603940844535828,0.0844089686870575,-0.06160443276166916,-0.14297081530094147,0.9841946959495544,0.38931331038475037,0.010025598108768463,-0.04005478322505951,-0.015564222820103168,-0.010079678148031235,-0.08844584226608276,1.2206321954727173,-0.24648767709732056,0.18570347892772948,-0.09727884513981944,-0.2975810839756983
0.4237225651741028,2.9002180099487305,0.9880905151367188,-0.005271770525723696,3.27311372756958,0.19593411684036255,0.08429945260286331,-0.06160424277186394,-0.14385928213596344,0.9840747117996216,0.3894978165626526,0.009843580424785614,-0.039944689720869064,-0.015145144425332546,-0.00970381684601307,-0.08869673311710358,1.2281653881072998,-0.24860483407974243,0.18557177945151435,-0.09714455744840067,-0.2993649202241699
0.41683197021484375,2.9121737480163574,0.9883278608322144,-0.005200090352445841,3.292877435684204,0.1958305388689041,0.08419524133205414,-0.061601102352142334,-0.14474867284297943,0.9839533567428589,0.3896696865558624,0.009663733653724194,-0.0398494154214859,-0.014684312976896763,-0.00940669421106577,-0.08894512057304382,1.235696792602539,-0.25074055790901184,0.18544973957329464,-0.09700298630221127,-0.3011507724119812
0.40852487087249756,2.9242751598358154,0.988178014755249,-0.00503526721149683,3.3126425743103027,0.1957298368215561,0.08409631252288818,-0.06159588694572449,-0.14564017951488495,0.9838305711746216,0.38985151052474976,0.009492151439189911,-0.03974292427301407,-0.014176196418702602,-0.009135758504271507,-0.08916487544775009,1.2432262897491455,-0.25289469957351685,0.18533765901135785,-0.09685560189862041,-0.3029411840236563
0.4137694835662842,2.928868293762207,0.9884725213050842,-0.0048923185095191,3.332411289215088,0.19563187658786774,0.08400250226259232,-0.06158967316150665,-0.14653316140174866,0.9837063550949097,0.3900037109851837,0.009321380406618118,-0.03963504731655121,-0.013684308156371117,-0.009026109240949154,-0.08939488232135773,1.2507537603378296,-0.25506728887557983,0.18523549002662548,-0.09670467058290555,-0.3047350909901096
0.403461754322052,2.9337568283081055,0.9888443946838379,-0.0048336489126086235,3.352184534072876,0.19553658366203308,0.08391353487968445,-0.06158330291509628,-0.14742758870124817,0.9835806488990784,0.39014196395874023,0.009144891053438187,-0.039521921426057816,-0.013261783868074417,-0.009002333506941795,-0.08961205184459686,1.2582786083221436,-0.2572580575942993,0.18514295184105267,-0.09655191588545509,-0.3065326002703255
0.39044618606567383,2.938596725463867,0.9891480207443237,-0.004664014559239149,3.3719642162323,0.19544440507888794,0.08382923156023026,-0.06157767400145531,-0.1483243852853775,0.9834533333778381,0.39026951789855957,0.008975404314696789,-0.03943907842040062,-0.012780260294675827,-0.00904296338558197,-0.08981875330209732,1.2658005952835083,-0.2594670355319977,0.18506005411326634,-0.09639895750277816,-0.30833573762280136
0.37981927394866943,2.940168857574463,0.9893849492073059,-0.004426194820553064,3.3917510509490967,0.19535508751869202,0.08374933153390884,-0.06157352775335312,-0.14922215044498444,0.9833245873451233,0.3903885781764984,0.008812934160232544,-0.039365191012620926,-0.012266162782907486,-0.009152599610388279,-0.09001623094081879,1.2733192443847656,-0.26169419288635254,0.18498638689976468,-0.09624757237455994,-0.3101418110453807
0.3715267777442932,2.9427242279052734,0.9899143576622009,-0.00427385326474905,3.411545753479004,0.19526946544647217,0.08367373049259186,-0.06157168000936508,-0.1501217633485794,0.9831943511962891,0.39048290252685547,0.008645722642540932,-0.039297450333833694,-0.011833857744932175,-0.009377752430737019,-0.09020760655403137,1.280834674835205,-0.2639392018318176,0.18492207800971092,-0.0960992013959392,-0.3119527279843098
0.35299748182296753,2.9395675659179688,0.9900704622268677,-0.004007783718407154,3.4313478469848633,0.19518795609474182,0.08360224962234497,-0.061572764068841934,-0.1510235220193863,0.983062207698822,0.3905826807022095,0.008491074666380882,-0.039237331598997116,-0.011337432079017162,-0.009614555165171623,-0.09037460386753082,1.2883466482162476,-0.2662018835544586,0.18486708699954324,-0.09595508856376056,-0.313769322833617
0.34753382205963135,2.9331178665161133,0.990867555141449,-0.003877348965033889,3.4511611461639404,0.19510963559150696,0.08353441953659058,-0.061577681452035904,-0.15192630887031555,0.9829285144805908,0.3906417489051819,0.00833088532090187,-0.039184071123600006,-0.010942062363028526,-0.010012607090175152,-0.09056567400693893,1.2958544492721558,-0.2684822678565979,0.18482064516212382,-0.09581732608354021,-0.315589425028796
0.3196355700492859,2.931605100631714,0.9911805987358093,-0.003668461460620165,3.4709837436676025,0.1950351446866989,0.08347011357545853,-0.06158678978681564,-0.1528303474187851,0.9827932119369507,0.39071163535118103,0.008179537951946259,-0.039138276129961014,-0.010522148571908474,-0.010381720028817654,-0.09072846919298172,1.3033583164215088,-0.27078014612197876,0.18478266153001102,-0.09568659330649743,-0.31741355803486443
0.3086790442466736,2.925511598587036,0.991779088973999,-0.0034676464274525642,3.490817070007324,0.19496501982212067,0.08340921252965927,-0.06160067394375801,-0.1537366509437561,0.9826562404632568,0.3907584846019745,0.008033616468310356,-0.03910233825445175,-0.01012626476585865,-0.010846083983778954,-0.09089406579732895,1.3108580112457275,-0.2730952799320221,0.18475318774311097,-0.09556385779664933,-0.31924384826845725
0.2877318859100342,2.9153542518615723,0.992229700088501,-0.003183966502547264,3.5106618404388428,0.19489896297454834,0.08335141837596893,-0.06161971762776375,-0.1546444296836853,0.982517421245575,0.3907983601093292,0.007893772795796394,-0.03910958021879196,-0.009687908925116062,-0.011326556093990803,-0.09104693681001663,1.3183528184890747,-0.2754274904727936,0.18473176725463392,-0.09545011369224721,-0.32107885524727164
0.2719604969024658,2.906198024749756,0.9929632544517517,-0.0030814181081950665,3.530517339706421,0.1948367804288864,0.08329641073942184,-0.06164425238966942,-0.15555337071418762,0.9823770523071289,0.39082005620002747,0.007751896977424622,-0.0390823557972908,-0.009392505511641502,-0.011881423182785511,-0.09120549261569977,1.3258428573608398,-0.27777665853500366,0.1847178226974363,-0.09534613700480588,-0.3229179120216049
0.24628609418869019,2.897454023361206,0.9934250116348267,-0.002835156861692667,3.550384044647217,0.19477880001068115,0.08324404805898666,-0.06167449429631233,-0.15646393597126007,0.9822350144386292,0.39084577560424805,0.007628539111465216,-0.039061058312654495,-0.009021688252687454,-0.012414684519171715,-0.09134960174560547,1.3333280086517334,-0.280142605304718,0.18471122624348899,-0.09525229414422509,-0.3247620044129353
0.2301245927810669,2.8859260082244873,0.99399334192276,-0.002581200562417507,3.570262908935547,0.1947251856327057,0.08319409936666489,-0.0617106594145298,-0.15737606585025787,0.9820911884307861,0.390861839056015,0.007518002763390541,-0.03902072831988335,-0.00866343080997467,-0.01298457756638527,-0.09149216115474701,1.3408082723617554,-0.2825251519680023,0.18471164200771936,-0.0951690844591111,-0.32661108564512237
0.21023303270339966,2.8725624084472656,0.9946478605270386,-0.0024344422854483128,3.5901527404785156,0.1946757733821869,0.08314631879329681,-0.061752814799547195,-0.15829001367092133,0.981945812702179,0.3908643126487732,0.007400322239845991,-0.03901512175798416,-0.008398173376917839,-0.013574687764048576,-0.09163549542427063,1.3482831716537476,-0.28492406010627747,0.1847186058858874,-0.09509663685106062,-0.32846557639650437
0.1873248815536499,2.8593616485595703,0.9949777126312256,-0.0021603687200695276,3.610053539276123,0.19463078677654266,0.08310059458017349,-0.06180090084671974,-0.15920577943325043,0.9817985892295837,0.39087602496147156,0.007300748489797115,-0.039016153663396835,-0.008065193891525269,-0.014120264910161495,-0.09176307171583176,1.3557533025741577,-0.2873392105102539,0.18473196613772086,-0.09503487236590957,-0.3303255610955235
0.1757800579071045,2.8439528942108154,0.9956509470939636,-0.0020035598427057266,3.6299655437469482,0.19458924233913422,0.08305643498897552,-0.061854977160692215,-0.16012276709079742,0.9816497564315796,0.39086753129959106,0.007200006861239672,-0.039022255688905716,-0.00782814808189869,-0.014719911850988865,-0.09190431982278824,1.3632177114486694,-0.2897704243659973,0.18475071915207622,-0.09498415840476748,-0.3321897706467915
0.1522168517112732,2.833773136138916,0.9963300228118896,-0.0018546520732343197,3.649888038635254,0.1945522129535675,0.08301392197608948,-0.06191485375165939,-0.16104121506214142,0.9814993143081665,0.39085227251052856,0.007102055009454489,-0.03905590996146202,-0.007628757506608963,-0.01529993861913681,-0.09204458445310593,1.370676875114441,-0.29221752285957336,0.18477500724949533,-0.09494403237595184,-0.33405864647951045
0.1284492015838623,2.816267728805542,0.9967356324195862,-0.0016535004833713174,3.6698203086853027,0.1945192664861679,0.08297278732061386,-0.06198018416762352,-0.16196122765541077,0.9813471436500549,0.3908482789993286,0.007020370103418827,-0.03907465934753418,-0.00740653183311224,-0.0158188845962286,-0.09217927604913712,1.3781307935714722,-0.2946804165840149,0.18480424342731855,-0.09491387789290329,-0.3359323536167229
0.11425286531448364,2.800551652908325,0.9972094297409058,-0.001435672165825963,3.6897618770599365,0.19449029862880707,0.08293285220861435,-0.0620507076382637,-0.1628825068473816,0.9811937212944031,0.39083990454673767,0.006948311347514391,-0.03909917548298836,-0.007190808653831482,-0.01633021980524063,-0.092314213514328,1.385579228401184,-0.2971588373184204,0.18483790063829778,-0.0948932604238979,-0.33781008338896706
0.09766995906829834,2.784677505493164,0.9976130127906799,-0.0012134790886193514,3.7097132205963135,0.19446517527103424,0.0828939899802208,-0.06212614104151726,-0.1638050526380539,0.9810386300086975,0.39083507657051086,0.006887734867632389,-0.03911224752664566,-0.006990230176597834,-0.016805794090032578,-0.09244915097951889,1.3930222988128662,-0.29965272545814514,0.18487574133685233,-0.0948816821343339,-0.33969191920807357
0.08354455232620239,2.7688491344451904,0.9980156421661377,-0.0010142542887479067,3.729672431945801,0.19444359838962555,0.08285590261220932,-0.06220613792538643,-0.164729043841362,0.9808820486068726,0.39083272218704224,0.006838611792773008,-0.03910505771636963,-0.00682378513738513,-0.017254013568162918,-0.09259048849344254,1.4004600048065186,-0.3021619915962219,0.1849170597138512,-0.09487850926019403,-0.341578068720649
0.06945252418518066,2.754108190536499,0.998504638671875,-0.0008775732130743563,3.7496392726898193,0.19442588090896606,0.08281856030225754,-0.062290314584970474,-0.16565458476543427,0.9807239174842834,0.3908240497112274,0.006787188351154327,-0.039129674434661865,-0.006723578553646803,-0.01767871528863907,-0.09273415058851242,1.4078924655914307,-0.3046863377094269,0.18496170509382345,-0.0948829736406891,-0.34346868426743943
0.052337646484375,2.736725091934204,0.9986178874969482,-0.0006133870920166373,3.769613265991211,0.19441163539886475,0.08278173208236694,-0.062378186732530594,-0.16658161580562592,0.9805644750595093,0.39083197712898254,0.006749868392944336,-0.03918558731675148,-0.0065514687448740005,-0.01801210455596447,-0.09286976605653763,1.4153199195861816,-0.3072257339954376,0.18500902354791215,-0.0948941953916429,-0.34536345870336355
0.04837393760681152,2.720977544784546,0.9990556836128235,-0.0005036822403781116,3.7895944118499756,0.19440101087093353,0.08274534344673157,-0.0624694898724556,-0.16751053929328918,0.9804034233093262,0.3908314108848572,0.0067162238992750645,-0.039202697575092316,-0.006502071395516396,-0.018362363800406456,-0.09301839023828506,1.422742247581482,-0.30977994203567505,0.1850588784935861,-0.0949116135893946,-0.3472632348442881
0.03305107355117798,2.703616142272949,0.9994104504585266,-0.0003637094050645828,3.8095812797546387,0.1943938285112381,0.08270930498838425,-0.06256366521120071,-0.16844120621681213,0.9802410006523132,0.39083608984947205,0.006691704969853163,-0.03923290595412254,-0.006444969214498997,-0.01865231618285179,-0.0931650772690773,1.430159568786621,-0.3123490810394287,0.18511085678768774,-0.09493417355717515,-0.3491675226997637
0.020634233951568604,2.6866421699523926,0.9997109770774841,-0.00023752986453473568,3.829573154449463,0.19438964128494263,0.08267336338758469,-0.0626600831747055,-0.16937299072742462,0.98007732629776,0.3908455967903137,0.006672401446849108,-0.03927401825785637,-0.006410946138203144,-0.018888257443904877,-0.09331509470939636,1.4375723600387573,-0.3149328827857971,0.18516418834599857,-0.09496084389328963,-0.35107491160221155
0.01011580228805542,2.671752691268921,0.9998437762260437,-9.137784218182787e-06,3.849569320678711,0.19438806176185608,0.08263738453388214,-0.06275823712348938,-0.17030631005764008,0.979912281036377,0.3908693492412567,0.0066752671264112,-0.0392892025411129,-0.006321466527879238,-0.01905674859881401,-0.09346351772546768,1.4449803829193115,-0.3175312578678131,0.1852184887078888,-0.09499060160511341,-0.3529861585070952
0.005467832088470459,2.6586670875549316,0.9999136328697205,0.00015254472964443266,3.8695693016052246,0.1943891942501068,0.08260126411914825,-0.06285761296749115,-0.1712406724691391,0.9797461628913879,0.39090266823768616,0.006683266256004572,-0.03928547352552414,-0.006297788582742214,-0.01918119750916958,-0.0936143547296524,1.4523838758468628,-0.3201441466808319,0.18527328700629414,-0.09502255509050617,-0.3549000837154293
0.0030228495597839355,2.6444129943847656,1.0002162456512451,0.0001545818813610822,3.8895723819732666,0.19439341127872467,0.08256501704454422,-0.06295793503522873,-0.17217661440372467,0.9795786738395691,0.39092686772346497,0.006680367048829794,-0.03931022062897682,-0.006400019861757755,-0.019300993531942368,-0.09377528727054596,1.4597827196121216,-0.32277143001556396,0.18532861096814138,-0.09505606953892776,-0.35681779741293806
-0.0075685977935791016,2.627304792404175,1.0002440214157104,0.00035672116791829467,3.9095776081085205,0.19440031051635742,0.08252856880426407,-0.06305865943431854,-0.17311452329158783,0.9794099926948547,0.3909689486026764,0.006703689694404602,-0.039333220571279526,-0.006368218921124935,-0.019335836172103882,-0.09393259137868881,1.467177391052246,-0.3254130482673645,0.18538410817247267,-0.09509001884919344,-0.35873988528305356
-0.008540749549865723,2.6120717525482178,1.000499963760376,0.0004566556599456817,3.9295854568481445,0.19440913200378418,0.08249160647392273,-0.0631592869758606,-0.17405378818511963,0.9792400598526001,0.39100533723831177,0.006726471707224846,-0.03935480862855911,-0.006413842085748911,-0.019367558881640434,-0.09410230815410614,1.4745677709579468,-0.32806894183158875,0.1854389574560857,-0.0951236656409693,-0.3606650519558744
-0.01749873161315918,2.601010322570801,1.0003701448440552,0.0005691238911822438,3.9495935440063477,0.19442030787467957,0.08245430141687393,-0.06325933337211609,-0.1749938726425171,0.9790692925453186,0.39106523990631104,0.006755964830517769,-0.03937029838562012,-0.00646835844963789,-0.01930340938270092,-0.09425386786460876,1.4819543361663818,-0.3307390511035919,0.1854932004433169,-0.09515608375706441,-0.36259200577740464
-0.012955069541931152,2.586880683898926,1.0006061792373657,0.000603096152190119,3.969604730606079,0.19443292915821075,0.08241627365350723,-0.06335859000682831,-0.175935760140419,0.9788971543312073,0.3911128044128418,0.006786936894059181,-0.03938918560743332,-0.006580756511539221,-0.01926610618829727,-0.09442774206399918,1.4893367290496826,-0.33342334628105164,0.18554617654935038,-0.09518684350620621,-0.36452281251242163
-0.021216273307800293,2.577910900115967,1.0005611181259155,0.0007362773176282644,3.989614963531494,0.19444790482521057,0.08237779885530472,-0.06345654278993607,-0.17687928676605225,0.9787240624427795,0.3911783695220947,0.006832742132246494,-0.0394049808382988,-0.006640949286520481,-0.019150279462337494,-0.09459373354911804,1.4967154264450073,-0.33612164855003357,0.18559813750664078,-0.09521484925288659,-0.36645691075750003
-0.019639134407043457,2.5630104541778564,1.000563621520996,0.0008268541423603892,4.009626388549805,0.1944635659456253,0.0823383703827858,-0.06355291604995728,-0.1778237372636795,0.9785498976707458,0.3912467658519745,0.006881916429847479,-0.03941737115383148,-0.006727618630975485,-0.01901913434267044,-0.09476703405380249,1.5040901899337769,-0.33883413672447205,0.1856479591101746,-0.09523990378992564,-0.36839285574925923
-0.01972675323486328,2.5579798221588135,1.0005232095718384,0.0008873958140611649,4.02963924407959,0.19448086619377136,0.0822981595993042,-0.06364747136831284,-0.17877012491226196,0.9783747792243958,0.3913190960884094,0.006927976384758949,-0.03945915028452873,-0.006856932304799557,-0.01885860785841942,-0.09493442624807358,1.5114614963531494,-0.34156060218811035,0.18569591571388233,-0.09526127405982132,-0.3703325549087023
-0.01831233501434326,2.5468928813934326,1.0004770755767822,0.0009732694015838206,4.049651145935059,0.19449950754642487,0.08225705474615097,-0.06373993307352066,-0.17971794307231903,0.9781984686851501,0.39140191674232483,0.006993618793785572,-0.03943730890750885,-0.006967652589082718,-0.018679391592741013,-0.09510178118944168,1.518829107284546,-0.3443009555339813,0.18574169096699145,-0.09527858412762846,-0.37227504205317064
-0.01669764518737793,2.537317991256714,1.0004881620407104,0.000938905868679285,4.069662094116211,0.1945192962884903,0.08221504837274551,-0.06383004039525986,-0.18066656589508057,0.9780214428901672,0.3914833068847656,0.0070484234020113945,-0.03944268077611923,-0.007164815906435251,-0.01849476248025894,-0.09527753293514252,1.526193380355835,-0.3470553755760193,0.18578502678728379,-0.09529143079786584,-0.3742188567347852
-0.017085671424865723,2.528668165206909,1.000562310218811,0.0009957762667909265,4.089672565460205,0.19454000890254974,0.08217200636863708,-0.06391781568527222,-0.18161740899085999,0.977843165397644,0.39156481623649597,0.0071167172864079475,-0.03944922983646393,-0.007299093529582024,-0.01830252632498741,-0.09545373171567917,1.5335540771484375,-0.34982365369796753,0.18582584662792853,-0.09529966433215842,-0.3761669763787761
-0.01968085765838623,2.5211665630340576,1.0004788637161255,0.0010680138366296887,4.109683513641357,0.19456090033054352,0.08212779462337494,-0.06400299072265625,-0.18256935477256775,0.9776639938354492,0.39165645837783813,0.007190360222011805,-0.03945344686508179,-0.007423936389386654,-0.018075361847877502,-0.09562645852565765,1.5409116744995117,-0.352605938911438,0.18586363376904017,-0.09530302211882757,-0.37811701126409114
-0.01676023006439209,2.5180909633636475,1.0004944801330566,0.000995903043076396,4.129693508148193,0.19458262622356415,0.08208251744508743,-0.0640854761004448,-0.18352264165878296,0.977483868598938,0.39174655079841614,0.0072553036734461784,-0.03945266827940941,-0.007658432703465223,-0.017858948558568954,-0.09579803794622421,1.548265814781189,-0.3554019629955292,0.18589856985337344,-0.09530125410463341,-0.3800694400942479
-0.017306804656982422,2.5109057426452637,1.000443696975708,0.0011492159683257341,4.149703502655029,0.19460459053516388,0.08203595876693726,-0.06416528671979904,-0.18447768688201904,0.9773029088973999,0.3918416202068329,0.007343831472098827,-0.039456792175769806,-0.007730517536401749,-0.017629671841859818,-0.09597137570381165,1.5556167364120483,-0.3582119941711426,0.1859302224548289,-0.09529439065338852,-0.3820250250117677
-0.015529394149780273,2.5072407722473145,1.0003634691238403,0.0011783436639234424,4.169713497161865,0.19462645053863525,0.08198804408311844,-0.0642424076795578,-0.1854339987039566,0.9771207571029663,0.39193984866142273,0.007424881681799889,-0.039454616606235504,-0.007890663109719753,-0.017400093376636505,-0.09613919258117676,1.5629644393920898,-0.3610357344150543,0.18595846817911485,-0.09528256013291103,-0.3839829336363265
-0.012721419334411621,2.5056440830230713,1.0004074573516846,0.0011143337469547987,4.189723491668701,0.1946483701467514,0.08193882554769516,-0.06431690603494644,-0.1863919198513031,0.9769377112388611,0.3920334577560425,0.007500675972551107,-0.03945227712392807,-0.008118454366922379,-0.017195798456668854,-0.09631248563528061,1.5703085660934448,-0.3638734221458435,0.18598338074324539,-0.09526579706383753,-0.3859437390458357
-0.014261007308959961,2.5030431747436523,1.0005052089691162,0.0010534594766795635,4.209733486175537,0.19467012584209442,0.08188816159963608,-0.06438887119293213,-0.18735143542289734,0.9767535924911499,0.3921249210834503,0.007579368073493242,-0.039449531584978104,-0.00834127701818943,-0.01700173132121563,-0.09648348391056061,1.5776495933532715,-0.3667249083518982,0.1860047385915254,-0.0952443541521415,-0.3879074920723483
-0.017682313919067383,2.50180721282959,1.000476360321045,0.0011208204086869955,4.229743480682373,0.1946910172700882,0.08183588087558746,-0.0644582062959671,-0.18831150233745575,0.976568877696991,0.39222219586372375,0.007670423947274685,-0.03944820910692215,-0.008472772315144539,-0.016796572133898735,-0.09665368497371674,1.5849871635437012,-0.36959022283554077,0.18602199814589906,-0.09521830217098493,-0.3898719326652829
-0.016672611236572266,2.5049381256103516,1.0007119178771973,0.0009327100706286728,4.249753952026367,0.19471195340156555,0.08178219199180603,-0.06452520191669464,-0.18927358090877533,0.976382851600647,0.3923066556453705,0.007741554174572229,-0.039440445601940155,-0.008787770755589008,-0.01663946732878685,-0.09682374447584152,1.5923216342926025,-0.3724692463874817,0.18603589722278577,-0.09518788482804852,-0.3918402748175175
-0.024917125701904297,2.5025980472564697,1.000522494316101,0.0009856970282271504,4.269763946533203,0.19473251700401306,0.0817270278930664,-0.06458985060453415,-0.19023729860782623,0.9761959314346313,0.39240968227386475,0.007834162563085556,-0.03943626582622528,-0.008924882858991623,-0.016430417075753212,-0.09697892516851425,1.5996524095535278,-0.3753621578216553,0.18604618329659292,-0.09515317507686394,-0.39381161905418355
-0.018287301063537598,2.5028276443481445,1.0004717111587524,0.0009725939598865807,4.2897748947143555,0.1947522908449173,0.08167028427124023,-0.06465236097574234,-0.19120162725448608,0.9760081171989441,0.3925021290779114,0.007914716377854347,-0.03946767374873161,-0.00910123623907566,-0.016270678490400314,-0.09713087230920792,1.6069799661636353,-0.3782688081264496,0.18605266492327216,-0.09511483784795849,-0.395783988957806
-0.01650989055633545,2.5057103633880615,1.0005207061767578,0.0009238097118213773,4.309787750244141,0.19477121531963348,0.08161193877458572,-0.06471313536167145,-0.1921679824590683,0.9758191704750061,0.39259272813796997,0.008001552894711494,-0.03945598006248474,-0.00929675716906786,-0.01614968664944172,-0.09728734195232391,1.614303708076477,-0.38118934631347656,0.18605557771953973,-0.0950734063957075,-0.3977603322544158
-0.018224716186523438,2.509113311767578,1.0007429122924805,0.0008524167351424694,4.329802989959717,0.19478866457939148,0.08155177533626556,-0.06477236747741699,-0.19313573837280273,0.9756292104721069,0.39267075061798096,0.008083014748990536,-0.039468325674533844,-0.009503385983407497,-0.01607227697968483,-0.0974503755569458,1.6216237545013428,-0.38412368297576904,0.18605450890161823,-0.09502947456195598,-0.39973940416133363
-0.026001930236816406,2.516559362411499,1.0009440183639526,0.0007819676538929343,4.349818706512451,0.19480521976947784,0.0814899429678917,-0.06483013182878494,-0.19410429894924164,0.9754382371902466,0.39274802803993225,0.008166182786226273,-0.03946470841765404,-0.00971224345266819,-0.016003230586647987,-0.09760866314172745,1.628940224647522,-0.3870719075202942,0.1860497394160127,-0.09498325829559096,-0.40172006346249844
-0.033040642738342285,2.520690679550171,1.0008785724639893,0.0007239141268655658,4.369836807250977,0.19482073187828064,0.08142641186714172,-0.06488674879074097,-0.19507452845573425,0.975246250629425,0.3928360044956207,0.008251145482063293,-0.03944898024201393,-0.009905705228447914,-0.015914924442768097,-0.09774980694055557,1.636252522468567,-0.3900339603424072,0.18604138326119102,-0.09493523082132582,-0.40370406545999765
-0.030750036239624023,2.5259182453155518,1.0010415315628052,0.0007353264954872429,4.389858245849609,0.1948351114988327,0.08136112242937088,-0.06494235247373581,-0.1960461586713791,0.9750531315803528,0.39291268587112427,0.00834626704454422,-0.03941519558429718,-0.01004137471318245,-0.01588892750442028,-0.09789897501468658,1.6435611248016357,-0.3930097222328186,0.1860293825902195,-0.094885748564971,-0.40569095950711803
-0.03645360469818115,2.5319032669067383,1.001194953918457,0.0006500415038317442,4.409881591796875,0.19484810531139374,0.08129409700632095,-0.06499732285737991,-0.1970190852880478,0.9748588800430298,0.39297905564308167,0.008417421020567417,-0.03945520520210266,-0.01023959368467331,-0.015881061553955078,-0.09804054349660873,1.6508654356002808,-0.3959994614124298,0.1860139277694973,-0.09483557349550642,-0.4076806216985327
-0.041823387145996094,2.539680004119873,1.0011982917785645,0.0005645210621878505,4.429908275604248,0.19485962390899658,0.08122523874044418,-0.06505177915096283,-0.19799301028251648,0.9746637344360352,0.3930535316467285,0.008494362235069275,-0.03945109248161316,-0.010432126000523567,-0.01587524265050888,-0.09817198663949966,1.6581658124923706,-0.3990030288696289,0.18599481222458394,-0.09478503458881171,-0.40967239158569796
-0.04194021224975586,2.548283815383911,1.0014523267745972,0.0005327273393049836,4.449937343597412,0.194870263338089,0.0811547264456749,-0.06510612368583679,-0.19896888732910156,0.9744672179222107,0.39311307668685913,0.00857589952647686,-0.039448581635951996,-0.010580801405012608,-0.01593133620917797,-0.0983116403222084,1.6654614210128784,-0.4020204246044159,0.1859727002063097,-0.0947346854887996,-0.411668423868193
-0.05083143711090088,2.553483009338379,1.001504898071289,0.0004900947096757591,4.469970226287842,0.19487938284873962,0.08108244836330414,-0.06516052782535553,-0.19994601607322693,0.9742695689201355,0.3931771218776703,0.008652188815176487,-0.03945671766996384,-0.010722605511546135,-0.01597655937075615,-0.09844185411930084,1.6727529764175415,-0.4050518572330475,0.18594735918210178,-0.09468504277975676,-0.41366728166998507
-0.05267143249511719,2.5628268718719482,1.0018335580825806,0.00035801331978291273,4.490006923675537,0.19488662481307983,0.0810084119439125,-0.06521517783403397,-0.20092372596263885,0.9740709066390991,0.3932288587093353,0.008726317435503006,-0.03942378610372543,-0.010917659848928452,-0.016083765774965286,-0.09858042001724243,1.6800395250320435,-0.40809720754623413,0.18591882362079076,-0.09463660341021196,-0.41566764538710305
-0.06417453289031982,2.5746889114379883,1.002060055732727,0.00023176400281954557,4.510047435760498,0.19489222764968872,0.08093255758285522,-0.06527025252580643,-0.20190294086933136,0.973871111869812,0.3932775557041168,0.008790994994342327,-0.039429087191820145,-0.011109456419944763,-0.016185704618692398,-0.09871052950620651,1.687321424484253,-0.41115647554397583,0.1858871300570794,-0.09458957035161286,-0.41767140494983557
-0.07210195064544678,2.585446357727051,1.0022038221359253,0.00021877538529224694,4.530092239379883,0.1948969066143036,0.08085520565509796,-0.06532595306634903,-0.20288360118865967,0.9736699461936951,0.3933263123035431,0.00886310450732708,-0.03943522274494171,-0.011216876097023487,-0.0162908136844635,-0.09883379191160202,1.6945985555648804,-0.41422972083091736,0.18585303831757197,-0.09454423330059747,-0.41967860508164206
-0.07713377475738525,2.592095136642456,1.0024141073226929,0.00016188154404517263,4.550141334533691,0.19489902257919312,0.0807759016752243,-0.0653824508190155,-0.2038649022579193,0.9734677076339722,0.39336830377578735,0.00892883911728859,-0.03944391757249832,-0.011337094008922577,-0.016423502936959267,-0.09896489977836609,1.7018705606460571,-0.4173170328140259,0.18581563605189189,-0.0945012713880844,-0.4216875614526689
-0.08449375629425049,2.6090903282165527,1.00273859500885,-8.153098860930186e-06,4.570194244384766,0.19489993155002594,0.08069510757923126,-0.0654398575425148,-0.20484775304794312,0.9732641577720642,0.39340126514434814,0.008980963379144669,-0.03945261612534523,-0.011544903740286827,-0.016581906005740166,-0.09909085929393768,1.7091374397277832,-0.4204184412956238,0.1857759761157438,-0.09446054445693863,-0.42370020012595655
-0.09585082530975342,2.6181905269622803,1.0028830766677856,-9.527109796181321e-05,4.590251445770264,0.19489967823028564,0.08061277866363525,-0.06549829244613647,-0.2058323174715042,0.9730592966079712,0.3934391438961029,0.009038109332323074,-0.039461392909288406,-0.011682725511491299,-0.01672191172838211,-0.09921470284461975,1.716399073600769,-0.42353394627571106,0.1857340377519581,-0.09442227716444807,-0.42571686529350555
-0.10090768337249756,2.6272552013397217,1.0033198595046997,-0.00020472552569117397,4.610313415527344,0.19489768147468567,0.08052890002727509,-0.06555784493684769,-0.20681792497634888,0.9728532433509827,0.39346054196357727,0.009091407060623169,-0.03946954384446144,-0.011820746585726738,-0.01691148430109024,-0.09934793412685394,1.723655343055725,-0.4266635477542877,0.1856897782848157,-0.09438678502855091,-0.42773621707551646
-0.11619508266448975,2.640155792236328,1.0032118558883667,-0.00016334102838300169,4.6303791999816895,0.19489385187625885,0.08044353127479553,-0.06561843305826187,-0.2078041285276413,0.9726460576057434,0.39350348711013794,0.00915236584842205,-0.03948134183883667,-0.01185167208313942,-0.017026331275701523,-0.09946426004171371,1.7309061288833618,-0.4298073947429657,0.185643251009701,-0.09435397690499481,-0.4297573469439859
-0.11241495609283447,2.653961420059204,1.0036205053329468,-0.0003361160052008927,4.650449275970459,0.1948886215686798,0.08035677671432495,-0.0656803771853447,-0.20879188179969788,0.9724375009536743,0.39352041482925415,0.009192414581775665,-0.03949365019798279,-0.012027454562485218,-0.01723252795636654,-0.09959359467029572,1.7381511926651,-0.432965487241745,0.18559490510449264,-0.09432425698319746,-0.431782291357004
-0.1267176866531372,2.6654560565948486,1.003843069076538,-0.0004012480203527957,4.670523643493652,0.19488230347633362,0.08026878535747528,-0.06574368476867676,-0.20978118479251862,0.9722275733947754,0.39354294538497925,0.009238557890057564,-0.03950532525777817,-0.012120135128498077,-0.01740536279976368,-0.09971485286951065,1.7453906536102295,-0.4361378252506256,0.18554504341088424,-0.09429758033109215,-0.4338110623990105
-0.134507417678833,2.6752936840057373,1.0039334297180176,-0.0004649643669836223,4.690601348876953,0.1948743760585785,0.08017952740192413,-0.0658082589507103,-0.21077099442481995,0.972016453742981,0.39356914162635803,0.009280500933527946,-0.03951900079846382,-0.012199053540825844,-0.017563316971063614,-0.09983240813016891,1.7526240348815918,-0.43932443857192993,0.18549348399911997,-0.0942739772339829,-0.4358415300144032
-0.13767004013061523,2.6885852813720703,1.0040521621704102,-0.0005048080929554999,4.710683345794678,0.19486472010612488,0.0800890326499939,-0.06587417423725128,-0.21176186203956604,0.9718040227890015,0.39359238743782043,0.009321657009422779,-0.03953179717063904,-0.012256471440196037,-0.01773277297616005,-0.09995318949222565,1.7598515748977661,-0.4425255060195923,0.1854403796021273,-0.09425347962621222,-0.4378748408127938
-0.14182567596435547,2.70294189453125,1.0043286085128784,-0.0005515488446690142,4.73076868057251,0.19485384225845337,0.07999740540981293,-0.06594156473875046,-0.21275469660758972,0.9715901017189026,0.3936067223548889,0.009359737858176231,-0.03954429179430008,-0.012316390872001648,-0.01792542077600956,-0.10007617622613907,1.7670732736587524,-0.44574105739593506,0.18538608509908758,-0.09423613279619203,-0.4399128803288653
-0.15150129795074463,2.7145071029663086,1.0044089555740356,-0.0006100283935666084,4.750857830047607,0.19484177231788635,0.07990480214357376,-0.06601034849882126,-0.2137485146522522,0.9713749289512634,0.39362794160842896,0.009392369538545609,-0.039560556411743164,-0.01237696222960949,-0.01808624528348446,-0.10019844770431519,1.7742886543273926,-0.44897112250328064,0.1853307795067673,-0.0942218976721374,-0.44195362086530643
-0.15431344509124756,2.726137161254883,1.0047228336334229,-0.0007014006259851158,4.770951747894287,0.19482798874378204,0.07981114834547043,-0.06608046591281891,-0.214742973446846,0.971158504486084,0.39363735914230347,0.009419068694114685,-0.03957583010196686,-0.012451235204935074,-0.018277525901794434,-0.10032501816749573,1.7814980745315552,-0.45221564173698425,0.18527428287014114,-0.09421076408437412,-0.4439963817152666
-0.1652991771697998,2.7412445545196533,1.0048071146011353,-0.0007580628152936697,4.791048526763916,0.19481326639652252,0.07971668988466263,-0.0661519467830658,-0.2157389223575592,0.9709405899047852,0.39365217089653015,0.009437911212444305,-0.039628010243177414,-0.012504825368523598,-0.018425464630126953,-0.10044308751821518,1.7887012958526611,-0.4554747939109802,0.1852171878181112,-0.09420252469478307,-0.4460429451494772
-0.1682490110397339,2.751896381378174,1.005066990852356,-0.000870404823217541,4.8111491203308105,0.19479751586914062,0.07962147891521454,-0.06622473895549774,-0.21673625707626343,0.970721423625946,0.39366286993026733,0.009458472020924091,-0.03963301330804825,-0.01258478220552206,-0.01859431341290474,-0.10057338327169418,1.7958978414535522,-0.45874857902526855,0.18515952753445228,-0.09419706601578959,-0.4480929954343173
-0.1773446798324585,2.763296365737915,1.0053867101669312,-0.0009418807458132505,4.831251621246338,0.19478002190589905,0.07952547818422318,-0.06629859656095505,-0.21773399412631989,0.9705009460449219,0.3936682939529419,0.009477179497480392,-0.03964941203594208,-0.012628739699721336,-0.018755480647087097,-0.10070783644914627,1.8030880689620972,-0.4620371162891388,0.18510108863964872,-0.0941941311984058,-0.4501445962623254
-0.18853485584259033,2.779343843460083,1.0053257942199707,-0.0009431524085812271,4.851357460021973,0.1947617381811142,0.07942891120910645,-0.06637343019247055,-0.21873323619365692,0.9702789783477783,0.3936940133571625,0.009504418820142746,-0.03962889313697815,-0.012629388831555843,-0.018848959356546402,-0.10083052515983582,1.8102718591690063,-0.46534043550491333,0.185042364155167,-0.09419323543666969,-0.4521999708794221
-0.1864027976989746,2.789834499359131,1.0053935050964355,-0.0009358348324894905,4.87146520614624,0.1947428584098816,0.07933193445205688,-0.06644921749830246,-0.2197340577840805,0.9700555801391602,0.3937113285064697,0.009524533525109291,-0.03963982313871384,-0.012616163119673729,-0.018961777910590172,-0.10095696896314621,1.8174494504928589,-0.4686587452888489,0.1849836459258207,-0.094194247301572,-0.45425924298300197
-0.18877267837524414,2.7992894649505615,1.005489706993103,-0.0009798052487894893,4.891576766967773,0.19472265243530273,0.07923440635204315,-0.0665258914232254,-0.22073568403720856,0.9698308110237122,0.39372679591178894,0.009536238387227058,-0.03965401649475098,-0.01262822188436985,-0.019072147086262703,-0.10108249634504318,1.824620008468628,-0.4719918370246887,0.1849245829264241,-0.0941972549018486,-0.4563208601763237
-0.19213974475860596,2.813398838043213,1.0057557821273804,-0.001146534807048738,4.911689281463623,0.19470170140266418,0.07913655042648315,-0.0666034147143364,-0.22173850238323212,0.9696047306060791,0.39373472332954407,0.009535425342619419,-0.03966359794139862,-0.012727642431855202,-0.01919548027217388,-0.10122077912092209,1.8317840099334717,-0.4753398895263672,0.1848656056198715,-0.0942020037324478,-0.458385554613635
-0.201452374458313,2.824178695678711,1.0056767463684082,-0.0010991611052304506,4.9318037033081055,0.1946803480386734,0.0790385752916336,-0.06668155640363693,-0.22274254262447357,0.9693772196769714,0.3937559425830841,0.009544387459754944,-0.0397021546959877,-0.012674983590841293,-0.01925259828567505,-0.10134219378232956,1.8389415740966797,-0.4787029027938843,0.1848070429345751,-0.09420795034851603,-0.4604534052697868
-0.1986861228942871,2.832991361618042,1.0059560537338257,-0.001154287368990481,4.951921463012695,0.19465751945972443,0.07894027978181839,-0.06676026433706284,-0.2237471044063568,0.9691484570503235,0.3937632143497467,0.009547360241413116,-0.03971729800105095,-0.012681439518928528,-0.01935676857829094,-0.1014876663684845,1.8460922241210938,-0.4820811450481415,0.18474841267109254,-0.09421521821037682,-0.4625229500756017
-0.20846188068389893,2.8485453128814697,1.0058250427246094,-0.0011841104133054614,4.972040176391602,0.1946343183517456,0.07884186506271362,-0.06683939695358276,-0.22475317120552063,0.9689181447029114,0.3937898576259613,0.00954943336546421,-0.039725422859191895,-0.012681255117058754,-0.019386131316423416,-0.10161605477333069,1.853236198425293,-0.4854743778705597,0.18469015159692104,-0.09422325712467061,-0.46459622285668745
-0.20387649536132812,2.857567071914673,1.0060983896255493,-0.0012107292423024774,4.992160797119141,0.19461078941822052,0.07874352484941483,-0.06691901385784149,-0.2257605791091919,0.9686864018440247,0.3937983512878418,0.009550632908940315,-0.03973842412233353,-0.012669553980231285,-0.019469529390335083,-0.10176552087068558,1.8603731393814087,-0.4888828694820404,0.1846326341286948,-0.09423211791622998,-0.4666728735063515
-0.21344363689422607,2.8663954734802246,1.0059813261032104,-0.0012271199375391006,5.012281894683838,0.19458641111850739,0.07864516973495483,-0.06699878722429276,-0.22676874697208405,0.9684534072875977,0.3938269317150116,0.009552707895636559,-0.039728786796331406,-0.012645302340388298,-0.019480330869555473,-0.10190089792013168,1.86750328540802,-0.49230659008026123,0.18457546982805664,-0.09424131506642897,-0.46875162093402156
-0.20934641361236572,2.878532648086548,1.0061891078948975,-0.0012899492867290974,5.03240442276001,0.19456183910369873,0.07854695618152618,-0.06707878410816193,-0.22777855396270752,0.9682188034057617,0.3938424289226532,0.009551835246384144,-0.03970755636692047,-0.012654455378651619,-0.019533243030309677,-0.10204746574163437,1.8746265172958374,-0.4957457184791565,0.18451910991611603,-0.0942507440272422,-0.4708343644193375
-0.21661877632141113,2.886784791946411,1.0062484741210938,-0.0012182520003989339,5.052526950836182,0.19453711807727814,0.07844904810190201,-0.0671587884426117,-0.2287890613079071,0.9679828882217407,0.3938589096069336,0.009549383074045181,-0.03974653035402298,-0.01256692036986351,-0.01954762078821659,-0.10219217091798782,1.8817429542541504,-0.49919989705085754,0.18446366458939017,-0.09426008169795264,-0.4729191073202276
-0.21869659423828125,2.894808053970337,1.0061664581298828,-0.001314452849328518,5.072649955749512,0.1945117712020874,0.07835134863853455,-0.0672387033700943,-0.2298007607460022,0.9677456021308899,0.3938865661621094,0.009537124074995518,-0.039740823209285736,-0.012590409256517887,-0.019534915685653687,-0.10232799500226974,1.8888523578643799,-0.5026696920394897,0.1844089348422947,-0.09426908859300931,-0.4750068101610485
-0.21582603454589844,2.905827760696411,1.0062140226364136,-0.0012885176111012697,5.092774391174316,0.19448639452457428,0.07825402170419693,-0.06731858849525452,-0.2308138608932495,0.9675068259239197,0.3939078450202942,0.009532134979963303,-0.0397481769323349,-0.012531706131994724,-0.019537756219506264,-0.102467842400074,1.8959543704986572,-0.5061547756195068,0.18435530011825732,-0.09427776320308134,-0.47709795663002774
-0.2174907922744751,2.913287401199341,1.0061123371124268,-0.0012572050327435136,5.112899303436279,0.1944604367017746,0.07815700769424438,-0.06739822775125504,-0.23182746767997742,0.9672667980194092,0.3939379155635834,0.009528381749987602,-0.03974040597677231,-0.012464524246752262,-0.01951524429023266,-0.1026105210185051,1.9030497074127197,-0.5096553564071655,0.18430244858064737,-0.09428588220139589,-0.47919065378054065
-0.21393179893493652,2.9241814613342285,1.0062878131866455,-0.0013942834921181202,5.133024215698242,0.19443431496620178,0.07806029170751572,-0.06747773289680481,-0.23284265398979187,0.967025101184845,0.3939530849456787,0.009504536166787148,-0.03975459560751915,-0.012520462274551392,-0.019529614597558975,-0.10275875777006149,1.9101375341415405,-0.5131714344024658,0.18425053881750889,-0.09429347042659342,-0.4812872075836483
-0.22007346153259277,2.9326155185699463,1.0062204599380493,-0.0012741138925775886,5.153149604797363,0.19440831243991852,0.07796409726142883,-0.0675569623708725,-0.23385848104953766,0.96678227186203,0.3939822018146515,0.00950609054416418,-0.039742954075336456,-0.012396534904837608,-0.01949760504066944,-0.10290084779262543,1.9172184467315674,-0.5167029500007629,0.1841997805861219,-0.0943003070874866,-0.4833855226200438
-0.21771609783172607,2.9393374919891357,1.0062750577926636,-0.001243424485437572,5.173274040222168,0.19438238441944122,0.07786838710308075,-0.0676359012722969,-0.2348756194114685,0.9665378332138062,0.394003689289093,0.009495381265878677,-0.039751555770635605,-0.012331988662481308,-0.01948295719921589,-0.10304998606443405,1.924291968345642,-0.5202499628067017,0.18415021977050308,-0.09430626582189672,-0.4854871273950946
-0.2196270227432251,2.9463231563568115,1.0061639547348022,-0.0012463417369872332,5.193399906158447,0.19435687363147736,0.0777733102440834,-0.06771456450223923,-0.23589421808719635,0.9662917852401733,0.3940327763557434,0.009480921551585197,-0.03975724056363106,-0.012290099635720253,-0.019441820681095123,-0.10319498926401138,1.9313582181930542,-0.5238125324249268,0.18410215639081265,-0.09431126913724275,-0.4875923234545547
-0.2157384157180786,2.951179027557373,1.0061149597167969,-0.0012388393515720963,5.213525772094727,0.19433090090751648,0.07767868041992188,-0.06779289990663528,-0.23691341280937195,0.966044545173645,0.39406076073646545,0.009469049051404,-0.03974959999322891,-0.01223389245569706,-0.01941503956913948,-0.10334496200084686,1.9384171962738037,-0.5273908972740173,0.1840550762521079,-0.0943154576224714,-0.48969921484806966
-0.21402359008789062,2.9614131450653076,1.0063316822052002,-0.0013361676828935742,5.233651638031006,0.19430552423000336,0.07758467644453049,-0.06787100434303284,-0.2379341423511505,0.9657956957817078,0.3940761983394623,0.009447826072573662,-0.03973918408155441,-0.012258932925760746,-0.019422737881541252,-0.10349870473146439,1.945468544960022,-0.53098464012146,0.18400949867313696,-0.09431875767588771,-0.49180985479616124
-0.22160887718200684,2.9651896953582764,1.0062769651412964,-0.0012454614043235779,5.253777503967285,0.19427989423274994,0.07749113440513611,-0.06794873625040054,-0.2389558106660843,0.9655455350875854,0.39410221576690674,0.009440278634428978,-0.03974112868309021,-0.012147347442805767,-0.019382387399673462,-0.10365066677331924,1.9525128602981567,-0.5345941185951233,0.18396494531408614,-0.09432107912829735,-0.49392290781529957
-0.21969377994537354,2.974123954772949,1.0062851905822754,-0.0013601614627987146,5.2739033699035645,0.19425474107265472,0.07739828526973724,-0.06802612543106079,-0.23997849225997925,0.9652938842773438,0.39412903785705566,0.00942106731235981,-0.03969766944646835,-0.012185444124042988,-0.019353998824954033,-0.10379711538553238,1.9595495462417603,-0.5382192730903625,0.18392191423473916,-0.09432235485233376,-0.49603862554385325
-0.21998167037963867,2.9785914421081543,1.0062397718429565,-0.0012958607403561473,5.294029712677002,0.19423002004623413,0.07730603218078613,-0.06810322403907776,-0.2410026490688324,0.9650405645370483,0.39415398240089417,0.009411120787262917,-0.03969186544418335,-0.012096971273422241,-0.01931971311569214,-0.10394224524497986,1.966578483581543,-0.5418598055839539,0.18388029804851655,-0.09432264435159454,-0.4981579996072729
-0.218392014503479,2.983250856399536,1.0063703060150146,-0.0012229983694851398,5.314155578613281,0.19420549273490906,0.07721439749002457,-0.06817998737096786,-0.2420274019241333,0.9647861123085022,0.3941700756549835,0.009401809424161911,-0.03968863561749458,-0.01200026273727417,-0.01931304857134819,-0.10409920662641525,1.9736000299453735,-0.5455161333084106,0.18383996568686314,-0.09432199830715082,-0.5002790547326346
-0.2229607105255127,2.989311933517456,1.0062968730926514,-0.0012394357472658157,5.334281921386719,0.19418129324913025,0.07712332159280777,-0.0682564303278923,-0.24305380880832672,0.964529812335968,0.39419418573379517,0.00938401184976101,-0.03968174010515213,-0.011970523744821548,-0.019274795427918434,-0.10424163937568665,1.9806138277053833,-0.549187958240509,0.18380099890113635,-0.09432029129065023,-0.5024041988033944
-0.22039055824279785,2.9945123195648193,1.0063867568969727,-0.0012595454463735223,5.354408264160156,0.1941571980714798,0.07703276723623276,-0.06833253800868988,-0.24408091604709625,0.9642723202705383,0.39421021938323975,0.009366641752421856,-0.03967227041721344,-0.01194397546350956,-0.01926647312939167,-0.10439333319664001,1.9876199960708618,-0.5528753399848938,0.1837631389722459,-0.0943176713553262,-0.5045312549026623
-0.22353649139404297,3.001042604446411,1.0061677694320679,-0.0012134084245190024,5.374534606933594,0.19413359463214874,0.07694275677204132,-0.06840839236974716,-0.2451092153787613,0.9640132188796997,0.3942387104034424,0.00935366190969944,-0.0396665558218956,-0.011879228055477142,-0.019218266010284424,-0.10453514009714127,1.9946181774139404,-0.5565783977508545,0.18372657420014266,-0.09431420136239343,-0.5066614042951179
-0.2158719301223755,3.005159378051758,1.0062808990478516,-0.0011602698359638453,5.394659519195557,0.19411113858222961,0.07685346901416779,-0.06848416477441788,-0.24613891541957855,0.9637525081634521,0.3942507207393646,0.009342381730675697,-0.03966403007507324,-0.011808195151388645,-0.01923178695142269,-0.10468849539756775,2.001608371734619,-0.5602969527244568,0.18369174411634112,-0.09431007396872348,-0.5087950954203294
-0.2198314666748047,3.005121946334839,1.0062694549560547,-0.001104374649003148,5.414785385131836,0.1940886527299881,0.07676464319229126,-0.06855983287096024,-0.24716906249523163,0.9634905457496643,0.39426353573799133,0.009324661456048489,-0.03969702869653702,-0.011728059500455856,-0.019228139892220497,-0.10483865439891815,2.0085906982421875,-0.5640310049057007,0.18365801653228664,-0.09430554985375106,-0.5109302891343623
-0.21943092346191406,3.012162446975708,1.0059834718704224,-0.0009834173833951354,5.434911727905273,0.19406646490097046,0.07667621225118637,-0.0686354860663414,-0.24820083379745483,0.9632269740104675,0.3942912817001343,0.009318657219409943,-0.03969305753707886,-0.011611945927143097,-0.019197044894099236,-0.10497266799211502,2.0155649185180664,-0.5677807927131653,0.18362543127925104,-0.09430061107018584,-0.51306945940816
-0.20942151546478271,3.0171854496002197,1.006272315979004,-0.001011391868814826,5.455038070678711,0.19404517114162445,0.07658831030130386,-0.06871136277914047,-0.2492336630821228,0.9629617929458618,0.3942910432815552,0.009300734847784042,-0.039691757410764694,-0.011602789163589478,-0.01926266774535179,-0.10512109845876694,2.022531032562256,-0.5715458989143372,0.183594344011083,-0.09429575700058113,-0.515211569561829
-0.21953105926513672,3.0184614658355713,1.00628662109375,-0.0011217495193704963,5.475164890289307,0.19402456283569336,0.07650089263916016,-0.06878738850355148,-0.25026726722717285,0.9626951217651367,0.3943011462688446,0.009275313466787338,-0.03968539088964462,-0.011648975312709808,-0.019281528890132904,-0.1052553653717041,2.029489278793335,-0.5753265619277954,0.18356459333552014,-0.09429091465076778,-0.5173559973333753
-0.22003173828125,3.0208606719970703,1.0063239336013794,-0.0010562194511294365,5.495292663574219,0.19400447607040405,0.07641386240720749,-0.0688636526465416,-0.2513026297092438,0.9624269604682922,0.39431238174438477,0.009274926036596298,-0.039642058312892914,-0.011569572612643242,-0.019309978932142258,-0.10540465265512466,2.0364387035369873,-0.5791225433349609,0.1835360821139642,-0.09428610410578586,-0.5195046563618679
-0.2213376760482788,3.0241470336914062,1.006238579750061,-0.0010776991257444024,5.515420436859131,0.19398458302021027,0.07632716745138168,-0.06894005835056305,-0.2523385286331177,0.9621573686599731,0.394323468208313,0.009259214624762535,-0.03963770717382431,-0.011555955745279789,-0.01932835578918457,-0.10554643720388412,2.0433802604675293,-0.5829340219497681,0.18350859364008223,-0.09428140587499434,-0.5216551383841104
-0.21835029125213623,3.029369592666626,1.006341576576233,-0.0009456723928451538,5.535548210144043,0.19396533071994781,0.07624080777168274,-0.06901676207780838,-0.25337550044059753,0.9618859887123108,0.3943237066268921,0.009258123114705086,-0.03963608294725418,-0.011442331597208977,-0.019381340593099594,-0.10569214820861816,2.0503134727478027,-0.5867610573768616,0.1834823059619976,-0.09427702463269494,-0.5238087000266796
-0.22195518016815186,3.0317893028259277,1.006672739982605,-0.001127825933508575,5.5556769371032715,0.19394682347774506,0.07615478336811066,-0.06909385323524475,-0.2544138729572296,0.9616131782531738,0.39431092143058777,0.009229828603565693,-0.03963444381952286,-0.011549534276127815,-0.019462643191218376,-0.10583987087011337,2.0572381019592285,-0.5906034111976624,0.18345720909667212,-0.09427304684773263,-0.5259658065229902
-0.23354589939117432,3.0334417819976807,1.0063881874084473,-0.0009669344290159643,5.575806140899658,0.19392843544483185,0.0760689303278923,-0.06917103379964828,-0.25545287132263184,0.9613388776779175,0.39432063698768616,0.009224841371178627,-0.03966842219233513,-0.011420941911637783,-0.019451960921287537,-0.1059688851237297,2.0641541481018066,-0.5944610238075256,0.18343280921558971,-0.09426914201369807,-0.5281249305826551
-0.2235865592956543,3.038832664489746,1.0064445734024048,-0.0009462863090448081,5.595934867858887,0.19391193985939026,0.07598365843296051,-0.06924867630004883,-0.25649335980415344,0.961063027381897,0.39432066679000854,0.009222522377967834,-0.03963024914264679,-0.011395584791898727,-0.019509941339492798,-0.10610952973365784,2.071061372756958,-0.5983338952064514,0.18341014297596972,-0.09426563396445276,-0.5302878645239812
-0.22556006908416748,3.033212423324585,1.0061976909637451,-0.0006490304949693382,5.616064548492432,0.19389498233795166,0.07589836418628693,-0.06932671368122101,-0.2575347125530243,0.9607856869697571,0.39432916045188904,0.009239356964826584,-0.03963194787502289,-0.011161144822835922,-0.019533533602952957,-0.10624828189611435,2.0779600143432617,-0.602222204208374,0.18338797497636844,-0.09426283293492732,-0.5324533338572612
-0.2169191837310791,3.0418176651000977,1.0063425302505493,-0.000731556152459234,5.636193752288818,0.19387860596179962,0.07581321895122528,-0.06940529495477676,-0.25857675075531006,0.960506796836853,0.39431506395339966,0.009216893464326859,-0.03966270387172699,-0.011211325414478779,-0.019627468660473824,-0.10638590902090073,2.0848500728607178,-0.6061255931854248,0.18336672166893764,-0.09426096997649736,-0.5346210664892402
-0.22198855876922607,3.0440545082092285,1.0064352750778198,-0.0007461156928911805,5.6563239097595215,0.1938629150390625,0.07572812587022781,-0.06948456168174744,-0.2596203684806824,0.9602262377738953,0.3943028450012207,0.009206007234752178,-0.03967456519603729,-0.011216050013899803,-0.019712258130311966,-0.10653073340654373,2.091731071472168,-0.6100443005561829,0.18334633761257033,-0.09426019040331401,-0.5367928750408071
-0.22523462772369385,3.04553484916687,1.0067291259765625,-0.0009563590865582228,5.676454544067383,0.19384804368019104,0.07564320415258408,-0.06956444680690765,-0.26066479086875916,0.9599440693855286,0.3942798972129822,0.009181104600429535,-0.03967258706688881,-0.011357380077242851,-0.019820302724838257,-0.10667887330055237,2.0986034870147705,-0.6139780282974243,0.18332697482579827,-0.0942604524017765,-0.538967230648504
-0.2355194091796875,3.0460524559020996,1.0063152313232422,-0.0005739031475968659,5.6965861320495605,0.19383342564105988,0.07555826753377914,-0.0696447417140007,-0.26171019673347473,0.9596604704856873,0.39429113268852234,0.009214548394083977,-0.03963710367679596,-0.011084608733654022,-0.01982361264526844,-0.10679933428764343,2.105466842651367,-0.6179269552230835,0.18330813655356967,-0.09426141045618075,-0.5411443337557879
-0.22103309631347656,3.0499227046966553,1.0066702365875244,-0.0007373710977844894,5.716718673706055,0.1938200443983078,0.07547350227832794,-0.06972578912973404,-0.2627570629119873,0.9593752026557922,0.39426159858703613,0.009194029495120049,-0.03964398056268692,-0.011199768632650375,-0.019953981041908264,-0.1069374606013298,2.112321376800537,-0.6218909025192261,0.18329043777573598,-0.09426353184500136,-0.54332531015496
-0.2334582805633545,3.047650098800659,1.0066547393798828,-0.0008244364289566875,5.736849784851074,0.1938071846961975,0.07538877427577972,-0.06980737298727036,-0.26380452513694763,0.9590883255004883,0.394246906042099,0.009182379581034184,-0.03964148461818695,-0.011254650540649891,-0.02001887932419777,-0.10706914961338043,2.119166612625122,-0.6258698105812073,0.18327345862552835,-0.09426664405066765,-0.5455084195288609
-0.23291587829589844,3.049569845199585,1.0065490007400513,-0.0005206999485380948,5.756981372833252,0.19379426538944244,0.07530388236045837,-0.06988944113254547,-0.2648530602455139,0.9588000774383545,0.3942297697067261,0.009196564555168152,-0.03969940170645714,-0.011041149497032166,-0.02007569931447506,-0.107204370200634,2.126002788543701,-0.6298638582229614,0.18325675851581272,-0.09427064914876926,-0.5476944323505861
-0.22921502590179443,3.0549938678741455,1.006628394126892,-0.0006361883715726435,5.777113437652588,0.1937818080186844,0.07521885633468628,-0.06997214257717133,-0.26590293645858765,0.9585100412368774,0.394208163022995,0.009185781702399254,-0.03969410061836243,-0.011130096390843391,-0.020165981724858284,-0.10734407603740692,2.132829427719116,-0.6338727474212646,0.18324057504780025,-0.09427577788708952,-0.5498841266744813
-0.23199379444122314,3.0572009086608887,1.0064191818237305,-0.000530544260982424,5.797245502471924,0.19377020001411438,0.07513388991355896,-0.07005537301301956,-0.26695311069488525,0.9582187533378601,0.3941986858844757,0.009194537997245789,-0.039687808603048325,-0.011068791151046753,-0.0202164426445961,-0.10747282207012177,2.1396472454071045,-0.6378965973854065,0.1832250752403838,-0.09428191101434358,-0.5520751934191727
-0.2246713638305664,3.0569183826446533,1.0064697265625,-0.0005724556976929307,5.817376613616943,0.1937592476606369,0.0750487819314003,-0.0701393187046051,-0.2680046856403351,0.9579256176948547,0.39417359232902527,0.00918763130903244,-0.03970484063029289,-0.01110750436782837,-0.020313480868935585,-0.10760214179754257,2.146455764770508,-0.6419353485107422,0.1832101448095503,-0.09428931534157248,-0.554270111878136
-0.2264404296875,3.057671070098877,1.006616234779358,-0.0006168779800646007,5.8375091552734375,0.1937483698129654,0.07496336847543716,-0.07022397965192795,-0.26905742287635803,0.9576309323310852,0.3941442370414734,0.009186305105686188,-0.03970175236463547,-0.01114623248577118,-0.02041960507631302,-0.10774172842502594,2.153254508972168,-0.6459888815879822,0.18319540346727606,-0.0942981161315748,-0.5564682558771026
-0.23156821727752686,3.0619001388549805,1.0064647197723389,-0.0004349856171756983,5.857640266418457,0.19373819231987,0.07487786561250687,-0.07030917704105377,-0.2701107859611511,0.9573347568511963,0.39412644505500793,0.009202810004353523,-0.03970612213015556,-0.011036843061447144,-0.0204768143594265,-0.10786223411560059,2.1600441932678223,-0.650057315826416,0.18318113678743342,-0.09430795676163384,-0.558668538043993
-0.22626519203186035,3.0622384548187256,1.0066094398498535,-0.0005043031414970756,5.877772808074951,0.19372908771038055,0.0747922956943512,-0.0703950896859169,-0.2711656987667084,0.9570369720458984,0.3940927982330322,0.009196235798299313,-0.03972293436527252,-0.011100925505161285,-0.020578695461153984,-0.1079854741692543,2.1668243408203125,-0.6541405916213989,0.18316755237685187,-0.09431898317986631,-0.5608728372962362
-0.23133039474487305,3.0601303577423096,1.0066574811935425,-0.0005519792903214693,5.897904396057129,0.193720281124115,0.07470658421516418,-0.07048149406909943,-0.2722209692001343,0.9567376971244812,0.3940627872943878,0.009195193648338318,-0.03972627967596054,-0.011141527444124222,-0.020658334717154503,-0.10811524838209152,2.1735951900482178,-0.6582385301589966,0.18315431402236057,-0.0943310440384515,-0.5630787548681373
-0.23301184177398682,3.062615394592285,1.0067204236984253,-0.000581845291890204,5.918034076690674,0.1937122344970703,0.07462084293365479,-0.07056833058595657,-0.2732771933078766,0.956436812877655,0.3940295875072479,0.009195107966661453,-0.03973995894193649,-0.011173265054821968,-0.020734652876853943,-0.10825119912624359,2.180356502532959,-0.6623512506484985,0.18314165325294404,-0.09434384610737312,-0.5652874964661665
-0.23521482944488525,3.0621800422668457,1.0064492225646973,-0.0004955630865879357,5.938163757324219,0.19370421767234802,0.0745348110795021,-0.07065559178590775,-0.27433502674102783,0.9561341404914856,0.3940131664276123,0.009211261756718159,-0.03972718119621277,-0.011120015755295753,-0.020762920379638672,-0.10838036239147186,2.187107563018799,-0.6664785742759705,0.18312913060910818,-0.09435739552220812,-0.5675004112107138
-0.2257227897644043,3.0661230087280273,1.0066068172454834,-0.0005609937943518162,5.958294868469238,0.19369514286518097,0.07444815337657928,-0.07074318826198578,-0.2753930687904358,0.9558302760124207,0.39397406578063965,0.009210031479597092,-0.03974097594618797,-0.011179505847394466,-0.020857997238636017,-0.10851961374282837,2.1938490867614746,-0.6706207990646362,0.18311588011792615,-0.0943719710613442,-0.569714448587622
-0.23123860359191895,3.076807737350464,1.0067648887634277,-0.0005644849734380841,5.978423118591309,0.19368816912174225,0.07436169683933258,-0.07083126157522202,-0.2764524221420288,0.9555246233940125,0.39393311738967896,0.00921381451189518,-0.03975333273410797,-0.011220607906579971,-0.02093646675348282,-0.10864626616239548,2.2005810737609863,-0.674777626991272,0.1831037332015837,-0.09438717466429125,-0.5719321238164021
-0.2367711067199707,3.0681207180023193,1.0064570903778076,-0.0005382501985877752,5.998549461364746,0.19368138909339905,0.07427503913640976,-0.0709194466471672,-0.27751225233078003,0.9552174806594849,0.3939136564731598,0.00922342762351036,-0.03974994644522667,-0.011216094717383385,-0.020943813025951385,-0.1087646484375,2.207303047180176,-0.6789489984512329,0.18309161969743482,-0.0944026940038365,-0.5741515824470673
-0.2259981632232666,3.0708420276641846,1.006040334701538,-0.0001824570499593392,6.018675804138184,0.1936747282743454,0.07418810576200485,-0.07100793719291687,-0.2785731852054596,0.9549087882041931,0.39390113949775696,0.009265383705496788,-0.039735693484544754,-0.010983956977725029,-0.020952366292476654,-0.10887672007083893,2.214015483856201,-0.6831349730491638,0.18307954582518862,-0.09441881679389197,-0.5763740960268686
-0.211411714553833,3.073988914489746,1.0061347484588623,-0.0003976935986429453,6.038802623748779,0.19366733729839325,0.07410050928592682,-0.07109694182872772,-0.27963554859161377,0.9545984268188477,0.39386239647865295,0.009254608303308487,-0.039743658155202866,-0.011154260486364365,-0.02104989066720009,-0.10900997370481491,2.2207179069519043,-0.687335729598999,0.18306692990559056,-0.0944361017233526,-0.5786003905800394
-0.21471619606018066,3.082381010055542,1.0065834522247314,-0.0005219015874899924,6.058927059173584,0.1936614066362381,0.07401292771100998,-0.07118633389472961,-0.2806980609893799,0.9542866349220276,0.3938025236129761,0.009246403351426125,-0.039782293140888214,-0.011277862824499607,-0.021177519112825394,-0.10915001481771469,2.2274107933044434,-0.6915509104728699,0.18305490180254988,-0.0944541674538768,-0.5808278802086368
-0.23042082786560059,3.077340602874756,1.006016731262207,-0.00024595236754976213,6.079050540924072,0.19365592300891876,0.07392513751983643,-0.07127594202756882,-0.2817619740962982,0.9539732336997986,0.39379096031188965,0.009278565645217896,-0.0397903248667717,-0.011107243597507477,-0.02114364691078663,-0.10926152020692825,2.2340939044952393,-0.6957806348800659,0.18304302055457491,-0.09447256966160755,-0.5830590219059659
-0.2105855941772461,3.0782928466796875,1.0058499574661255,-0.00023172500368673354,6.099174499511719,0.19364944100379944,0.07383663952350616,-0.0713658407330513,-0.2828270196914673,0.9536581039428711,0.3937644958496094,0.009294506162405014,-0.03976817429065704,-0.011114171706140041,-0.021190963685512543,-0.10937973856925964,2.2407662868499756,-0.7000248432159424,0.1830303911502002,-0.09449179896134519,-0.5852933714093775
-0.2047485113143921,3.0881197452545166,1.0057638883590698,-5.723669892176986e-05,6.119296550750732,0.1936439573764801,0.07374802231788635,-0.07145611196756363,-0.28389257192611694,0.953341543674469,0.39373090863227844,0.00931842066347599,-0.03978047892451286,-0.01103055290877819,-0.021251853555440903,-0.10949970036745071,2.2474288940429688,-0.7042837142944336,0.18301810501606422,-0.09451178523976855,-0.5875296006818566
-0.20173609256744385,3.085768699645996,1.005856990814209,-0.00014152901712805033,6.13941764831543,0.19363924860954285,0.07365915924310684,-0.07154679298400879,-0.2849593758583069,0.9530233144760132,0.39368826150894165,0.009321460500359535,-0.039789825677871704,-0.011115198954939842,-0.021335192024707794,-0.10963223874568939,2.2540812492370605,-0.7085570693016052,0.1830060208550583,-0.09453253085491053,-0.5897692784615651
-0.20499467849731445,3.0846056938171387,1.006041169166565,-0.00024539558216929436,6.159537315368652,0.19363413751125336,0.0735698863863945,-0.07163771241903305,-0.28602680563926697,0.952703595161438,0.3936361074447632,0.009316242299973965,-0.03983958810567856,-0.011205766350030899,-0.021415965631604195,-0.10977111756801605,2.260723114013672,-0.7128447890281677,0.1829936676699245,-0.09455392596293377,-0.5920110663544801
-0.21144092082977295,3.090588092803955,1.0056740045547485,-0.00019669451285153627,6.179654121398926,0.1936306208372116,0.07348078489303589,-0.07172877341508865,-0.2870953381061554,0.9523821473121643,0.3936140835285187,0.009333698078989983,-0.03982844948768616,-0.011199548840522766,-0.02140764147043228,-0.10988563299179077,2.26735520362854,-0.7171471118927002,0.1829821650856987,-0.09457535665057559,-0.594256020425408
-0.19859015941619873,3.084272861480713,1.0055630207061768,-0.00014100628322921693,6.199771881103516,0.1936250627040863,0.07339073717594147,-0.0718199759721756,-0.28816497325897217,0.9520590901374817,0.3935806155204773,0.009354587644338608,-0.039817821234464645,-0.011163813062012196,-0.021448329091072083,-0.11001593619585037,2.273977041244507,-0.7214637994766235,0.18296935719907226,-0.09459747842377886,-0.5965040320357399
-0.19470572471618652,3.1001832485198975,1.005747675895691,-0.00023960525868460536,6.219886302947998,0.19362099468708038,0.0733008161187172,-0.07191134244203568,-0.28923526406288147,0.9517346024513245,0.3935309946537018,0.009356038644909859,-0.039826080203056335,-0.011270934715867043,-0.021521994844079018,-0.11013548076152802,2.2805888652801514,-0.7257949113845825,0.18295725309305985,-0.09461978379043345,-0.5987541884725016
-0.20116865634918213,3.0946075916290283,1.0057339668273926,-0.00032839621417224407,6.239999294281006,0.19361701607704163,0.07321061939001083,-0.07200275361537933,-0.29030653834342957,0.9514082670211792,0.39348477125167847,0.009352332912385464,-0.039875954389572144,-0.011352721601724625,-0.021552303805947304,-0.11026357859373093,2.287189483642578,-0.7301405072212219,0.18294511156683355,-0.09464223324221477,-0.6010073283074976
-0.20068883895874023,3.0974202156066895,1.00560462474823,-0.00024227196990977973,6.260108470916748,0.19361373782157898,0.07312049716711044,-0.07209400087594986,-0.29137834906578064,0.9510806798934937,0.3934493660926819,0.009374186396598816,-0.039866264909505844,-0.011310389265418053,-0.021559616550803185,-0.1103837639093399,2.2937800884246826,-0.7345004677772522,0.18293333771783937,-0.09466429054264558,-0.6032622154969514
-0.19616186618804932,3.096428394317627,1.0053834915161133,-0.00016981786757241935,6.280216693878174,0.19360919296741486,0.07302971929311752,-0.07218515127897263,-0.2924514710903168,0.9507513642311096,0.3934154808521271,0.009391885250806808,-0.039880577474832535,-0.011269460432231426,-0.021557211875915527,-0.1105101928114891,2.3003602027893066,-0.7388748526573181,0.18292070444675101,-0.09468638106729199,-0.6055206028571628
-0.18842220306396484,3.1074931621551514,1.0054590702056885,-0.00031623695394955575,-6.266047954559326,0.19360551238059998,0.07293903827667236,-0.07227614521980286,-0.2935246527194977,0.9504205584526062,0.3933686912059784,0.009390972554683685,-0.03987928479909897,-0.011401761323213577,-0.021596578881144524,-0.11063050478696823,2.3069300651550293,-0.7432636022567749,0.18290851581495543,-0.09470818548634652,-0.6077799801171169
-0.19106745719909668,3.1056015491485596,1.005262017250061,-0.00034358911216259,-6.24594259262085,0.19360068440437317,0.07284761220216751,-0.07236699014902115,-0.2945992648601532,0.9500881433486938,0.3933323919773102,0.009399056434631348,-0.03989013284444809,-0.011440077796578407,-0.021590258926153183,-0.11074846237897873,2.3134891986846924,-0.7476667761802673,0.18289524540557306,-0.094729953282499,-0.6100430047989763
-0.18417060375213623,3.116011142730713,1.0052529573440552,-0.00045498323743231595,-6.225842475891113,0.19359734654426575,0.07275647670030594,-0.07245762646198273,-0.29567384719848633,0.9497542977333069,0.393288254737854,0.009401493705809116,-0.03988664969801903,-0.011554939672350883,-0.02161356993019581,-0.11087553203105927,2.320037364959717,-0.7520842552185059,0.1828827397837426,-0.09475123512035677,-0.6123068153676732
-0.18385350704193115,3.1102991104125977,1.0048997402191162,-0.00011563565931282938,-6.205743312835693,0.19359321892261505,0.0726647824048996,-0.07254810631275177,-0.2967498004436493,0.9494187235832214,0.3932580351829529,0.009442422538995743,-0.0399017259478569,-0.011333819478750229,-0.02158709429204464,-0.11100077629089355,2.3265750408172607,-0.7565160393714905,0.18286952309029625,-0.0947723722311633,-0.6145742430538155
-0.17149090766906738,3.1184256076812744,1.004774570465088,-8.440723468083888e-05,-6.185646057128906,0.19359031319618225,0.07257325947284698,-0.07263849675655365,-0.2978263199329376,0.9490816593170166,0.3932175040245056,0.00945517048239708,-0.039913300424814224,-0.011340150609612465,-0.021605022251605988,-0.11112271994352341,2.333101749420166,-0.7609621286392212,0.1828569480833318,-0.09479320180310036,-0.6168436530632069
-0.16710996627807617,3.114239454269409,1.0047821998596191,-0.00040621243533678353,-6.165550708770752,0.19358623027801514,0.07248113304376602,-0.07272882014513016,-0.29890385270118713,0.9487430453300476,0.39317041635513306,0.009438998065888882,-0.03991847112774849,-0.01157335564494133,-0.021643538028001785,-0.11125975847244263,2.3396177291870117,-0.765422523021698,0.1828435822417394,-0.09481415159774897,-0.6191159122210838
-0.16737699508666992,3.1246848106384277,1.0045950412750244,-0.0001810700778150931,-6.1454572677612305,0.19358280301094055,0.07238893955945969,-0.07281912118196487,-0.299982488155365,0.9484027028083801,0.3931324779987335,0.009471675381064415,-0.03991883993148804,-0.011443383991718292,-0.021647047251462936,-0.1113840639591217,2.346123218536377,-0.7698972225189209,0.18283051240800707,-0.09483496629960797,-0.6213913310552902
-0.1608264446258545,3.1240029335021973,1.0041519403457642,-6.240092625375837e-05,-6.125367641448975,0.19357937574386597,0.07229653000831604,-0.07290928810834885,-0.3010612726211548,0.9480608701705933,0.393108606338501,0.009498044848442078,-0.039891645312309265,-0.011377507820725441,-0.021624604240059853,-0.11149249970912933,2.3526177406311035,-0.7743862271308899,0.18281730469268678,-0.0948557109740289,-0.6236679252988996
-0.1453179121017456,3.1272568702697754,1.0043511390686035,-0.000272542325546965,-6.1052775382995605,0.1935751736164093,0.07220353186130524,-0.07299961149692535,-0.30214163661003113,0.9477172493934631,0.3930515944957733,0.009491972625255585,-0.03989908844232559,-0.011539733037352562,-0.021706473082304,-0.11163422465324402,2.3591015338897705,-0.7788895964622498,0.18280354181706537,-0.09487688693841578,-0.6259486469142099
-0.15228986740112305,3.1353163719177246,1.004127025604248,-0.00014688809460494667,-6.085190773010254,0.19357171654701233,0.07211050391197205,-0.07308996468782425,-0.30322256684303284,0.9473721981048584,0.39301013946533203,0.00950763188302517,-0.039936818182468414,-0.011482981964945793,-0.021713238209486008,-0.11175267398357391,2.365574359893799,-0.7834071516990662,0.18279009975363858,-0.09489810215672168,-0.6282313447541082
-0.14444589614868164,3.134108781814575,1.0039864778518677,-9.697646601125598e-05,-6.0651068687438965,0.19356928765773773,0.07201750576496124,-0.07318038493394852,-0.3043045997619629,0.9470252394676208,0.3929668962955475,0.009521516971290112,-0.0399470180273056,-0.011465194635093212,-0.02173699624836445,-0.11186371743679047,2.3720359802246094,-0.7879387736320496,0.18277723012931313,-0.09491929593220894,-0.6305173477284893
-0.13952672481536865,3.130997657775879,1.0041844844818115,-0.0003391786594875157,-6.045024871826172,0.19356614351272583,0.07192414253950119,-0.07327084243297577,-0.30538704991340637,0.9466767311096191,0.3929104804992676,0.00951820332556963,-0.03991873562335968,-0.01163071021437645,-0.021807996556162834,-0.11200354248285294,2.378486394882202,-0.7924848198890686,0.18276406965499167,-0.09494078496516178,-0.6328051154289072
-0.14645695686340332,3.138491630554199,1.0039650201797485,-0.0002829207805916667,-6.024943828582764,0.19356147944927216,0.07183016836643219,-0.07336109131574631,-0.3064700961112976,0.9463268518447876,0.3928649425506592,0.009525603614747524,-0.03996562957763672,-0.011603372171521187,-0.02180495113134384,-0.11212540417909622,2.3849258422851562,-0.7970450520515442,0.18274996728579215,-0.09496221897925894,-0.6350948190602409
-0.13877570629119873,3.1511194705963135,1.0036094188690186,-2.7993490220978856e-05,-6.004866123199463,0.1935582309961319,0.07173631340265274,-0.07345138490200043,-0.3075545132160187,0.9459750652313232,0.3928295075893402,0.009556235745549202,-0.03997475281357765,-0.011460021138191223,-0.02179093286395073,-0.11223257333040237,2.3913540840148926,-0.8016194105148315,0.18273660193123156,-0.09498347851346445,-0.637388344931394
-0.12632966041564941,3.1458520889282227,1.003708839416504,-0.00017300728359259665,-5.984792709350586,0.19355584681034088,0.07164256274700165,-0.07354169338941574,-0.3086391091346741,0.9456218481063843,0.3927735984325409,0.009554274380207062,-0.03997240960597992,-0.011570747941732407,-0.021851427853107452,-0.11235708743333817,2.397771120071411,-0.8062080144882202,0.18272378985266285,-0.09500474067134657,-0.6396831280836913
-0.12980937957763672,3.143720865249634,1.0034116506576538,-8.770334534347057e-05,-5.964719772338867,0.19355224072933197,0.07154831290245056,-0.07363206148147583,-0.3097251057624817,0.945266842842102,0.3927341103553772,0.009571284055709839,-0.039981164038181305,-0.011507426388561726,-0.021849969401955605,-0.11247903108596802,2.4041764736175537,-0.8108107447624207,0.18271052926635167,-0.09502623544577071,-0.6419817031485975
-0.1194077730178833,3.1543526649475098,1.0034756660461426,-0.0002883956185542047,-5.944648742675781,0.19354794919490814,0.07145366817712784,-0.07372239977121353,-0.31081125140190125,0.9449103474617004,0.3926774561405182,0.009561685845255852,-0.03998936712741852,-0.01166156493127346,-0.021905187517404556,-0.11260637640953064,2.4105708599090576,-0.8154277801513672,0.18269686016580067,-0.09504797381874308,-0.6442814978139265
-0.12164831161499023,3.1619045734405518,1.0033472776412964,-0.0002587702183518559,-5.924581527709961,0.1935444325208664,0.07135895639657974,-0.07381277531385422,-0.3118986487388611,0.9445521831512451,0.3926331698894501,0.009579809382557869,-0.039953771978616714,-0.011664161458611488,-0.02192404866218567,-0.1127278059720993,2.4169535636901855,-0.8200590014457703,0.1826835185078276,-0.09506965574295756,-0.6465847412514313
-0.11715471744537354,3.16054105758667,1.0032473802566528,-0.0002084931475110352,-5.904514789581299,0.1935405731201172,0.07126393169164658,-0.07390303909778595,-0.31298595666885376,0.9441925287246704,0.39257827401161194,0.00958364550024271,-0.040006123483181,-0.01164327934384346,-0.021947504952549934,-0.11285197734832764,2.4233248233795166,-0.8247041702270508,0.1826698639018961,-0.0950914240451175,-0.6488887454178414
-0.11365830898284912,3.1659529209136963,1.0030893087387085,-0.0002353018498979509,-5.884452819824219,0.1935383528470993,0.07116924971342087,-0.07399339973926544,-0.31407463550567627,0.9438309073448181,0.3925318121910095,0.009591931477189064,-0.03999074175953865,-0.011678671464323997,-0.021962635219097137,-0.11296800523996353,2.42968487739563,-0.8293634653091431,0.18265741460306167,-0.09511296860617668,-0.6511966472717209
-0.10812580585479736,3.159146785736084,1.0027527809143066,2.219327143393457e-05,-5.864393711090088,0.193536177277565,0.07107456773519516,-0.07408371567726135,-0.3151635229587555,0.9434679746627808,0.39249125123023987,0.009621098637580872,-0.04000401496887207,-0.011489707976579666,-0.021958690136671066,-0.11308637261390686,2.436033010482788,-0.8340369462966919,0.18264526009966908,-0.09513445618006844,-0.6535057880922474
-0.09634733200073242,3.1618990898132324,1.002732753753662,-5.8959354646503925e-05,-5.844335556030273,0.19353249669075012,0.07097934186458588,-0.0741741806268692,-0.3162537217140198,0.9431031942367554,0.3924395442008972,0.009627241641283035,-0.039977312088012695,-0.011532507836818695,-0.022008948028087616,-0.11320582032203674,2.4423696994781494,-0.8387244939804077,0.18263264268896587,-0.09515639591780833,-0.6558186252587096
-0.09564638137817383,3.1742522716522217,1.0028237104415894,-0.00015410012565553188,-5.824281215667725,0.1935296505689621,0.07088422775268555,-0.0742647722363472,-0.31734442710876465,0.942736804485321,0.3923783600330353,0.009624898433685303,-0.039983488619327545,-0.011610027402639389,-0.022065533325076103,-0.11332588642835617,2.448694944381714,-0.8434261083602905,0.18262071402631597,-0.09517847666273216,-0.658133502371982
-0.09882986545562744,3.17240309715271,1.002447485923767,-9.061864693649113e-05,-5.804227352142334,0.19352605938911438,0.07078876346349716,-0.07435531169176102,-0.3184358477592468,0.9423686861991882,0.3923359513282776,0.009633086621761322,-0.04000859335064888,-0.011565938591957092,-0.022052044048905373,-0.1134430393576622,2.455007791519165,-0.8481417894363403,0.18260851601949782,-0.09520062321341571,-0.6604508439617922
-0.08566200733184814,3.1801812648773193,1.0025526285171509,-0.00031769811175763607,-5.784178256988525,0.19352279603481293,0.07069327682256699,-0.0744459331035614,-0.3195282518863678,0.9419988393783569,0.39227160811424255,0.009616238065063953,-0.040029678493738174,-0.01173468679189682,-0.02211574651300907,-0.11357070505619049,2.4613089561462402,-0.8528715372085571,0.18259676399233918,-0.09522281920150455,-0.6627711972278731
-0.08934199810028076,3.181457757949829,1.0024739503860474,-0.0003260912490077317,-5.76413106918335,0.19351981580257416,0.07059773802757263,-0.07453658431768417,-0.3206210136413574,0.9416274428367615,0.39221706986427307,0.009622418321669102,-0.04002651944756508,-0.011745285242795944,-0.02214014157652855,-0.11369142681360245,2.4675986766815186,-0.8576153516769409,0.182585312058796,-0.09524510661268293,-0.6650932549637174
-0.08658826351165771,3.1829471588134766,1.0018997192382812,5.3625612054020166e-05,-5.744085311889648,0.1935158222913742,0.07050172239542007,-0.07462715357542038,-0.32171496748924255,0.9412543177604675,0.39218541979789734,0.009662911295890808,-0.04002729430794716,-0.011482158675789833,-0.022101592272520065,-0.11381085216999054,2.4738759994506836,-0.8623732328414917,0.18257334738139483,-0.0952673908448658,-0.6674186765431368
-0.06649017333984375,3.1924190521240234,1.002119779586792,-0.00020449701696634293,-5.724042892456055,0.19351224601268768,0.07040565460920334,-0.07471786439418793,-0.3228093385696411,0.9408795833587646,0.3921191692352295,0.009649423882365227,-0.040007635951042175,-0.0116779999807477,-0.022191103547811508,-0.11393778026103973,2.4801414012908936,-0.8671451210975647,0.18256177154474315,-0.09528996588118632,-0.6697459833437933
-0.07419228553771973,3.193225860595703,1.0021767616271973,-0.00037826577317900956,-5.704004287719727,0.19350981712341309,0.07030972838401794,-0.0748087465763092,-0.32390496134757996,0.9405028820037842,0.39205652475357056,0.00963954720646143,-0.040010180324316025,-0.011811249889433384,-0.022236984223127365,-0.11406394094228745,2.4863951206207275,-0.8719310164451599,0.18255106814704414,-0.09531259871819975,-0.6720770011928998
-0.0761866569519043,3.1894235610961914,1.0018885135650635,-0.00022802177409175783,-5.683967590332031,0.1935071051120758,0.07021370530128479,-0.07489950209856033,-0.3250008225440979,0.9401246309280396,0.3920091986656189,0.009658630937337875,-0.04001474007964134,-0.011700963601469994,-0.022228870540857315,-0.1141929179430008,2.49263596534729,-0.8767308592796326,0.18254047398788717,-0.09533508040245109,-0.6744094785271877
-0.06609797477722168,3.1942617893218994,1.001513957977295,4.81064707855694e-05,-5.663933753967285,0.19350458681583405,0.07011768966913223,-0.07499026507139206,-0.32609766721725464,0.939744770526886,0.3919663727283478,0.009686125442385674,-0.04002286493778229,-0.011508460156619549,-0.022217296063899994,-0.11429504305124283,2.4988656044006348,-0.8815446496009827,0.18253030890429092,-0.0953574425155459,-0.6767448915922043
-0.052988529205322266,3.1962013244628906,1.001397728919983,-0.0001098978755180724,-5.64390230178833,0.19350145757198334,0.0700213760137558,-0.07508112490177155,-0.32719507813453674,0.9393631815910339,0.3919121325016022,0.009676528163254261,-0.04002587869763374,-0.011616135016083717,-0.02225683070719242,-0.11441252380609512,2.505082845687866,-0.8863723874092102,0.1825200702726125,-0.0953801443069413,-0.6790825470449313
-0.048920512199401855,3.203092098236084,1.00136399269104,-0.00015575741417706013,-5.623873710632324,0.1934984177350998,0.06992491334676743,-0.07517214864492416,-0.328293114900589,0.9389798045158386,0.39185085892677307,0.009672040119767189,-0.04005641117691994,-0.011656709015369415,-0.02230541966855526,-0.11453583836555481,2.5112879276275635,-0.8912141919136047,0.1825100987917906,-0.09540320101228295,-0.6814226191742111
-0.04773974418640137,3.2057642936706543,1.0013847351074219,-0.00012688818969763815,-5.603847026824951,0.193495512008667,0.06982827931642532,-0.07526323944330215,-0.32939180731773376,0.9385948777198792,0.3917868733406067,0.009674083441495895,-0.040085211396217346,-0.011644573882222176,-0.022353235632181168,-0.11465702950954437,2.5174806118011475,-0.8960697054862976,0.1825002401872742,-0.09542643282226293,-0.6837649859267655
-0.048465728759765625,3.2081425189971924,1.001289963722229,-0.0002504800504539162,-5.583822727203369,0.1934930980205536,0.06973166763782501,-0.07535438239574432,-0.33049115538597107,0.938208281993866,0.39173004031181335,0.009666511788964272,-0.040085554122924805,-0.011737841181457043,-0.022376498207449913,-0.1147734746336937,2.523660898208618,-0.9009391665458679,0.18249087335101144,-0.095449683741335,-0.6861097332633735
-0.04514873027801514,3.208277702331543,1.001151204109192,-0.0002925002190750092,-5.563801288604736,0.19349060952663422,0.06963494420051575,-0.07544548064470291,-0.33159133791923523,0.93781977891922,0.3916759490966797,0.009668500162661076,-0.04007498547434807,-0.011767225340008736,-0.0223907008767128,-0.11488840728998184,2.5298290252685547,-0.9058226346969604,0.18248173412745294,-0.09547283251932104,-0.6884573392782349
-0.04029214382171631,3.2118263244628906,1.0010679960250854,-0.0002793340536300093,-5.5437846183776855,0.19348841905593872,0.06953826546669006,-0.07553648948669434,-0.33269202709198,0.9374297261238098,0.3916178047657013,0.009672904387116432,-0.04007970541715622,-0.011760660447180271,-0.022412637248635292,-0.11501273512840271,2.5359842777252197,-0.9107199311256409,0.18247300310394565,-0.09549574503098057,-0.6908069430201446
-0.03737986087799072,3.213080883026123,1.000708818435669,-0.00017535281949676573,-5.523770809173584,0.1934872269630432,0.06944185495376587,-0.07562756538391113,-0.3337937891483307,0.9370378255844116,0.39157265424728394,0.009684564545750618,-0.0400850847363472,-0.011688567698001862,-0.022396553307771683,-0.11512576043605804,2.5421273708343506,-0.915631115436554,0.1824652830848723,-0.09551845239041046,-0.6931598526529378
-0.024808645248413086,3.2099342346191406,1.0004504919052124,-0.00012047156633343548,-5.503758430480957,0.19348473846912384,0.06934507191181183,-0.07571856677532196,-0.3348955810070038,0.9366443753242493,0.39152324199676514,0.009691933169960976,-0.04009131342172623,-0.011635424569249153,-0.022408360615372658,-0.11524175107479095,2.548258066177368,-0.9205560684204102,0.18245718422072946,-0.09554133060220504,-0.6955138624381175
-0.015767216682434082,3.2208163738250732,1.0004123449325562,-9.525925270281732e-05,-5.483748435974121,0.19348271191120148,0.0692482739686966,-0.0758097693324089,-0.3359987139701843,0.9362490773200989,0.39146745204925537,0.009702654555439949,-0.04006333649158478,-0.011623077094554901,-0.02245442196726799,-0.11535803973674774,2.5543763637542725,-0.9254947900772095,0.18244966507891813,-0.09556439068014888,-0.6978717073448205
-0.014432072639465332,3.2210569381713867,1.000401496887207,-0.00017809782002586871,-5.463741302490234,0.19347967207431793,0.06915106624364853,-0.07590091228485107,-0.33710184693336487,0.9358522891998291,0.39140304923057556,0.009691458195447922,-0.040104664862155914,-0.011684007942676544,-0.02249864861369133,-0.11548687517642975,2.560481309890747,-0.9304474592208862,0.18244169592308956,-0.09558768025195818,-0.7002305641227043
-0.014052391052246094,3.2303528785705566,1.0000766515731812,-5.8357909438200295e-05,-5.443737983703613,0.19347824156284332,0.06905407458543777,-0.07599220424890518,-0.33820629119873047,0.9354533553123474,0.39135628938674927,0.009702046401798725,-0.04011375457048416,-0.011622877791523933,-0.022491609677672386,-0.11558692902326584,2.5665743350982666,-0.9354138970375061,0.18243476460849758,-0.09561090704102204,-0.7025934088370245
-0.002682805061340332,3.2235918045043945,1.00001060962677,-0.00010183209087699652,-5.423736572265625,0.1934768259525299,0.06895700842142105,-0.07608353346586227,-0.33931079506874084,0.9350530505180359,0.3913028836250305,0.009708330035209656,-0.04007457569241524,-0.01164855994284153,-0.02253083512187004,-0.11570684611797333,2.5726544857025146,-0.9403940439224243,0.18242805697232287,-0.09563429549185631,-0.7049573302480893
-0.0003713369369506836,3.2263948917388916,1.000011920928955,-0.00021362800907809287,-5.403738498687744,0.19347508251667023,0.06885971128940582,-0.07617489993572235,-0.3404163420200348,0.9346508979797363,0.391238808631897,0.00969554390758276,-0.04010830074548721,-0.01172682549804449,-0.022572992369532585,-0.11582738161087036,2.5787220001220703,-0.9453880190849304,0.18242140429501713,-0.09565776622779198,-0.7073245015032325
-0.0004172325134277344,3.231320381164551,0.9998286366462708,-0.0002396814525127411,-5.383741855621338,0.19347333908081055,0.06876233220100403,-0.07626619189977646,-0.34152188897132874,0.9342472553253174,0.3911855220794678,0.009693818166851997,-0.04011757671833038,-0.011752416379749775,-0.022582057863473892,-0.11594777554273605,2.5847768783569336,-0.9503957629203796,0.18241490670586902,-0.09568120997899943,-0.7096927040105212
0.005997717380523682,3.2342798709869385,0.9995657801628113,-8.875161438481882e-05,-5.363749027252197,0.19347286224365234,0.06866519898176193,-0.07635753601789474,-0.34262847900390625,0.9338415861129761,0.3911360800266266,0.009707011282444,-0.040131762623786926,-0.011657044291496277,-0.022582702338695526,-0.11606194823980331,2.5908188819885254,-0.9554173946380615,0.18240940339303974,-0.09570443345729762,-0.712064304373214
0.015197694301605225,3.229386329650879,0.9994499683380127,6.953826232347637e-05,-5.3437581062316895,0.19347192347049713,0.06856787204742432,-0.07644887268543243,-0.34373557567596436,0.9334343671798706,0.39108172059059143,0.009724033065140247,-0.040134456008672714,-0.011537114158272743,-0.02260936051607132,-0.11618269979953766,2.596848249435425,-0.9604526162147522,0.18240391834561287,-0.09572772882680503,-0.7144379432075146
0.019251108169555664,3.234956979751587,0.9995871186256409,-0.00020216123084537685,-5.323770523071289,0.19347040355205536,0.06847028434276581,-0.07654020935297012,-0.3448432981967926,0.9330254197120667,0.3910190165042877,0.009709913283586502,-0.040096480399370193,-0.01172485202550888,-0.022666217759251595,-0.1163141056895256,2.6028645038604736,-0.9655014276504517,0.18239837152201938,-0.09575113758094767,-0.7168139723966783
0.01445084810256958,3.2413597106933594,0.9989757537841797,8.96760102477856e-05,-5.303785800933838,0.1934695988893509,0.06837284564971924,-0.07663142681121826,-0.3459516763687134,0.9326146841049194,0.3909837603569031,0.009729953482747078,-0.04013640433549881,-0.011537233367562294,-0.022609293460845947,-0.1164204478263855,2.60886812210083,-0.9705641269683838,0.18239345686495637,-0.0957741436461097,-0.7191924794015567
0.03584861755371094,3.2398414611816406,0.999030590057373,5.192651315155672e-06,-5.2838029861450195,0.19346903264522552,0.0682753324508667,-0.07672274857759476,-0.34706056118011475,0.932202160358429,0.390922486782074,0.009724371135234833,-0.040140725672245026,-0.011599451303482056,-0.022665798664093018,-0.1165425032377243,2.614858627319336,-0.9756404757499695,0.18238891151510497,-0.09579734942390927,-0.7215732296541069
0.03392934799194336,3.241136312484741,0.9989827275276184,-8.495098154526204e-05,-5.263822555541992,0.1934688836336136,0.06817781180143356,-0.07681410014629364,-0.3481701910495758,0.93178790807724,0.3908693194389343,0.009724525734782219,-0.04010782390832901,-0.011663468554615974,-0.022695139050483704,-0.116659976541996,2.620836019515991,-0.9807303547859192,0.18238480175218677,-0.09582051745112152,-0.7239566157374027
0.03560453653335571,3.2412753105163574,0.9986947774887085,-1.959689507202711e-05,-5.2438459396362305,0.19346879422664642,0.06808026134967804,-0.07690535485744476,-0.3492802381515503,0.9313719868659973,0.3908241093158722,0.009730919264256954,-0.04011095315217972,-0.011617369949817657,-0.022686077281832695,-0.11676196753978729,2.626800775527954,-0.9858339428901672,0.18238097456255942,-0.09584349251151791,-0.7263419598060924
0.04568278789520264,3.2435479164123535,0.9987639784812927,-0.00010453669528942555,-5.22387170791626,0.1934691220521927,0.06798277795314789,-0.07699669897556305,-0.3503910303115845,0.9309542775154114,0.39076271653175354,0.009724851697683334,-0.04011683538556099,-0.011676447466015816,-0.022731147706508636,-0.116880401968956,2.6327521800994873,-0.9909510612487793,0.18237777649913106,-0.09586648593381497,-0.7287300027386808
0.04326075315475464,3.24359130859375,0.9984294176101685,1.06448533188086e-05,-5.203901767730713,0.19346994161605835,0.06788544356822968,-0.07708795368671417,-0.3515022099018097,0.9305347800254822,0.39072054624557495,0.00973667111247778,-0.04011870548129082,-0.011593036353588104,-0.022710848599672318,-0.11699124425649643,2.63869047164917,-0.9960817098617554,0.18237522254198282,-0.09588917792381513,-0.731120046675574
0.054970383644104004,3.243088960647583,0.99844890832901,-0.00015358952805399895,-5.183933258056641,0.19347044825553894,0.0677880048751831,-0.0771791860461235,-0.3526144027709961,0.9301135540008545,0.3906630277633667,0.009724732488393784,-0.04011962190270424,-0.011698221787810326,-0.022746635600924492,-0.11711035668849945,2.644615650177002,-1.0012263059616089,0.18237289125712564,-0.09591174426277593,-0.7335132257688488
0.05428820848464966,3.2474770545959473,0.9983025193214417,-0.00024384865537285805,-5.163968563079834,0.19347147643566132,0.06769078969955444,-0.07727028429508209,-0.3537267744541168,0.9296906590461731,0.3906099200248718,0.009713364765048027,-0.04015250504016876,-0.011761674657464027,-0.022751465439796448,-0.11723354458808899,2.6505274772644043,-1.006384253501892,0.18237127926317348,-0.09593390877869767,-0.7359079302400229
0.059411823749542236,3.246753692626953,0.9982309341430664,2.0022853277623653e-05,-5.144005298614502,0.1934715211391449,0.06759320199489594,-0.07736122608184814,-0.3548400104045868,0.9292657375335693,0.3905557096004486,0.009738633409142494,-0.040168821811676025,-0.01157044991850853,-0.02276427112519741,-0.11736652255058289,2.656426191329956,-1.011555790901184,0.18236934921691073,-0.09595592878815618,-0.7383056814597587
0.06191730499267578,3.2552568912506104,0.9979085326194763,-5.146677722223103e-06,-5.1240458488464355,0.19347228109836578,0.06749583035707474,-0.0774519294500351,-0.3559534549713135,0.928839385509491,0.39051520824432373,0.009737193584442139,-0.04016793519258499,-0.011602089740335941,-0.022739030420780182,-0.11746925115585327,2.662311553955078,-1.0167410373687744,0.18236799792609024,-0.09597734521284318,-0.7407048255238572
0.07320135831832886,3.253424644470215,0.9976251125335693,3.2743435440352187e-05,-5.10408878326416,0.1934729963541031,0.06739826500415802,-0.07754258811473846,-0.35706791281700134,0.928411066532135,0.3904753029346466,0.009745343588292599,-0.040156591683626175,-0.011580755934119225,-0.022731609642505646,-0.11758400499820709,2.6681840419769287,-1.0219396352767944,0.18236673222812882,-0.09599866188043493,-0.7431072842068224
0.08312106132507324,3.2561607360839844,0.9974963068962097,-0.00010657875100150704,-5.084135055541992,0.19347421824932098,0.06730083376169205,-0.07763316482305527,-0.35818251967430115,0.9279811382293701,0.39042699337005615,0.009733570739626884,-0.0401679202914238,-0.011687973514199257,-0.02275305800139904,-0.11770416796207428,2.6740427017211914,-1.0271519422531128,0.18236604044682847,-0.0960197378602945,-0.7455111919203016
0.08762925863265991,3.2554867267608643,0.9976052641868591,-0.0001951150770764798,-5.064183235168457,0.19347596168518066,0.06720337271690369,-0.07772381603717804,-0.35929805040359497,0.9275492429733276,0.39036861062049866,0.00972895510494709,-0.04017305746674538,-0.011753484606742859,-0.02280169539153576,-0.11783231794834137,2.6798884868621826,-1.0323777198791504,0.18236582377109314,-0.09604083068795344,-0.7479182835718751
0.08381575345993042,3.2546184062957764,0.9972434043884277,9.577565651852638e-05,-5.0442328453063965,0.19347712397575378,0.067105732858181,-0.07781420648097992,-0.36041387915611267,0.9271157383918762,0.39033249020576477,0.009757152758538723,-0.040178555995225906,-0.01155056618154049,-0.022773414850234985,-0.11794688552618027,2.685720443725586,-1.0376170873641968,0.1823654700290055,-0.09606154892887786,-0.7503270641803288
0.0964808464050293,3.2604820728302,0.9972357153892517,0.00011875177006004378,-5.024285316467285,0.1934790462255478,0.06700816005468369,-0.07790466398000717,-0.36153075098991394,0.9266802072525024,0.39028438925743103,0.009769018739461899,-0.04014819115400314,-0.011544518172740936,-0.02280455455183983,-0.11807166039943695,2.6915395259857178,-1.042870044708252,0.1823657797974863,-0.09608217384543938,-0.7527393019699959
0.09674996137619019,3.258146286010742,0.997076153755188,0.00020244732149876654,-5.004341125488281,0.19348077476024628,0.06691049039363861,-0.07799486070871353,-0.36264777183532715,0.9262431263923645,0.39024025201797485,0.009779087267816067,-0.040154241025447845,-0.011489951983094215,-0.022806527093052864,-0.11818794906139374,2.697345018386841,-1.0481363534927368,0.1823660870854754,-0.09610239179774682,-0.7551529164357506
0.10233461856842041,3.261570692062378,0.9970306158065796,4.716922921943478e-05,-4.984399318695068,0.19348226487636566,0.06681257486343384,-0.07808495312929153,-0.36376574635505676,0.9258041381835938,0.3901919424533844,0.009769544936716557,-0.04015352949500084,-0.01160840317606926,-0.022824594751000404,-0.11831049621105194,2.703136444091797,-1.0534162521362305,0.1823663220756467,-0.09612244568013328,-0.7575696983300143
0.10392844676971436,3.265310287475586,0.9965254664421082,0.0003029924409929663,-4.9644598960876465,0.19348451495170593,0.0667148008942604,-0.07817483693361282,-0.3648838400840759,0.9253634214401245,0.3901636600494385,0.009791240096092224,-0.04017757996916771,-0.011449567973613739,-0.022778501734137535,-0.11842062324285507,2.7089147567749023,-1.0587092638015747,0.18236706924670323,-0.09614202119893611,-0.7599879578197827
0.1216086745262146,3.262906789779663,0.9968827366828918,5.70703559787944e-06,-4.944522380828857,0.19348713755607605,0.06661693751811981,-0.07826479524374008,-0.3660028576850891,0.9249208569526672,0.39009764790534973,0.009768441319465637,-0.040189895778894424,-0.011664541438221931,-0.02286430262029171,-0.11855746805667877,2.714679718017578,-1.0640162229537964,0.18236815361208145,-0.09616164931054993,-0.762409332025492
0.1091042160987854,3.262752056121826,0.996559739112854,3.693576582008973e-05,-4.924588680267334,0.1934903860092163,0.06651922315359116,-0.07835458219051361,-0.3671225607395172,0.9244765639305115,0.39006325602531433,0.009774060919880867,-0.04019901528954506,-0.011649945750832558,-0.02283133566379547,-0.11867402493953705,2.720431089401245,-1.069336175918579,0.18236980187823468,-0.09618074320467485,-0.7648332471703081
0.12040913105010986,3.260951042175293,0.9964475631713867,0.00014148556510917842,-4.904655456542969,0.19349275529384613,0.06642118096351624,-0.07844404876232147,-0.36824262142181396,0.9240303039550781,0.3900207281112671,0.00978840235620737,-0.04020455479621887,-0.011575479991734028,-0.022835999727249146,-0.11879739165306091,2.7261688709259033,-1.0746697187423706,0.18237105947561,-0.09619945742571301,-0.7672592390473707
0.12433528900146484,3.268355131149292,0.996239423751831,0.0002781417570076883,-4.884726047515869,0.19349561631679535,0.06632319837808609,-0.07853338122367859,-0.3693634867668152,0.9235821962356567,0.38998496532440186,0.009807677939534187,-0.04019657522439957,-0.01149560883641243,-0.02282676100730896,-0.1189199835062027,2.7318930625915527,-1.0800167322158813,0.18237276747325792,-0.09621774993784915,-0.7696880954628408
0.13162016868591309,3.2674343585968018,0.9962537288665771,0.00012590248661581427,-4.8647990226745605,0.1934991329908371,0.0662253201007843,-0.07862253487110138,-0.3704849183559418,0.9231324791908264,0.38993749022483826,0.009796058759093285,-0.040213167667388916,-0.011613721027970314,-0.022848501801490784,-0.11903443187475204,2.7376036643981934,-1.0853770971298218,0.18237491917061818,-0.09623554704273318,-0.7721191891491855
0.1311194896697998,3.265397548675537,0.9960076808929443,8.212227112380788e-05,-4.844874382019043,0.1935022473335266,0.0661272257566452,-0.07871147990226746,-0.3716069459915161,0.9226807355880737,0.389903724193573,0.009797249920666218,-0.04021572694182396,-0.011648433282971382,-0.02282864786684513,-0.11914810538291931,2.743300676345825,-1.090750813484192,0.18237698462773835,-0.09625303795440665,-0.7745528829471188
0.13973116874694824,3.269787549972534,0.9959572553634644,-3.112413105554879e-05,-4.824952602386475,0.19350622594356537,0.06602932512760162,-0.0788002610206604,-0.3727293908596039,0.9222273230552673,0.3898628056049347,0.009794926270842552,-0.040210187435150146,-0.01173936016857624,-0.022842736914753914,-0.11927986145019531,2.748983860015869,-1.0961378812789917,0.18237967652972328,-0.09627002262362616,-0.7769885953271936
0.14149606227874756,3.266403913497925,0.9962112307548523,-9.201820648740977e-05,-4.805033206939697,0.1935097575187683,0.06593123823404312,-0.07888877391815186,-0.3738529086112976,0.9217720627784729,0.3898068964481354,0.009795615449547768,-0.04022074490785599,-0.011782080866396427,-0.02288700081408024,-0.11941412091255188,2.7546536922454834,-1.1015383005142212,0.18238226144614253,-0.09628646679790798,-0.7794276473042568
0.13260692358016968,3.2709758281707764,0.995659589767456,0.00018711574375629425,-4.7851176261901855,0.19351352751255035,0.06583324819803238,-0.0789768174290657,-0.37497633695602417,0.92131507396698,0.38979363441467285,0.009833000600337982,-0.04017597436904907,-0.011598008684813976,-0.022803708910942078,-0.11951064318418503,2.7603096961975098,-1.1069520711898804,0.1823850577897855,-0.09630202032430435,-0.7818677697356017
0.15191435813903809,3.271385908126831,0.9955207705497742,0.0003202414372935891,-4.76520299911499,0.19351713359355927,0.0657350942492485,-0.07906460016965866,-0.3761007487773895,0.9208559989929199,0.38975849747657776,0.009851628914475441,-0.04018203169107437,-0.01151534914970398,-0.022803504019975662,-0.11963659524917603,2.76595139503479,-1.1123790740966797,0.18238783675363607,-0.09631705284220815,-0.7843112590990213
0.15677303075790405,3.2742414474487305,0.9956113696098328,8.504846482537687e-05,-4.745290279388428,0.19352012872695923,0.06563661992549896,-0.07915214449167252,-0.37722519040107727,0.9203954935073853,0.38971370458602905,0.009837085381150246,-0.04018200933933258,-0.01169481873512268,-0.022832117974758148,-0.1197546198964119,2.7715795040130615,-1.1178195476531982,0.18239017257376594,-0.09633190899971966,-0.7867558562877139
0.15360206365585327,3.279899835586548,0.9954448342323303,0.00022090424317866564,-4.725380897521973,0.19352462887763977,0.06553836911916733,-0.07923950999975204,-0.3783508837223053,0.9199327826499939,0.3896813690662384,0.009856022894382477,-0.04018322378396988,-0.011628873646259308,-0.022814199328422546,-0.11987121403217316,2.777194023132324,-1.123273253440857,0.18239329486174335,-0.09634604350649534,-0.789204438219839
0.15943080186843872,3.2725601196289062,0.9953131079673767,0.00035395630402490497,-4.705473899841309,0.1935291439294815,0.0654401034116745,-0.07932648807764053,-0.3794764280319214,0.9194685220718384,0.38964831829071045,0.009874992072582245,-0.04018512740731239,-0.011542538180947304,-0.022804824635386467,-0.11998814344406128,2.782794713973999,-1.1287400722503662,0.18239643896098423,-0.09635953102658545,-0.7916538725285739
0.16404122114181519,3.274155855178833,0.9953405857086182,0.00013098106137476861,-4.685568332672119,0.1935332715511322,0.06534158438444138,-0.07941324263811111,-0.38060319423675537,0.9190022945404053,0.3896086513996124,0.009862331673502922,-0.040184274315834045,-0.011706488206982613,-0.02281595766544342,-0.12009796500205994,2.788381576538086,-1.1342202425003052,0.1823994027334231,-0.09637258373331825,-0.7941070401569147
0.16307950019836426,3.2782413959503174,0.9951655864715576,0.00012052190868416801,-4.6656646728515625,0.1935378611087799,0.0652432069182396,-0.07949962466955185,-0.3817296624183655,0.9185344576835632,0.3895789384841919,0.009868498891592026,-0.04018331319093704,-0.01173094380646944,-0.022793764248490334,-0.12021256983280182,2.793954372406006,-1.1397137641906738,0.1824026931278155,-0.09638492678648625,-0.7965608451880978
0.1692044734954834,3.27713680267334,0.995053768157959,0.00024573405971750617,-4.645764350891113,0.19354280829429626,0.06514478474855423,-0.0795857384800911,-0.38285714387893677,0.9180645942687988,0.3895473778247833,0.009887546300888062,-0.04018518701195717,-0.011654749512672424,-0.022784056141972542,-0.12032883614301682,2.799513101577759,-1.145220398902893,0.18240615629595788,-0.0963966341190381,-0.7990180477417361
0.17311811447143555,3.2765846252441406,0.9948995113372803,0.0002113382943207398,-4.625865459442139,0.19354745745658875,0.0650462657213211,-0.07967148721218109,-0.38398462533950806,0.9175931215286255,0.3895186483860016,0.009893224574625492,-0.04018466919660568,-0.011686150915920734,-0.022772658616304398,-0.12045596539974213,2.8050575256347656,-1.1507402658462524,0.1824095142331688,-0.09640776937796969,-0.8014764404148854
0.17851710319519043,3.2800240516662598,0.9948757290840149,-2.4081964511424303e-06,-4.6059675216674805,0.19355188310146332,0.06494750827550888,-0.07975693792104721,-0.3851131498813629,0.9171196222305298,0.3894844949245453,0.009883183985948563,-0.04018433019518852,-0.011849107220768929,-0.022781871259212494,-0.12058486044406891,2.8105878829956055,-1.1562734842300415,0.18241266183971167,-0.09641836018017447,-0.8039382827278561
0.17934948205947876,3.2830591201782227,0.9946144223213196,0.0003796556266024709,-4.586073398590088,0.19355647265911102,0.06484873592853546,-0.07984206825494766,-0.38624152541160583,0.9166445136070251,0.3894592225551605,0.009917601943016052,-0.04022165760397911,-0.01160374004393816,-0.02275209128856659,-0.12068314850330353,2.8161046504974365,-1.1618196964263916,0.18241588340936687,-0.09642842759228265,-0.8064010592978346
0.1884952187538147,3.2837352752685547,0.9946174621582031,0.00018748741422314197,-4.566180229187012,0.1935615837574005,0.06474989652633667,-0.07992709428071976,-0.38737115263938904,0.9161673784255981,0.38942602276802063,0.00990881398320198,-0.040222957730293274,-0.011756389401853085,-0.022770602256059647,-0.12080168724060059,2.8216073513031006,-1.1673790216445923,0.18241936245568102,-0.09643812678240149,-0.808867717983088
0.18838882446289062,3.2821590900421143,0.9946914911270142,-5.507661262527108e-05,-4.546289443969727,0.19356778264045715,0.06465129554271698,-0.08001195639371872,-0.3885003626346588,0.915688693523407,0.38938984274864197,0.009895596653223038,-0.04022281616926193,-0.01193663664162159,-0.022792335599660873,-0.12092341482639313,2.8270957469940186,-1.172951579093933,0.18242348434518987,-0.09644744023376295,-0.8113348151129339
0.1857978105545044,3.276965618133545,0.9946148991584778,3.500143066048622e-05,-4.526401519775391,0.19357281923294067,0.06455233693122864,-0.08009642362594604,-0.38963091373443604,0.9152078032493591,0.389362096786499,0.009914731606841087,-0.04021413251757622,-0.011868276633322239,-0.022782577201724052,-0.12103384733200073,2.8325700759887695,-1.178537368774414,0.18242713481254627,-0.09645606850151367,-0.8138060426375607
0.1884785294532776,3.2855029106140137,0.9944391846656799,-8.975760283647105e-05,-4.506515026092529,0.1935783177614212,0.06445351988077164,-0.0801805779337883,-0.3907611668109894,0.9147253036499023,0.3893381655216217,0.00991065613925457,-0.040217701345682144,-0.011970581486821175,-0.02276202291250229,-0.12114317715167999,2.838029623031616,-1.1841360330581665,0.1824311420178612,-0.09646409128568756,-0.8162779502587
0.1946285367012024,3.2842001914978027,0.9942469596862793,0.00029196502873674035,-4.486629486083984,0.19358333945274353,0.06435444951057434,-0.08026444911956787,-0.3918924331665039,0.9142408967018127,0.3893163800239563,0.009951872751116753,-0.04022920876741409,-0.011712510138750076,-0.022744406014680862,-0.12125049531459808,2.843475580215454,-1.1897480487823486,0.1824348871177789,-0.09647161310208507,-0.8187531812231676
0.2013564109802246,3.288623571395874,0.9942805767059326,9.728767327032983e-05,-4.466746807098389,0.19358861446380615,0.06425531208515167,-0.08034808933734894,-0.3930235207080841,0.9137547016143799,0.38928571343421936,0.009943954646587372,-0.04022569581866264,-0.011865770444273949,-0.022765357047319412,-0.12136626243591309,2.848907232284546,-1.1953729391098022,0.18243870796788783,-0.09647882322858936,-0.8212294752920651
0.2001798152923584,3.2886133193969727,0.994117021560669,7.850505062378943e-05,-4.446866512298584,0.19359531998634338,0.06415646523237228,-0.08043162524700165,-0.39415547251701355,0.9132665991783142,0.38926392793655396,0.009949896484613419,-0.0402345135807991,-0.011894275434315205,-0.022755460813641548,-0.12148123979568481,2.8543243408203125,-1.2010111808776855,0.1824434000163443,-0.09648545195335578,-0.8237088722575437
0.20590424537658691,3.2812509536743164,0.9940943121910095,0.0001414443540852517,-4.426985740661621,0.1935999095439911,0.06405694037675858,-0.08051478117704391,-0.3952873647212982,0.9127768874168396,0.38923996686935425,0.009969496168196201,-0.04021148383617401,-0.011841458268463612,-0.022767627611756325,-0.12159262597560883,2.859727621078491,-1.2066624164581299,0.18244689283854804,-0.09649196124022597,-0.8261893738540271
0.20669907331466675,3.295588493347168,0.9940202832221985,9.83041463769041e-05,-4.407106399536133,0.19360464811325073,0.06395722180604935,-0.08059772104024887,-0.39642009139060974,0.9122852087020874,0.3892166316509247,0.009974428452551365,-0.040212471038103104,-0.01189924031496048,-0.022771185263991356,-0.12170535326004028,2.8651156425476074,-1.2123265266418457,0.18245029046506994,-0.09649808344406807,-0.8286729482090145
0.20929008722305298,3.296304702758789,0.9938847422599792,8.110572525765747e-05,-4.387228965759277,0.19360902905464172,0.06385712325572968,-0.08068033307790756,-0.3975529670715332,0.9117918610572815,0.38919588923454285,0.00997857004404068,-0.04022718220949173,-0.011939133517444134,-0.022767238318920135,-0.12181015312671661,2.8704895973205566,-1.2180038690567017,0.18245308908889968,-0.09650390343389192,-0.83115807909248
0.21403402090072632,3.300130844116211,0.9940140247344971,0.0003303338307887316,-4.367354869842529,0.19361530244350433,0.06375734508037567,-0.08076293766498566,-0.39868661761283875,0.9112964868545532,0.38916704058647156,0.01001378707587719,-0.04021319001913071,-0.01179644837975502,-0.022801052778959274,-0.12193167209625244,2.8758492469787598,-1.2236943244934082,0.18245690952821192,-0.09650931196412604,-0.8336462798493015
0.20950913429260254,3.2900755405426025,0.9937812089920044,0.00020346324890851974,-4.347480297088623,0.19362051784992218,0.06365711241960526,-0.0808451697230339,-0.39982032775878906,0.9107993245124817,0.38915175199508667,0.01000911183655262,-0.04022899270057678,-0.01189077366143465,-0.0227791890501976,-0.12204170227050781,2.881194591522217,-1.2293976545333862,0.1824599793789097,-0.09651441843150521,-0.8361359685752457
0.2176576852798462,3.2979321479797363,0.9936253428459167,0.00026264245389029384,-4.32760763168335,0.19362714886665344,0.06355708092451096,-0.08092744648456573,-0.4009549915790558,0.9103000164031982,0.3891368508338928,0.010024835355579853,-0.04022467881441116,-0.011870335787534714,-0.022777143865823746,-0.1221495047211647,2.8865251541137695,-1.2351137399673462,0.18246392101452577,-0.09651926726264715,-0.8386291677718292
0.22311300039291382,3.290661573410034,0.9935287833213806,0.0001997621584450826,-4.307735919952393,0.19363263249397278,0.06345664709806442,-0.08100942522287369,-0.40208953619003296,0.9097992181777954,0.3891235291957855,0.010036690160632133,-0.04018833488225937,-0.011911146342754364,-0.022790631279349327,-0.12226821482181549,2.891841411590576,-1.2408429384231567,0.1824672024392928,-0.0965239406084808,-0.841123308490136
0.22649258375167847,3.2989959716796875,0.9935963749885559,0.00032548559829592705,-4.28786563873291,0.1936381310224533,0.0633559450507164,-0.08109141141176224,-0.4032253324985504,0.9092960953712463,0.38909971714019775,0.010058789514005184,-0.040194060653448105,-0.011839519254863262,-0.022825878113508224,-0.12238998711109161,2.8971428871154785,-1.2465851306915283,0.1824705098156774,-0.0965286133747616,-0.8436216430085117
0.2241268754005432,3.300351619720459,0.9937416911125183,1.613414497114718e-05,-4.267996788024902,0.19364435970783234,0.06325533986091614,-0.08117321878671646,-0.40436065196990967,0.9087915420532227,0.38907304406166077,0.010041525587439537,-0.04019257426261902,-0.012071821838617325,-0.022862713783979416,-0.12250974029302597,2.902430295944214,-1.25234055519104,0.18247414594937436,-0.09653299069308141,-0.8461202572664966
0.21904081106185913,3.297267198562622,0.993451714515686,0.00015676119073759764,-4.248127460479736,0.19365030527114868,0.06315452605485916,-0.08125489205121994,-0.40549710392951965,0.9082847833633423,0.3890673816204071,0.010065075010061264,-0.04019378498196602,-0.011980095878243446,-0.02283104509115219,-0.12262336909770966,2.907702684402466,-1.2581088542938232,0.18247777196928744,-0.09653708405767869,-0.8486227292051262
0.22918999195098877,3.300316572189331,0.9931473731994629,0.000358388148015365,-4.228260040283203,0.19365566968917847,0.0630534365773201,-0.08133624494075775,-0.4066333472728729,0.9077763557434082,0.3890645503997803,0.010092385113239288,-0.04019457846879959,-0.011850142851471901,-0.022810854017734528,-0.12271861732006073,2.9129602909088135,-1.2638897895812988,0.18248098241199628,-0.09654088118562143,-0.851126139988271
0.23984193801879883,3.3052682876586914,0.9930989146232605,0.0003112166887149215,-4.20839262008667,0.19366054236888885,0.06295186281204224,-0.08141762018203735,-0.40777072310447693,0.9072657823562622,0.38904860615730286,0.01009311806410551,-0.04022674635052681,-0.011904016137123108,-0.02284000813961029,-0.12282510101795197,2.918203353881836,-1.269683599472046,0.1824837985090231,-0.09654490673712912,-0.853633395637676
0.24153798818588257,3.3097801208496094,0.9934459924697876,0.00016477861208841205,-4.188525199890137,0.19366545975208282,0.06284996122121811,-0.08149896562099457,-0.40890783071517944,0.9067535996437073,0.38901713490486145,0.01008964516222477,-0.040236540138721466,-0.012032967060804367,-0.02291765809059143,-0.1229482889175415,2.923431873321533,-1.275490641593933,0.18248633393026742,-0.09654921899201985,-0.8561414996591422
0.22939026355743408,3.3110620975494385,0.993377685546875,0.00012220557255204767,-4.168659210205078,0.1936711221933365,0.06274793297052383,-0.08158020675182343,-0.41004592180252075,0.9062392711639404,0.3890095055103302,0.010103774257004261,-0.040201228111982346,-0.012089056894183159,-0.022917117923498154,-0.1230701208114624,2.928645133972168,-1.2813104391098022,0.1824890174076853,-0.09655326532623376,-0.8586531639106278
0.231781005859375,3.307990789413452,0.9930890202522278,0.0003345588338561356,-4.148794651031494,0.19367606937885284,0.06264559179544449,-0.08166105300188065,-0.4111838936805725,0.9057232141494751,0.3890104293823242,0.010133818723261356,-0.040201134979724884,-0.01195753924548626,-0.02288798615336418,-0.12318088114261627,2.9338440895080566,-1.287143349647522,0.1824911668642799,-0.09655689901658171,-0.8611659798994215
0.2418842911720276,3.3138225078582764,0.9930572509765625,0.00028535586898215115,-4.128931045532227,0.19368210434913635,0.06254325062036514,-0.08174186944961548,-0.41232284903526306,0.9052051901817322,0.38900113105773926,0.01013987883925438,-0.04020332545042038,-0.012018587440252304,-0.022906459867954254,-0.12329189479351044,2.939028263092041,-1.2929890155792236,0.18249371748951485,-0.09656029328162608,-0.8636822298502991
0.2429962158203125,3.3086159229278564,0.9932655096054077,9.178195614367723e-05,-4.109067440032959,0.19368767738342285,0.062440596520900726,-0.08182252198457718,-0.41346171498298645,0.9046853184700012,0.38897886872291565,0.01013035885989666,-0.04023124277591705,-0.012163132429122925,-0.022953998297452927,-0.12342332303524017,2.944197416305542,-1.2988474369049072,0.18249595198727728,-0.09656368796730352,-0.8661998416875653
0.23570716381072998,3.312798023223877,0.9932957887649536,8.335137681569904e-05,-4.089205265045166,0.19369305670261383,0.0623377300798893,-0.081902876496315,-0.4146014451980591,0.9041634798049927,0.3889669179916382,0.010138357058167458,-0.04024781659245491,-0.012185354717075825,-0.022959019988775253,-0.12354011088609695,2.9493520259857178,-1.3047186136245728,0.18249797326950976,-0.09656656294835919,-0.8687206207190925
0.23464739322662354,3.3154072761535645,0.9933065176010132,7.17609073035419e-05,-4.069343090057373,0.19369842112064362,0.06223473325371742,-0.08198291808366776,-0.4157412350177765,0.9036397337913513,0.38895925879478455,0.010151096619665623,-0.04023845121264458,-0.012211221270263195,-0.02295609563589096,-0.12366463989019394,2.9544918537139893,-1.3106027841567993,0.18249989422943427,-0.09656898758243493,-0.8712430617473351
0.23427188396453857,3.3169443607330322,0.9931947588920593,4.2134750401601195e-05,-4.049483299255371,0.19370430707931519,0.06213179603219032,-0.08206260204315186,-0.41688159108161926,0.9031140208244324,0.38895854353904724,0.010161085054278374,-0.0402291938662529,-0.012249961495399475,-0.02293224073946476,-0.1237759217619896,2.9596166610717773,-1.3164998292922974,0.1825020358032907,-0.09657061684019208,-0.8737681288723921
0.23818343877792358,3.3151562213897705,0.9930219054222107,8.167714258888736e-05,-4.029623508453369,0.19370967149734497,0.062028683722019196,-0.08214180916547775,-0.4180219769477844,0.9025866389274597,0.3889610469341278,0.010175196453928947,-0.04023519530892372,-0.012232160195708275,-0.02290574088692665,-0.12389254570007324,2.964726448059082,-1.3224098682403564,0.18250380219384327,-0.09657154292547387,-0.8762945747011646
0.24423331022262573,3.3197288513183594,0.9929233193397522,0.00017561131971888244,-4.009765148162842,0.1937161087989807,0.061925776302814484,-0.0822208821773529,-0.41916295886039734,0.9020571708679199,0.3889631927013397,0.010195275768637657,-0.04023103415966034,-0.012182844802737236,-0.022894740104675293,-0.12399935722351074,2.9698216915130615,-1.3283323049545288,0.1825062623996743,-0.09657194596040775,-0.8788238572579616
0.2476838231086731,3.3145174980163574,0.9927250742912292,0.0003894443216267973,-3.9899065494537354,0.19372130930423737,0.06182243302464485,-0.0822996124625206,-0.4203043580055237,0.9015257954597473,0.3889698386192322,0.010224811732769012,-0.040245335549116135,-0.012032455764710903,-0.022877437993884087,-0.12411996722221375,2.9749014377593994,-1.3342678546905518,0.18250804041554153,-0.09657203266822689,-0.8813554551018892
0.2546223998069763,3.3234095573425293,0.9929182529449463,0.00032308066147379577,-3.9700474739074707,0.19372595846652985,0.06171872466802597,-0.08237815648317337,-0.4214461147785187,0.9009926915168762,0.3889615833759308,0.010231537744402885,-0.04024473577737808,-0.012094711884856224,-0.022918201982975006,-0.12424454092979431,2.979966402053833,-1.3402163982391357,0.18250936016396244,-0.09657203624604493,-0.8838891433878662
0.24786114692687988,3.3282973766326904,0.9928833842277527,0.00032805762020871043,-3.9501888751983643,0.19373108446598053,0.06161494553089142,-0.08245646953582764,-0.42258837819099426,0.9004573225975037,0.3889642357826233,0.010244534350931644,-0.04024336487054825,-0.012116346508264542,-0.02291570045053959,-0.1243690624833107,2.985015630722046,-1.3461776971817017,0.18251082508567085,-0.09657159890128697,-0.8864256508558801
0.249081552028656,3.326918840408325,0.9927640557289124,0.00011108963371952996,-3.930330514907837,0.19373701512813568,0.06151127070188522,-0.08253459632396698,-0.4237308204174042,0.8999201655387878,0.3889722228050232,0.010235367342829704,-0.0402422696352005,-0.012286476790904999,-0.02289966121315956,-0.12446673959493637,2.9900505542755127,-1.35215163230896,0.18251268620655497,-0.09657071241000348,-0.8889639900884405
0.2532580494880676,3.3234097957611084,0.9928857088088989,0.00018075693515129387,-3.910473108291626,0.19374243915081024,0.06140735372900963,-0.08261247724294662,-0.4248736798763275,0.8993812799453735,0.3889705538749695,0.010253749787807465,-0.04024830088019371,-0.012240465730428696,-0.02292041853070259,-0.12459207326173782,2.995069980621338,-1.3581384420394897,0.18251425617077616,-0.09656951886297205,-0.8915045265142695
0.2490001916885376,3.3278679847717285,0.9929744005203247,2.096552270813845e-05,-3.8906147480010986,0.19374622404575348,0.06130284070968628,-0.08268985897302628,-0.42601677775382996,0.8988403081893921,0.38897231221199036,0.010253345593810081,-0.04023701697587967,-0.012362362816929817,-0.022925332188606262,-0.12470589578151703,3.0000743865966797,-1.3641380071640015,0.18251474892455347,-0.09656791268775167,-0.8940471976460864
0.24589598178863525,3.339447259902954,0.9927352666854858,0.00031889203819446266,-3.8707573413848877,0.19375135004520416,0.06119851395487785,-0.08276692777872086,-0.4271606206893921,0.8982973098754883,0.3889930844306946,0.010296626016497612,-0.04020782932639122,-0.012190149165689945,-0.02288104221224785,-0.12481749057769775,3.005063533782959,-1.3701504468917847,0.18251572342623942,-0.09656544575089931,-0.8965929123071278
0.2542656660079956,3.3328750133514404,0.9926652312278748,0.0005922946147620678,-3.8508999347686768,0.19375646114349365,0.06109407916665077,-0.08284369856119156,-0.4283043444156647,0.8977526426315308,0.3890031576156616,0.010329264216125011,-0.04023042321205139,-0.012014782056212425,-0.022871796041727066,-0.12493244558572769,3.010037660598755,-1.3761755228042603,0.18251658040323823,-0.0965625747579093,-0.8991398084975042
0.25671690702438354,3.334439516067505,0.9929288625717163,0.00031452023540623486,-3.831042766571045,0.1937616616487503,0.06098950281739235,-0.08292021602392197,-0.4294486939907074,0.8972058296203613,0.3889997601509094,0.01031683012843132,-0.04023673012852669,-0.012222161516547203,-0.02290976420044899,-0.12506526708602905,3.0149967670440674,-1.3822135925292969,0.1825174013532719,-0.09655925948348254,-0.9016896554021964
0.2474898099899292,3.3353583812713623,0.9929400682449341,0.00014123134315013885,-3.811184883117676,0.19376561045646667,0.06088448688387871,-0.08299620449542999,-0.4305931329727173,0.8966572284698486,0.3890088200569153,0.010312525555491447,-0.040241118520498276,-0.012355279177427292,-0.022895587608218193,-0.12518271803855896,3.0199403762817383,-1.3882641792297363,0.18251732935242734,-0.09655537706713502,-0.9042411209328995
0.24709761142730713,3.3445723056793213,0.9928802847862244,-2.2698513930663466e-05,-3.7913286685943604,0.19377125799655914,0.060779791325330734,-0.08307193964719772,-0.43173837661743164,0.896106481552124,0.38902369141578674,0.010309473611414433,-0.0402347594499588,-0.012500830926001072,-0.022868923842906952,-0.12528572976589203,3.0248687267303467,-1.3943275213241577,0.18251804695900695,-0.09655060982177788,-0.9067958694550146
0.24919003248214722,3.3357419967651367,0.9929001927375793,0.0001383906346745789,-3.771472215652466,0.1937759965658188,0.06067490577697754,-0.08314711600542068,-0.43288353085517883,0.8955540060997009,0.3890361785888672,0.010336842387914658,-0.040235329419374466,-0.012390180490911007,-0.022855959832668304,-0.12540607154369354,3.0297818183898926,-1.400403618812561,0.18251827375662394,-0.0965450411640778,-0.9093518664936339
0.2484932541847229,3.3427376747131348,0.9927443861961365,5.1827606512233615e-05,-3.751615285873413,0.19378119707107544,0.06057005748152733,-0.08322197943925858,-0.43402916193008423,0.8949994444847107,0.38906174898147583,0.01034676842391491,-0.04019678011536598,-0.012465715408325195,-0.022818082943558693,-0.1255050152540207,3.034679651260376,-1.4064925909042358,0.18251870929489475,-0.0965387959715105,-0.9119104997263561
0.2539464831352234,3.3414132595062256,0.9927207231521606,0.0003139716573059559,-3.7317588329315186,0.19378602504730225,0.060465093702077866,-0.08329644054174423,-0.43517473340034485,0.8944430351257324,0.38907548785209656,0.010375559329986572,-0.04023735225200653,-0.012290894985198975,-0.022807635366916656,-0.12561887502670288,3.0395617485046387,-1.4125943183898926,0.18251894558514875,-0.09653195850970198,-0.9144705818772827
0.25477468967437744,3.3451685905456543,0.9928707480430603,0.00022553608869202435,-3.7119011878967285,0.1937900334596634,0.060359735041856766,-0.08337057381868362,-0.4363212287425995,0.8938845992088318,0.3890857994556427,0.010381150059401989,-0.040240511298179626,-0.012363756075501442,-0.022823713719844818,-0.12575237452983856,3.044428586959839,-1.4187086820602417,0.18251858966575016,-0.09652470896699294,-0.9170340497467648
0.2495238184928894,3.3517684936523438,0.992822527885437,-2.0414183381944895e-05,-3.6920440196990967,0.19379456341266632,0.06025444716215134,-0.08344431966543198,-0.43746769428253174,0.8933243751525879,0.3891088366508484,0.010375062003731728,-0.040213435888290405,-0.012559004127979279,-0.022804012522101402,-0.1258627474308014,3.0492801666259766,-1.4248356819152832,0.1825183644064933,-0.09651672377596454,-0.919598978433828
0.2512115240097046,3.350215435028076,0.9929560422897339,0.0003264217230025679,-3.6721863746643066,0.19379867613315582,0.06014888361096382,-0.0835176631808281,-0.4386146664619446,0.8927620053291321,0.3891206979751587,0.010416358709335327,-0.04023485630750656,-0.012331213802099228,-0.022809892892837524,-0.12598997354507446,3.0541160106658936,-1.430975317955017,0.18251771146140439,-0.09650817669724154,-0.9221666459382037
0.24653851985931396,3.354376792907715,0.9931915402412415,6.791402120143175e-05,-3.652329206466675,0.19380325078964233,0.06004340574145317,-0.08359062671661377,-0.4397616684436798,0.892197847366333,0.3891305923461914,0.01040731742978096,-0.04022561386227608,-0.012531189247965813,-0.022822074592113495,-0.1261138617992401,3.058936595916748,-1.4371275901794434,0.18251721746717325,-0.09649888195839051,-0.9247358906258635
0.23829609155654907,3.3531687259674072,0.9927616119384766,0.00030598524608649313,-3.6324706077575684,0.19380724430084229,0.05993761494755745,-0.08366305381059647,-0.4409095346927643,0.8916314244270325,0.3891727030277252,0.010442100465297699,-0.040218252688646317,-0.012378476560115814,-0.022736260667443275,-0.1262197196483612,3.063741445541382,-1.4432927370071411,0.1825161297741533,-0.0964887493146922,-0.927308600406126
0.2533435821533203,3.3583340644836426,0.9930716156959534,-7.823310443200171e-05,-3.612611770629883,0.19381067156791687,0.05983159691095352,-0.08373502641916275,-0.4420571029186249,0.8910634517669678,0.3891822099685669,0.010422531515359879,-0.04020969942212105,-0.012665134854614735,-0.02277613803744316,-0.12635447084903717,3.0685300827026367,-1.4494705200195312,0.18251451909874372,-0.0964780854837135,-0.9298820784732631
0.24249345064163208,3.3635220527648926,0.992813229560852,0.00031011743703857064,-3.59275221824646,0.1938149780035019,0.05972559377551079,-0.08380673825740814,-0.44320592284202576,0.8904929161071777,0.38921746611595154,0.010467343032360077,-0.04022114723920822,-0.012423673644661903,-0.022721977904438972,-0.1264553964138031,3.0733039379119873,-1.4556608200073242,0.18251320591454648,-0.09646670255304146,-0.9324600481850056
0.2515369653701782,3.3598597049713135,0.9929273128509521,0.00021895335521548986,-3.572892427444458,0.19381871819496155,0.059619344770908356,-0.08387801051139832,-0.4443540573120117,0.8899210095405579,0.38923946022987366,0.01047438569366932,-0.04020663723349571,-0.012498898431658745,-0.02273646369576454,-0.12657158076763153,3.0780622959136963,-1.4618638753890991,0.18251130704643886,-0.09645491258688188,-0.9350379446287497
0.2475440502166748,3.3649818897247314,0.9930550456047058,1.1432974133640528e-05,-3.553032159805298,0.19382324814796448,0.05951313301920891,-0.08394917100667953,-0.4455031752586365,0.8893466591835022,0.38926011323928833,0.010468848049640656,-0.040203019976615906,-0.012663437984883785,-0.022747837007045746,-0.12668323516845703,3.0828049182891846,-1.4680794477462769,0.18250985071145703,-0.09644270179362002,-0.9376197863936937
0.24307340383529663,3.3618078231811523,0.9929644465446472,0.00022336962865665555,-3.533170223236084,0.19382697343826294,0.05940664932131767,-0.08401989191770554,-0.44665199518203735,0.8887707591056824,0.389291912317276,0.01050061546266079,-0.0402044877409935,-0.012521332129836082,-0.022726304829120636,-0.12679770588874817,3.087531566619873,-1.4743075370788574,0.18250779725531163,-0.09643003026995745,-0.9402024146860857
0.2462443709373474,3.3683600425720215,0.9931038022041321,0.0001352925319224596,-3.513307809829712,0.1938309520483017,0.05930005759000778,-0.08409038931131363,-0.447801798582077,0.8881924748420715,0.38931411504745483,0.01050603948533535,-0.040203988552093506,-0.012598905712366104,-0.022743139415979385,-0.12691468000411987,3.09224271774292,-1.48054838180542,0.18250581006258237,-0.09641687166606894,-0.9427889187281767
0.2413669228553772,3.3685121536254883,0.9932824969291687,-6.17366167716682e-05,-3.4934444427490234,0.19383497536182404,0.05919342488050461,-0.08416064828634262,-0.44895118474960327,0.8876124024391174,0.3893347382545471,0.010501241311430931,-0.04020370543003082,-0.012747303582727909,-0.022758733481168747,-0.12703125178813934,3.096937417984009,-1.4868015050888062,0.18250386569835123,-0.09640342477771102,-0.9453762660145418
0.23511260747909546,3.3699052333831787,0.9934123158454895,-2.4318520445376635e-05,-3.4735803604125977,0.19383935630321503,0.059086792171001434,-0.08423067629337311,-0.45010143518447876,0.8870301246643066,0.3893583118915558,0.010517697781324387,-0.04020547866821289,-0.012729957699775696,-0.022758644074201584,-0.12714457511901855,3.101616621017456,-1.4930675029754639,0.1825021317671716,-0.09638940226714676,-0.947967120995064
0.23056894540786743,3.369347333908081,0.9931865334510803,0.0002192788087995723,-3.4537153244018555,0.1938423365354538,0.05897980555891991,-0.08430006355047226,-0.4512515664100647,0.8864461183547974,0.38939929008483887,0.010551000013947487,-0.04021010547876358,-0.012562314048409462,-0.022709116339683533,-0.12724512815475464,3.1062798500061035,-1.4993458986282349,0.18249949990317174,-0.09637460638595075,-0.9505592180435374
0.23847132921218872,3.3796186447143555,0.9933884739875793,-0.00018312543397769332,-3.433849334716797,0.19384559988975525,0.058872710913419724,-0.0843692421913147,-0.4524022340774536,0.8858599066734314,0.3894228935241699,0.010530844330787659,-0.04019639641046524,-0.012864764779806137,-0.022736741229891777,-0.12737014889717102,3.110927104949951,-1.5056369304656982,0.18249690200122157,-0.0963594423110028,-0.9531542535193483
0.2314034104347229,3.3797290325164795,0.9933895468711853,-6.573817518074065e-05,-3.41398286819458,0.1938493251800537,0.05876566469669342,-0.08443817496299744,-0.45355290174484253,0.8852720260620117,0.38945645093917847,0.010555675253272057,-0.04019023850560188,-0.01279878243803978,-0.02272816374897957,-0.12748844921588898,3.115558385848999,-1.5119404792785645,0.18249446738814543,-0.09634380941588838,-0.9557507774343242
0.2313658595085144,3.3786725997924805,0.9934089779853821,-2.220433088950813e-06,-3.3941144943237305,0.1938522905111313,0.0586581788957119,-0.0845068022608757,-0.45470449328422546,0.8846815824508667,0.38949012756347656,0.010576363652944565,-0.04018350690603256,-0.012761734426021576,-0.022725597023963928,-0.12759998440742493,3.120173931121826,-1.5182563066482544,0.18249146114722095,-0.09632786439808694,-0.9583512452278047
0.2306857705116272,3.385098457336426,0.9934022426605225,0.00021318343351595104,-3.3742451667785645,0.19385558366775513,0.05855071544647217,-0.08457522839307785,-0.45585551857948303,0.8840896487236023,0.38952603936195374,0.010609496384859085,-0.04018036276102066,-0.012629725970327854,-0.02272341586649418,-0.12771368026733398,3.1247735023498535,-1.5245847702026367,0.18248857286952175,-0.09631167026232634,-0.9609520503834409
0.23092150688171387,3.3849308490753174,0.9936500787734985,-2.112358015438076e-05,-3.354374885559082,0.19385863840579987,0.05844295769929886,-0.08464349061250687,-0.4570077955722809,0.8834951519966125,0.38954949378967285,0.01060105673968792,-0.04018809273838997,-0.012805219739675522,-0.02275911346077919,-0.12782727181911469,3.129356622695923,-1.5309257507324219,0.18248549965530544,-0.09629521300963928,-0.9635574182717349
0.22224724292755127,3.388206958770752,0.9936918020248413,9.073101682588458e-05,-3.334502935409546,0.19386084377765656,0.0583348423242569,-0.08471133559942245,-0.4581594169139862,0.8828991651535034,0.38958439230918884,0.010625429451465607,-0.040183234959840775,-0.012741515412926674,-0.02275710739195347,-0.12794117629528046,3.1339240074157715,-1.5372790098190308,0.18248166901029483,-0.09627849907320485,-0.966162928580748
0.2207869291305542,3.395317792892456,0.9937291145324707,-5.531676288228482e-05,-3.314629554748535,0.19386371970176697,0.058226633816957474,-0.0847790464758873,-0.45931196212768555,0.8823006749153137,0.3896201252937317,0.010625798255205154,-0.040177784860134125,-0.012871067970991135,-0.022756369784474373,-0.1280418038368225,3.138475179672241,-1.543644666671753,0.18247802181437406,-0.09626145667013164,-0.9687723821614355
0.2194809913635254,3.393173933029175,0.9939295053482056,-0.00020716717699542642,-3.2947540283203125,0.1938665360212326,0.05811825767159462,-0.08484645932912827,-0.46046382188796997,0.8817008137702942,0.3896489143371582,0.01062580943107605,-0.040175750851631165,-0.012991506606340408,-0.022780045866966248,-0.12815813720226288,3.143009901046753,-1.5500226020812988,0.1824740374309704,-0.0962441983711333,-0.9713818469678783
0.21246731281280518,3.3954215049743652,0.993793785572052,0.00015671204891987145,-3.2748770713806152,0.1938689947128296,0.05800953879952431,-0.08491363376379013,-0.4616168439388275,0.8810983896255493,0.3896944224834442,0.010672079399228096,-0.040174953639507294,-0.012752393260598183,-0.02275114692747593,-0.1282573789358139,3.147528886795044,-1.556412935256958,0.18246970803018497,-0.09622661366456642,-0.9739957188973151
0.21721750497817993,3.3995277881622314,0.9935659766197205,0.00013052333088126034,-3.254997968673706,0.19387109577655792,0.0579005628824234,-0.08498052507638931,-0.4627692997455597,0.8804942965507507,0.389748752117157,0.01068811770528555,-0.04014154151082039,-0.012789606116712093,-0.022727761417627335,-0.12835633754730225,3.152031183242798,-1.56281578540802,0.18246495747255606,-0.09620890106142688,-0.976610104376593
0.22519081830978394,3.40370512008667,0.9942271113395691,-0.0002978529082611203,-3.2351181507110596,0.19387401640415192,0.057791464030742645,-0.08504755049943924,-0.46392256021499634,0.8798879384994507,0.3897596299648285,0.010665159672498703,-0.04013870283961296,-0.01310887560248375,-0.022836986929178238,-0.1284833401441574,3.156517267227173,-1.5692307949066162,0.1824605382643998,-0.09619138383856729,-0.9792280715831633
0.2020511031150818,3.400653839111328,0.9940228462219238,9.461332956561819e-05,-3.2152364253997803,0.19387643039226532,0.05768215283751488,-0.08511418104171753,-0.46507543325424194,0.8792799115180969,0.3898105323314667,0.01071389950811863,-0.04014061763882637,-0.01284380629658699,-0.022798439487814903,-0.12859296798706055,3.1609866619110107,-1.5756582021713257,0.18245566980813,-0.0961734652369064,-0.9818468526845744
0.20920038223266602,3.405660390853882,0.9942291378974915,-0.00022205182176548988,-3.1953532695770264,0.19387871026992798,0.05757253244519234,-0.08518070727586746,-0.46622905135154724,0.8786695599555969,0.38983988761901855,0.010692601092159748,-0.04017475247383118,-0.013080500066280365,-0.022830747067928314,-0.12869858741760254,3.165440320968628,-1.5820980072021484,0.18245059055094237,-0.09615551302922754,-0.984469126404523
0.20198017358779907,3.4084575176239014,0.9942442774772644,-1.8978753359988332e-05,-3.1754679679870605,0.19387997686862946,0.05746247246861458,-0.08524686098098755,-0.4673822820186615,0.8780573606491089,0.38988617062568665,0.01073139626532793,-0.04013698920607567,-0.01295148953795433,-0.02282988652586937,-0.12880703806877136,3.169877290725708,-1.5885499715805054,0.18244471896008316,-0.09613741682787502,-0.9870923983585503
0.20145028829574585,3.4167320728302,0.994681715965271,-6.337583181448281e-05,-3.155580997467041,0.19388258457183838,0.05735248699784279,-0.08531302213668823,-0.4685361385345459,0.8774430155754089,0.3899099826812744,0.010741866193711758,-0.04013529047369957,-0.013009971007704735,-0.022886713966727257,-0.12892462313175201,3.174297571182251,-1.595013976097107,0.18243937937029778,-0.09611914467283511,-0.9897188146109814
0.18613994121551514,3.4106109142303467,0.9944944381713867,9.875006799120456e-05,-3.1356923580169678,0.1938847303390503,0.05724234879016876,-0.08537877351045609,-0.46968960762023926,0.8768268823623657,0.38996294140815735,0.010770156979560852,-0.040131911635398865,-0.01290364284068346,-0.02284284308552742,-0.12902891635894775,3.178701639175415,-1.6014904975891113,0.18243370099807021,-0.09610039237143453,-0.9923461731749426
0.19269466400146484,3.4153995513916016,0.9945468902587891,0.00016630531172268093,-3.115802049636841,0.19388575851917267,0.057131730020046234,-0.08544417470693588,-0.47084367275238037,0.876208484172821,0.39000582695007324,0.010791009292006493,-0.04013323411345482,-0.012867653742432594,-0.022849883884191513,-0.1291516125202179,3.183089017868042,-1.6079789400100708,0.18242726051556812,-0.09608137538469874,-0.9949766738467546
0.1908588409423828,3.424345016479492,0.9945644736289978,0.00010708026820793748,-3.0959103107452393,0.19388681650161743,0.057020869106054306,-0.08550936728715897,-0.4719976782798767,0.8755882978439331,0.39004838466644287,0.010792134329676628,-0.040165532380342484,-0.012938585132360458,-0.022852879017591476,-0.12925128638744354,3.187459707260132,-1.614479660987854,0.18242051419923566,-0.0960622508439839,-0.9976087422949603
0.1902434229850769,3.4263999462127686,0.9947150945663452,-5.201568274060264e-05,-3.076016902923584,0.1938893049955368,0.056910108774900436,-0.08557464927434921,-0.4731525182723999,0.8749656081199646,0.39008840918540955,0.010791454464197159,-0.040168892592191696,-0.013074906542897224,-0.022879641503095627,-0.12936802208423615,3.1918141841888428,-1.6209927797317505,0.1824144937688841,-0.09604302317032043,-1.0002446978586876
0.18497169017791748,3.4197633266448975,0.9946683049201965,0.0003624706296250224,-3.056119680404663,0.19388973712921143,0.056798599660396576,-0.08563947677612305,-0.4743068516254425,0.8743412494659424,0.39013954997062683,0.010844457894563675,-0.04016590118408203,-0.012785660102963448,-0.022876538336277008,-0.1294836550951004,3.1961519718170166,-1.627517580986023,0.1824070196102161,-0.09602384028697108,-1.0028812834297434
0.18660932779312134,3.4344589710235596,0.9946919083595276,0.0002766373800113797,-3.0362212657928467,0.19389082491397858,0.05668691545724869,-0.08570431172847748,-0.47546204924583435,0.8737145662307739,0.39018896222114563,0.01085192896425724,-0.04015771672129631,-0.01287725381553173,-0.022892583161592484,-0.12959285080432892,3.200472593307495,-1.6340547800064087,0.1823996724779554,-0.09600467254936218,-1.0055216285701882
0.18578320741653442,3.432751417160034,0.995070219039917,-0.0002374753967160359,-3.016319990158081,0.19389203190803528,0.05657497048377991,-0.08576908707618713,-0.4766167998313904,0.8730859756469727,0.39022108912467957,0.010819800198078156,-0.0401584692299366,-0.013255076482892036,-0.022958222776651382,-0.12971201539039612,3.2047765254974365,-1.6406035423278809,0.18239215688533422,-0.0959857570318472,-1.008163028296621
0.17254233360290527,3.4342377185821533,0.9951626658439636,0.0002668134984560311,-2.9964165687561035,0.1938934326171875,0.05646282806992531,-0.08583380281925201,-0.47777247428894043,0.8724550604820251,0.3902676999568939,0.01087947841733694,-0.04016011953353882,-0.012917774729430676,-0.022964010015130043,-0.12981665134429932,3.209064245223999,-1.6471647024154663,0.18238466416512902,-0.09596674931807403,-1.0108082866944808
0.1693066954612732,3.4352378845214844,0.9952316284179688,5.809671711176634e-05,-2.9765117168426514,0.19389426708221436,0.05635039135813713,-0.08589816838502884,-0.47892773151397705,0.8718224167823792,0.3903152644634247,0.010874138213694096,-0.040161650627851486,-0.013074105605483055,-0.02297118678689003,-0.12992452085018158,3.213334321975708,-1.653738021850586,0.1823766243278853,-0.09594751765523046,-1.0134544271861106
0.16689300537109375,3.440910816192627,0.995684027671814,-1.1702068150043488e-06,-2.95660400390625,0.19389498233795166,0.056237660348415375,-0.08596242219209671,-0.48008355498313904,0.8711873888969421,0.39034503698349,0.01088316272944212,-0.0401691310107708,-0.013130849227309227,-0.023026704788208008,-0.13005030155181885,3.217587947845459,-1.6603233814239502,0.18236840033450372,-0.09592827219551658,-1.0161038591442448
0.15105903148651123,3.443924903869629,0.9955607056617737,-7.109758007572964e-05,-2.936695098876953,0.1938961148262024,0.05612504854798317,-0.08602628856897354,-0.48123881220817566,0.8705506324768066,0.3904043436050415,0.010893954895436764,-0.04014687240123749,-0.013196436688303947,-0.02298703044652939,-0.1301589459180832,3.2218244075775146,-1.6669209003448486,0.18236031177723466,-0.09590836775843248,-1.0187539135255128
0.15537530183792114,3.443636894226074,0.9954572916030884,-6.363244028761983e-05,-2.9167838096618652,0.19389736652374268,0.05601233243942261,-0.08608996123075485,-0.4823947846889496,0.8699116706848145,0.39046210050582886,0.010907476767897606,-0.04015113785862923,-0.013200240209698677,-0.022963931784033775,-0.13026167452335358,3.226043939590454,-1.673530101776123,0.1823522490338895,-0.09588809231460527,-1.021407334690088
0.15899479389190674,3.4451122283935547,0.9958018064498901,-0.000363941362593323,-2.8968708515167236,0.19389809668064117,0.05589941516518593,-0.08615338057279587,-0.4835503101348877,0.8692708611488342,0.3905009925365448,0.010896201245486736,-0.040142498910427094,-0.013412079773843288,-0.023011133074760437,-0.13037489354610443,3.2302465438842773,-1.6801514625549316,0.18234391647062553,-0.09586767848836542,-1.0240617411833335
0.14693677425384521,3.4505362510681152,0.996043860912323,-0.00035941594978794456,-2.876955986022949,0.19389906525611877,0.0557863786816597,-0.08621666580438614,-0.48470672965049744,0.8686275482177734,0.3905433118343353,0.010909410193562508,-0.04014964401721954,-0.013418170623481274,-0.02302682399749756,-0.1304798275232315,3.2344319820404053,-1.6867845058441162,0.18233570056325904,-0.09584697324835578,-1.026720140030432
0.13846486806869507,3.45135235786438,0.9960067272186279,-7.290059875231236e-05,-2.8570380210876465,0.19389842450618744,0.05567290633916855,-0.08627936989068985,-0.48586246371269226,0.8679826259613037,0.39059916138648987,0.010946882888674736,-0.040157753974199295,-0.013222393579781055,-0.02299806848168373,-0.13057827949523926,3.238600730895996,-1.693429708480835,0.18232643320360134,-0.09582584640069736,-1.0293788181893258
0.13976454734802246,3.4635772705078125,0.9960907101631165,-5.756012978963554e-05,-2.8371188640594482,0.19389770925045013,0.05555916205048561,-0.08634171634912491,-0.48701903223991394,0.8673353791236877,0.39065298438072205,0.010965235531330109,-0.04013807699084282,-0.01323863584548235,-0.022996801882982254,-0.1306854486465454,3.2427525520324707,-1.7000868320465088,0.18231675612476936,-0.09580420888867991,-1.0320411718539424
0.13682514429092407,3.4666082859039307,0.996185839176178,-3.49520705640316e-05,-2.8171966075897217,0.193897545337677,0.05544537678360939,-0.08640384674072266,-0.48817503452301025,0.8666863441467285,0.3907057046890259,0.010981923900544643,-0.04013077914714813,-0.013250282034277916,-0.02299974113702774,-0.13079719245433807,3.246886968612671,-1.7067557573318481,0.18230710767360772,-0.0957823686679462,-1.0347042708386922
0.13349562883377075,3.465773820877075,0.9960798621177673,0.0002137640112778172,-2.7972729206085205,0.19389761984348297,0.05533146113157272,-0.08646576851606369,-0.48933160305023193,0.8660350441932678,0.39076733589172363,0.011015902273356915,-0.04014018177986145,-0.013095309026539326,-0.02297741174697876,-0.13089501857757568,3.251004219055176,-1.7134363651275635,0.18229742951909095,-0.09576019134168678,-1.0373705593774096
0.1372048258781433,3.4667694568634033,0.9963624477386475,-0.00014704489149153233,-2.777346134185791,0.19389726221561432,0.055217187851667404,-0.0865275040268898,-0.4904877245426178,0.8653817772865295,0.390811562538147,0.01099756732583046,-0.040142860263586044,-0.01335812360048294,-0.023022836074233055,-0.13101644814014435,3.255103826522827,-1.7201287746429443,0.18228729574204425,-0.09573815196032132,-1.040037996656947
0.12731432914733887,3.471874952316284,0.9964596629142761,-0.00021434455993585289,-2.757416248321533,0.1938973218202591,0.05510281026363373,-0.08658918738365173,-0.4916444420814514,0.8647263050079346,0.3908672630786896,0.01100851222872734,-0.04012266546487808,-0.013420399278402328,-0.023031238466501236,-0.1311185210943222,3.2591867446899414,-1.7268331050872803,0.1822773200441952,-0.09571601424354181,-1.042708656819039
0.1239117980003357,3.4718008041381836,0.9968954920768738,-0.00039710127748548985,-2.7374846935272217,0.19389726221561432,0.054988324642181396,-0.08665066957473755,-0.4928009510040283,0.864068865776062,0.39090490341186523,0.011005573906004429,-0.04012678191065788,-0.013553937897086143,-0.023083429783582687,-0.13123106956481934,3.263252019882202,-1.7335491180419922,0.18226730316031292,-0.09569369199844702,-1.045380883016749
0.10865777730941772,3.474968910217285,0.9966341257095337,2.3431028239428997e-05,-2.7175509929656982,0.19389593601226807,0.05487336963415146,-0.08671169728040695,-0.49395766854286194,0.8634093403816223,0.3909761607646942,0.011057266034185886,-0.04012327268719673,-0.013268422335386276,-0.023026887327432632,-0.1313275247812271,3.2672998905181885,-1.7402770519256592,0.18225638629133503,-0.09567102592313548,-1.048055471431902
0.1178056001663208,3.4852755069732666,0.9971247315406799,-0.00023303928901441395,-2.697614908218384,0.19389471411705017,0.054758220911026,-0.08677250146865845,-0.4951142966747284,0.8627477884292603,0.3910108506679535,0.011045332998037338,-0.040140774101018906,-0.013471992686390877,-0.02309289574623108,-0.13144874572753906,3.2713303565979004,-1.747016429901123,0.18224526697238372,-0.09564820055009648,-1.050731897493182
0.10063439607620239,3.4873361587524414,0.9967644810676575,-0.00016700607375241816,-2.6776750087738037,0.19389325380325317,0.05464279279112816,-0.08683297783136368,-0.496271014213562,0.8620842695236206,0.39108920097351074,0.011067815124988556,-0.04011789336800575,-0.013449287042021751,-0.02302917093038559,-0.13155026733875275,3.275343418121338,-1.753767728805542,0.1822336772968131,-0.09562508788073254,-1.0534103933047103
0.11324316263198853,3.4915013313293457,0.997042179107666,-0.00015622051432728767,-2.6577327251434326,0.19389085471630096,0.054526761174201965,-0.08689314872026443,-0.49742764234542847,0.861418604850769,0.3911406099796295,0.011088499799370766,-0.040085259824991226,-0.013463818468153477,-0.023075943812727928,-0.1316615790128708,3.27933931350708,-1.7605303525924683,0.1822211190758566,-0.09560209030390387,-1.056090843931961
0.10352373123168945,3.5000574588775635,0.9972331523895264,-0.00018461764557287097,-2.6377880573272705,0.19388891756534576,0.05441045016050339,-0.08695322275161743,-0.4985846281051636,0.8607507944107056,0.3911925256252289,0.01110037975013256,-0.04008486494421959,-0.013521034270524979,-0.023105110973119736,-0.1317864954471588,3.2833163738250732,-1.76730477809906,0.18220835806807828,-0.09557914924739985,-1.05877406446547
0.09683966636657715,3.500117778778076,0.9973978996276855,-0.00013092459994368255,-2.617840528488159,0.19388757646083832,0.054293982684612274,-0.08701318502426147,-0.4997415542602539,0.8600808382034302,0.39124616980552673,0.01111852191388607,-0.040082644671201706,-0.013511927798390388,-0.023123610764741898,-0.13188965618610382,3.2872767448425293,-1.7740905284881592,0.18219559467788002,-0.09555620072935267,-1.0614593372760128
0.09107351303100586,3.4992544651031494,0.9975666403770447,-0.00022074644220992923,-2.5978899002075195,0.193885937333107,0.0541771724820137,-0.0870729386806488,-0.500898540019989,0.8594089150428772,0.3912997543811798,0.01112503744661808,-0.04007899388670921,-0.013590981252491474,-0.023142525926232338,-0.132004514336586,3.291219472885132,-1.7808880805969238,0.1821823718028685,-0.09553324584080025,-1.0641466720401238
0.08516758680343628,3.5038161277770996,0.9977157711982727,-0.0003257151984144002,-2.5779380798339844,0.1938849240541458,0.054060373455286026,-0.08713249862194061,-0.5020555853843689,0.8587348461151123,0.3913542926311493,0.011128176003694534,-0.040077462792396545,-0.013683300465345383,-0.023154467344284058,-0.13210266828536987,3.29514479637146,-1.7876968383789062,0.18216934878931873,-0.09550994927801026,-1.0668362551176556
0.07994800806045532,3.5027096271514893,0.9975902438163757,0.0002059846301563084,-2.5579826831817627,0.19388291239738464,0.05394310876727104,-0.08719179779291153,-0.5032126307487488,0.8580586314201355,0.391421914100647,0.011190427467226982,-0.04008122533559799,-0.013317584991455078,-0.02313433773815632,-0.1322239339351654,3.2990517616271973,-1.7945173978805542,0.1821556381320024,-0.09548669490615502,-1.0695279805508031
0.08434146642684937,3.511549234390259,0.9978042244911194,0.0001383032649755478,-2.5380241870880127,0.19388167560100555,0.053825851529836655,-0.08725114911794662,-0.5043696761131287,0.8573803305625916,0.3914709687232971,0.011191309429705143,-0.04011800140142441,-0.01338447816669941,-0.02317398600280285,-0.13233786821365356,3.302940845489502,-1.80134916305542,0.18214236016250418,-0.0954635355727933,-1.0722218516557955
0.07685214281082153,3.509594678878784,0.9979627728462219,8.45596514409408e-05,-2.518064022064209,0.1938806027173996,0.05370837450027466,-0.08731050044298172,-0.5055274367332458,0.8566996455192566,0.3915300965309143,0.011206939816474915,-0.040079060941934586,-0.013423196971416473,-0.02319970726966858,-0.13244006037712097,3.3068125247955322,-1.808192253112793,0.18212912535011141,-0.09544046389363281,-1.074919396850295
0.07130295038223267,3.5112736225128174,0.9980074763298035,-4.7444562369491905e-05,-2.498100996017456,0.19387832283973694,0.053590502589941025,-0.08736956119537354,-0.5066846013069153,0.8560171723365784,0.39159107208251953,0.0112093985080719,-0.04007430002093315,-0.013513080775737762,-0.02321208268404007,-0.13254907727241516,3.310666084289551,-1.815046787261963,0.18211522698993637,-0.09541744013548281,-1.0776177031292864
0.06973832845687866,3.5214202404022217,0.9982497692108154,-0.00017835997277870774,-2.478135108947754,0.19387777149677277,0.053472913801670074,-0.08742891252040863,-0.5078420639038086,0.85533207654953,0.39164283871650696,0.011211749166250229,-0.040071140974760056,-0.013617018237709999,-0.02325483411550522,-0.13266204297542572,3.314502000808716,-1.8219130039215088,0.18210258665215398,-0.09539456416757086,-1.080319279531444
0.06125807762145996,3.51360821723938,0.998611569404602,-0.0002715349546633661,-2.4581656455993652,0.19387564063072205,0.05335480347275734,-0.08748805522918701,-0.5089991092681885,0.8546454310417175,0.39168503880500793,0.01121051236987114,-0.040110331028699875,-0.013666179031133652,-0.02330445870757103,-0.13277743756771088,3.31831955909729,-1.8287904262542725,0.18208910064678252,-0.09537197261988917,-1.0830217052066053
0.04859507083892822,3.52596116065979,0.9985594749450684,-0.00015387455641757697,-2.4381935596466064,0.1938723921775818,0.05323626846075058,-0.08754689991474152,-0.5101567506790161,0.8539563417434692,0.39174988865852356,0.01123492419719696,-0.040109582245349884,-0.013590821996331215,-0.023288652300834656,-0.13289113342761993,3.3221187591552734,-1.835679054260254,0.18207501331838302,-0.0953491981755612,-1.0857276227442598
0.05041837692260742,3.5357675552368164,0.9987871646881104,-0.00031124253291636705,-2.4182186126708984,0.1938692033290863,0.053117554634809494,-0.0876055583357811,-0.5113142728805542,0.8532651662826538,0.3918023109436035,0.011234082281589508,-0.0401078462600708,-0.013723086565732956,-0.023319996893405914,-0.13300535082817078,3.325900077819824,-1.8425788879394531,0.18206079524191823,-0.09532632871516533,-1.0884354643897365
0.042449235916137695,3.5384998321533203,0.998824417591095,-4.579746746458113e-05,-2.3982415199279785,0.19386577606201172,0.05299847945570946,-0.08766399323940277,-0.5124720931053162,0.8525717258453369,0.391864538192749,0.011272957548499107,-0.04009902477264404,-0.01355782151222229,-0.02332102507352829,-0.13311563432216644,3.3296632766723633,-1.8494900465011597,0.18204612717284427,-0.09530340363582845,-1.0911461277771952
0.041145384311676025,3.543069362640381,0.9989182949066162,-0.00014014815678820014,-2.3782615661621094,0.19386297464370728,0.05287934094667435,-0.08772235363721848,-0.5136293172836304,0.8518763780593872,0.3919225335121155,0.011273728683590889,-0.040106844156980515,-0.01364760473370552,-0.023333700373768806,-0.1332029551267624,3.3334085941314697,-1.8564122915267944,0.18203161068435486,-0.09528055423931248,-1.0938577477950822
0.03785967826843262,3.5423293113708496,0.998894989490509,-5.891367618460208e-05,-2.358278512954712,0.19386054575443268,0.052760060876607895,-0.08778064697980881,-0.5147866606712341,0.8511789441108704,0.3919912576675415,0.011301163583993912,-0.04006616771221161,-0.0136005450040102,-0.023338228464126587,-0.13331007957458496,3.3371355533599854,-1.8633453845977783,0.1820171475710459,-0.09525772548603917,-1.0965717371551766
0.03867536783218384,3.5430357456207275,0.9994935989379883,-0.00037473204429261386,-2.338291883468628,0.19385626912117004,0.05263999104499817,-0.08783870935440063,-0.5159440636634827,0.8504794239997864,0.39202699065208435,0.011288713663816452,-0.04006367549300194,-0.01382200326770544,-0.023433133959770203,-0.13344651460647583,3.340843915939331,-1.870289921760559,0.18200146456342242,-0.09523533037857734,-1.0992879740804802
0.017724037170410156,3.5574352741241455,0.9995844960212708,-0.00019481548224575818,-2.3183023929595947,0.19385260343551636,0.0525197796523571,-0.08789665251970291,-0.517102062702179,0.8497772216796875,0.3920850455760956,0.011317649856209755,-0.04006350040435791,-0.013727751560509205,-0.02342996560037136,-0.13355174660682678,3.344534158706665,-1.877245545387268,0.1819858964393408,-0.09521276469715456,-1.1020080161218324
0.014542639255523682,3.5569615364074707,0.9993888139724731,-6.955878052394837e-05,-2.2983107566833496,0.1938493251800537,0.05239953100681305,-0.0879543200135231,-0.5182593464851379,0.8490732908248901,0.3921569883823395,0.011341473087668419,-0.040060631930828094,-0.013661799021065235,-0.023396212607622147,-0.13365469872951508,3.348205804824829,-1.8842118978500366,0.18197027756469472,-0.09518993572102241,-1.1047286036768222
0.02139151096343994,3.557753086090088,0.9995402097702026,-0.00022668650490231812,-2.2783167362213135,0.19384652376174927,0.05227912589907646,-0.08801206201314926,-0.5194171667098999,0.848366916179657,0.3922097086906433,0.011333749629557133,-0.0400979146361351,-0.01378575898706913,-0.023428551852703094,-0.13376006484031677,3.3518590927124023,-1.8911888599395752,0.18195490328850383,-0.09516729388905287,-1.1074526943895027
0.016092658042907715,3.5579137802124023,1.0000008344650269,-0.0005028878222219646,-2.2583189010620117,0.1938418745994568,0.05215803161263466,-0.08806946128606796,-0.5205745100975037,0.8476588129997253,0.3922517001628876,0.011324619874358177,-0.040091708302497864,-0.013978867791593075,-0.023500680923461914,-0.1338871419429779,3.3554940223693848,-1.898177146911621,0.18193829802758682,-0.09514491478127463,-1.1101777404286401
-2.9206275939941406e-05,3.5723934173583984,1.0001181364059448,-0.0005121684516780078,-2.2383196353912354,0.19383984804153442,0.05203739553689957,-0.08812709152698517,-0.5217325091362,0.8469478487968445,0.39230746030807495,0.011334666050970554,-0.04009595513343811,-0.01401527225971222,-0.023504454642534256,-0.13398151099681854,3.3591103553771973,-1.9051764011383057,0.1819232290557137,-0.0951223071357743,-1.1129069665899107
-0.004134774208068848,3.5595269203186035,1.0001436471939087,-0.0004979527438990772,-2.2183170318603516,0.19383631646633148,0.051916349679231644,-0.08818431198596954,-0.5228896737098694,0.8462355136871338,0.39236903190612793,0.011350691318511963,-0.04008806496858597,-0.013991326093673706,-0.023501386865973473,-0.13408984243869781,3.36270809173584,-1.9121863842010498,0.1819072629694272,-0.09509963401580146,-1.1156361545208027
-0.005027651786804199,3.5717289447784424,1.0003143548965454,-0.0003758244856726378,-2.1983118057250977,0.19383223354816437,0.051794953644275665,-0.08824136108160019,-0.5240475535392761,0.8455204367637634,0.39242276549339294,0.011375119909644127,-0.04009215533733368,-0.013912918046116829,-0.023524541407823563,-0.13420560956001282,3.3662869930267334,-1.9192068576812744,0.18189101067107102,-0.09507689849533296,-1.118369437275592
-0.011002421379089355,3.5783205032348633,1.000307559967041,-0.0002223835908807814,-2.1783037185668945,0.1938287764787674,0.05167362838983536,-0.08829834312200546,-0.5252046585083008,0.8448036313056946,0.3924890160560608,0.011407782323658466,-0.0400519073009491,-0.013818519189953804,-0.023522663861513138,-0.13430370390415192,3.369847297668457,-1.9262382984161377,0.18187511066574552,-0.09505414911265109,-1.1211032358395512
-0.010764598846435547,3.577725410461426,1.0006943941116333,-0.0004418916942086071,-2.158291816711426,0.19382379949092865,0.05155159533023834,-0.08835506439208984,-0.5263621211051941,0.8440844416618347,0.39253267645835876,0.01140222791582346,-0.04004833102226257,-0.013973645865917206,-0.023581696674227715,-0.13441433012485504,3.3733887672424316,-1.9332802295684814,0.1818581573604594,-0.09503164825979571,-1.12384014159907
-0.024303793907165527,3.59031081199646,1.0007057189941406,-0.0005687307566404343,-2.1382784843444824,0.1938198208808899,0.05142965167760849,-0.08841171860694885,-0.5275192856788635,0.8433632850646973,0.3925931453704834,0.011402967385947704,-0.04004354774951935,-0.014088854193687439,-0.023578226566314697,-0.13451507687568665,3.3769114017486572,-1.9403328895568848,0.18184162880353386,-0.09500901314709109,-1.1265786328755658
-0.024700164794921875,3.5875885486602783,1.0007330179214478,-0.00017523780115880072,-2.1182618141174316,0.19381582736968994,0.05130748450756073,-0.0884682834148407,-0.5286766886711121,0.8426399230957031,0.39265310764312744,0.011450935155153275,-0.04004682973027229,-0.013822299428284168,-0.023585237562656403,-0.1346227377653122,3.380415916442871,-1.947396159172058,0.18182501292928172,-0.09498642649030109,-1.1293198749706095
-0.025655627250671387,3.5909500122070312,1.0009325742721558,-0.000401441240683198,-2.0982425212860107,0.19380995631217957,0.05118456110358238,-0.0885244756937027,-0.5298336148262024,0.8419143557548523,0.3927040994167328,0.01144382357597351,-0.040046583861112595,-0.013987287878990173,-0.02362477220594883,-0.13473564386367798,3.3839008808135986,-1.954470157623291,0.18180712067897645,-0.09496413248181068,-1.13206262020677
-0.03264009952545166,3.605865478515625,1.0011712312698364,-0.0002450622559990734,-2.0782203674316406,0.19380633533000946,0.05106188356876373,-0.08858095109462738,-0.530990719795227,0.8411865830421448,0.3927534222602844,0.011468932963907719,-0.04004719853401184,-0.01391362864524126,-0.02366109937429428,-0.13482943177223206,3.3873672485351562,-1.9615542888641357,0.18179033464201413,-0.09494202087989345,-1.134808094587597
-0.0409930944442749,3.595566987991333,1.0012565851211548,-0.0005516677047125995,-2.0581960678100586,0.19380103051662445,0.05093853548169136,-0.08863700926303864,-0.5321475267410278,0.8404567837715149,0.3928048014640808,0.011447211727499962,-0.04008373245596886,-0.01412879303097725,-0.02367725409567356,-0.1349337249994278,3.3908143043518066,-1.9686486721038818,0.18177232962637538,-0.09492000534862655,-1.1375551808087896
-0.04398047924041748,3.60921049118042,1.001510739326477,-0.00042013832717202604,-2.0381691455841064,0.19379648566246033,0.05081513524055481,-0.08869311213493347,-0.5333043932914734,0.8397248387336731,0.3928525447845459,0.011471415869891644,-0.04008100554347038,-0.014059558510780334,-0.023715827614068985,-0.13503623008728027,3.394242286682129,-1.975753664970398,0.18175466282997824,-0.09489811875426368,-1.1403046970406356
-0.05287587642669678,3.6080410480499268,1.0015196800231934,-0.0006770688924007118,-2.018139123916626,0.193791463971138,0.05069134756922722,-0.08874903619289398,-0.5344612002372742,0.8389905691146851,0.3929111659526825,0.011461405083537102,-0.04006798565387726,-0.014249604195356369,-0.023718366399407387,-0.13512460887432098,3.397651433944702,-1.982869267463684,0.18173656815703185,-0.09487637085361555,-1.1430566028433822
-0.05318880081176758,3.614389657974243,1.001708984375,-0.0003193403535988182,-1.9981069564819336,0.19378697872161865,0.05056752264499664,-0.08880490064620972,-0.5356172919273376,0.8382545709609985,0.39296114444732666,0.01150502823293209,-0.040067702531814575,-0.01401457842439413,-0.023750513792037964,-0.1352236270904541,3.4010415077209473,-1.989994764328003,0.1817186530585518,-0.09485472659642413,-1.145809174146059
-0.059814453125,3.614553213119507,1.001629114151001,-0.00018660449131857604,-1.978070855140686,0.19378192722797394,0.05044322833418846,-0.08886069059371948,-0.5367738604545593,0.8375160098075867,0.39302220940589905,0.011528098955750465,-0.04007125645875931,-0.013928316533565521,-0.023749347776174545,-0.1353195756673813,3.4044125080108643,-1.9971305131912231,0.18170032606283132,-0.0948333719202763,-1.1485653276126975
-0.05701899528503418,3.621448516845703,1.0020893812179565,-0.0004634462820831686,-1.958032488822937,0.1937764286994934,0.05031856149435043,-0.08891640603542328,-0.5379297733306885,0.836775541305542,0.3930577337741852,0.011515339836478233,-0.04007262736558914,-0.014133131131529808,-0.02383165806531906,-0.1354333907365799,3.407763957977295,-2.0042762756347656,0.1816816382748592,-0.09481244601768002,-1.1513224556114936
-0.073128342628479,3.6277196407318115,1.0018723011016846,-0.00012132019037380815,-1.9379916191101074,0.19377192854881287,0.050193868577480316,-0.08897223323583603,-0.5390861630439758,0.8360326290130615,0.39312395453453064,0.011555551551282406,-0.04007706418633461,-0.013913694769144058,-0.023806221783161163,-0.1355178952217102,3.4110965728759766,-2.011432409286499,0.1816634614871342,-0.09479164055119482,-1.1540830755202305
-0.06553053855895996,3.6251206398010254,1.0021746158599854,-7.508799899369478e-05,-1.9179472923278809,0.1937665045261383,0.05006866529583931,-0.08902796357870102,-0.5402419567108154,0.8352877497673035,0.3931662142276764,0.011572139337658882,-0.040080130100250244,-0.01388067938387394,-0.023872358724474907,-0.13563120365142822,3.4144091606140137,-2.018598794937134,0.18164468267826372,-0.09477136476104131,-1.1568448439871293
-0.0761115550994873,3.634242057800293,1.002322793006897,-0.00030412888736464083,-1.8979004621505737,0.1937609761953354,0.049943093210458755,-0.08908373862504959,-0.5413979887962341,0.8345404863357544,0.39321595430374146,0.011566508561372757,-0.04006277769804001,-0.014053072780370712,-0.023910770192742348,-0.13573996722698212,3.4177024364471436,-2.0257749557495117,0.18162576405444394,-0.094751522578437,-1.1596096442562107
-0.08129775524139404,3.6384692192077637,1.0022915601730347,-0.0002947444445453584,-1.8778507709503174,0.19375500082969666,0.04981717839837074,-0.08913940191268921,-0.542553186416626,0.8337915539741516,0.39327117800712585,0.011575734242796898,-0.04007316008210182,-0.014061516150832176,-0.023924577981233597,-0.13583533465862274,3.4209768772125244,-2.0329606533050537,0.1816064541138937,-0.09473205919636696,-1.1623748720238867
-0.08020460605621338,3.6448447704315186,1.0026273727416992,-0.00025198684306815267,-1.857798457145691,0.19374941289424896,0.049690913408994675,-0.08919518440961838,-0.5437089800834656,0.8330399990081787,0.3933091461658478,0.011589039117097855,-0.04008529335260391,-0.014050387777388096,-0.023994451388716698,-0.13594011962413788,3.42423152923584,-2.0401573181152344,0.18158716206568737,-0.09471305643745276,-1.1651440156044746
-0.09195804595947266,3.6461379528045654,1.0027979612350464,-0.00046480618766508996,-1.8377443552017212,0.19374416768550873,0.049564510583877563,-0.08925096690654755,-0.5448639988899231,0.8322864174842834,0.3933549225330353,0.011581216007471085,-0.040076758712530136,-0.014210063964128494,-0.02403103932738304,-0.13603249192237854,3.427466869354248,-2.047363042831421,0.18156801805107503,-0.09469437352913324,-1.1679141109623696
-0.09792864322662354,3.6476328372955322,1.0027403831481934,-0.00020735694852191955,-1.8176862001419067,0.19373853504657745,0.04943770170211792,-0.0893067866563797,-0.5460191369056702,0.8315305709838867,0.39341071248054504,0.011616506613790989,-0.040073636919260025,-0.014034584164619446,-0.024038150906562805,-0.13613738119602203,3.4306819438934326,-2.0545787811279297,0.18154864845239999,-0.09467618147121448,-1.170686928559106
-0.09591341018676758,3.6535885334014893,1.0027607679367065,-0.00024075961846392602,-1.7976257801055908,0.19373242557048798,0.049310535192489624,-0.08936254680156708,-0.5471738576889038,0.8307728171348572,0.39346182346343994,0.011623154394328594,-0.0400797501206398,-0.014067135751247406,-0.024068959057331085,-0.13624149560928345,3.433877468109131,-2.0618038177490234,0.18152896646759878,-0.09465838413672323,-1.173461163885277
-0.096626877784729,3.6601784229278564,1.0029364824295044,-0.0006153423455543816,-1.7775615453720093,0.19372650980949402,0.0491829589009285,-0.08941856026649475,-0.5483287572860718,0.8300125002861023,0.3935055732727051,0.011600745841860771,-0.040077969431877136,-0.014343749731779099,-0.02412749081850052,-0.13634878396987915,3.4370534420013428,-2.0690388679504395,0.18150935675782975,-0.09464142177682056,-1.1762386064689054
-0.10277688503265381,3.6627085208892822,1.0032976865768433,-0.0005109368939884007,-1.7574955224990845,0.1937210112810135,0.04905521869659424,-0.08947473019361496,-0.5494831204414368,0.8292502760887146,0.393539696931839,0.011620109900832176,-0.040085043758153915,-0.014279739931225777,-0.02420235611498356,-0.13645818829536438,3.4402098655700684,-2.0762834548950195,0.18149000401569304,-0.09462502039899134,-1.179017319616671
-0.11541903018951416,3.6638166904449463,1.0033929347991943,-0.00048317090841010213,-1.737425684928894,0.19371449947357178,0.04892687126994133,-0.0895308181643486,-0.5506376028060913,0.8284856081008911,0.39358609914779663,0.01163618266582489,-0.04007481783628464,-0.014262046664953232,-0.02423042804002762,-0.1365700662136078,3.4433460235595703,-2.0835375785827637,0.18147000406535346,-0.09460913551148065,-1.1817989559627229
-0.11875271797180176,3.673712968826294,1.0033037662506104,-0.00018114587874151766,-1.717354416847229,0.1937084048986435,0.04879842698574066,-0.08958691358566284,-0.5517915487289429,0.82771897315979,0.3936425745487213,0.011676415801048279,-0.04005028307437897,-0.01406774390488863,-0.024232644587755203,-0.13665461540222168,3.446462631225586,-2.0908010005950928,0.18145022102739605,-0.09459349031125641,-1.1845819086813496
-0.1156318187713623,3.674945116043091,1.0038000345230103,-0.00033150450326502323,-1.697279691696167,0.19370263814926147,0.04866967722773552,-0.08964318782091141,-0.5529459118843079,0.8269498348236084,0.39366623759269714,0.011670337989926338,-0.04007624462246895,-0.014181671664118767,-0.024325275793671608,-0.13677367568016052,3.4495596885681152,-2.098073959350586,0.18143059098191505,-0.09457839354971931,-1.187368401649293
-0.1330012083053589,3.676650285720825,1.0038528442382812,-0.00041580601828172803,-1.6772044897079468,0.19369585812091827,0.04854055121541023,-0.0896991416811943,-0.5540996789932251,0.826178789138794,0.39371150732040405,0.011673415079712868,-0.04007196053862572,-0.014243334531784058,-0.024336569011211395,-0.13687622547149658,3.452636480331421,-2.1053566932678223,0.18141033903363865,-0.09456332331694473,-1.190155995625743
-0.13484954833984375,3.686607837677002,1.00355064868927,-0.0003023497120011598,-1.6571259498596191,0.19369003176689148,0.048411402851343155,-0.08975519239902496,-0.5552533268928528,0.8254052996635437,0.39376991987228394,0.011686515063047409,-0.040102388709783554,-0.014185337349772453,-0.024307362735271454,-0.13696235418319702,3.455693006515503,-2.1126487255096436,0.1813906177092775,-0.09454845954173718,-1.1929461646841621
-0.12427270412445068,3.684574842453003,1.0040409564971924,-0.0006158212199807167,-1.6370455026626587,0.19368351995944977,0.04828180372714996,-0.08981119841337204,-0.5564066767692566,0.8246298432350159,0.39379993081092834,0.011678321287035942,-0.04004805162549019,-0.014401528052985668,-0.024404235184192657,-0.13706594705581665,3.4587297439575195,-2.11995005607605,0.1813704691835062,-0.09453409836786952,-1.1957380626466043
-0.1414334774017334,3.692516565322876,1.004105806350708,-0.0005613300600089133,-1.6169627904891968,0.19367775321006775,0.0481521338224411,-0.08986735343933105,-0.5575595498085022,0.8238521218299866,0.3938380181789398,0.011683322489261627,-0.04009617492556572,-0.01437733881175518,-0.02442166581749916,-0.13715830445289612,3.4617459774017334,-2.1272597312927246,0.18135080535435721,-0.09452015871964337,-1.1985317679327507
-0.14370322227478027,3.691728353500366,1.0042691230773926,-0.0005877271760255098,-1.5968776941299438,0.1936722844839096,0.048022348433732986,-0.08992353081703186,-0.5587126612663269,0.823072075843811,0.39387622475624084,0.011692450381815434,-0.040088001638650894,-0.014393281191587448,-0.024456150829792023,-0.13725930452346802,3.4647421836853027,-2.1345794200897217,0.18133140481103,-0.09450633561288835,-1.2013285063971402
-0.14941930770874023,3.6935653686523438,1.0042433738708496,-0.0003271674504503608,-1.5767898559570312,0.19366563856601715,0.04789220914244652,-0.08997954428195953,-0.5598647594451904,0.822290301322937,0.3939216732978821,0.011725171469151974,-0.040090885013341904,-0.014203076250851154,-0.024463672190904617,-0.13736426830291748,3.4677181243896484,-2.1419076919555664,0.18131157436624806,-0.09449286186985595,-1.204125515787453
-0.14851808547973633,3.704491376876831,1.004361867904663,-0.00039743585512042046,-1.5566998720169067,0.19365867972373962,0.0477616973221302,-0.09003551304340363,-0.5610175132751465,0.8215056657791138,0.3939599096775055,0.011728847399353981,-0.040091440081596375,-0.014261975884437561,-0.02449892833828926,-0.13747142255306244,3.4706735610961914,-2.149245262145996,0.18129160873927394,-0.09447958897153064,-1.2069268574126013
-0.152665376663208,3.7102973461151123,1.0044918060302734,-0.00046438403660431504,-1.5366069078445435,0.19365163147449493,0.04763088747859001,-0.09009145945310593,-0.5621695518493652,0.8207192420959473,0.3939970135688782,0.011732053011655807,-0.04008891433477402,-0.014323204755783081,-0.024533845484256744,-0.13757097721099854,3.473609209060669,-2.1565918922424316,0.1812714733877473,-0.09446677373000023,-1.20972906602564
-0.1572132110595703,3.714782476425171,1.004507303237915,-0.00018949923105537891,-1.5165127515792847,0.19364549219608307,0.04750002548098564,-0.0901474580168724,-0.5633217692375183,0.8199301958084106,0.39403778314590454,0.01176461298018694,-0.040098872035741806,-0.014146929606795311,-0.02455294132232666,-0.137674480676651,3.4765238761901855,-2.163947343826294,0.18125180440006974,-0.09445405556939668,-1.2125345754940005
-0.15775561332702637,3.7130985260009766,1.0046972036361694,-0.0005627261125482619,-1.4964169263839722,0.19363896548748016,0.04736887663602829,-0.0902034118771553,-0.5644730925559998,0.8191395401954651,0.3940710127353668,0.011740792542696,-0.040088895708322525,-0.014408225193619728,-0.024600321426987648,-0.13776655495166779,3.4794187545776367,-2.171311378479004,0.18123192923517736,-0.09444178627477351,-1.2153404601183404
-0.16440212726593018,3.7192728519439697,1.0047991275787354,-0.0002549152122810483,-1.4763182401657104,0.19363170862197876,0.04723719134926796,-0.09025929123163223,-0.565625011920929,0.8183459639549255,0.39410555362701416,0.01177658699452877,-0.04010101780295372,-0.01419941708445549,-0.024630997329950333,-0.1378711462020874,3.482292890548706,-2.1786844730377197,0.181211634239861,-0.09442986844757395,-1.2181506686930643
-0.1679694652557373,3.7276523113250732,1.0048991441726685,-0.00035624540760181844,-1.4562183618545532,0.19362503290176392,0.047105446457862854,-0.09031517803668976,-0.5667760372161865,0.8175507187843323,0.3941398859024048,0.011774912476539612,-0.0401034839451313,-0.01428835466504097,-0.024661537259817123,-0.13796597719192505,3.4851465225219727,-2.186065673828125,0.18119157950496217,-0.09441822417630563,-1.2209613361648741
-0.171470046043396,3.728050708770752,1.0050766468048096,-0.0004546943528112024,-1.4361166954040527,0.19361843168735504,0.046973422169685364,-0.0903710126876831,-0.5679272413253784,0.8167527318000793,0.3941696286201477,0.011775264516472816,-0.04010338336229324,-0.014365168288350105,-0.02470218762755394,-0.13806502521038055,3.4879798889160156,-2.193455934524536,0.18117152739102294,-0.09440676287103522,-1.2237754501298004
-0.17768263816833496,3.7314765453338623,1.0052378177642822,-0.0004492781008593738,-1.4160128831863403,0.19361157715320587,0.04684117063879967,-0.09042678028345108,-0.569077730178833,0.8159530162811279,0.39419907331466675,0.011784074828028679,-0.040104515850543976,-0.014367152005434036,-0.024734992533922195,-0.13816502690315247,3.490792751312256,-2.200854778289795,0.18115136515263328,-0.09439560828521776,-1.2265903838765602
-0.18332362174987793,3.7369227409362793,1.005671739578247,-0.0004678422992583364,-1.395907998085022,0.19360531866550446,0.046708881855010986,-0.09048253297805786,-0.5702279806137085,0.8151509165763855,0.3942176401615143,0.011799263767898083,-0.04006696492433548,-0.014386053197085857,-0.024799901992082596,-0.1382855772972107,3.493584156036377,-2.2082624435424805,0.18113158344665814,-0.09438451181698704,-1.2294076835864167
-0.19851088523864746,3.7371561527252197,1.0055842399597168,-0.0006706587737426162,-1.3758015632629395,0.19359974563121796,0.046576738357543945,-0.09053824096918106,-0.5713780522346497,0.8143466114997864,0.3942551016807556,0.011789346113801003,-0.040061816573143005,-0.0145287299528718,-0.024777039885520935,-0.13837707042694092,3.4963555335998535,-2.2156782150268555,0.18111240665383752,-0.0943732054140185,-1.2322272337199165
-0.1954483985900879,3.73671817779541,1.005330204963684,-0.0005400333320721984,-1.3556936979293823,0.19359362125396729,0.04644453153014183,-0.09059365838766098,-0.5725273489952087,0.8135403990745544,0.39429736137390137,0.011803457513451576,-0.04008939489722252,-0.014428657479584217,-0.024746011942625046,-0.13846392929553986,3.499105930328369,-2.223102569580078,0.18109316501471917,-0.09436165924450979,-1.2350476798783399
-0.18655717372894287,3.7438137531280518,1.005800724029541,-0.00047658628318458796,-1.3355841636657715,0.19358611106872559,0.04631173983216286,-0.09064891934394836,-0.5736768841743469,0.8127316832542419,0.39430785179138184,0.011817939579486847,-0.040094923228025436,-0.014378905296325684,-0.024828672409057617,-0.1385725736618042,3.501835823059082,-2.2305350303649902,0.181073259376284,-0.09435047468911817,-1.2378714094282421
-0.20302534103393555,3.7561960220336914,1.005448341369629,-9.356619557365775e-06,-1.3154734373092651,0.1935787796974182,0.046178873628377914,-0.09070397168397903,-0.5748254656791687,0.8119211196899414,0.3943529427051544,0.011862600222229958,-0.040117036551237106,-0.01407354511320591,-0.02478579804301262,-0.1386641561985016,3.504544496536255,-2.237975835800171,0.18105335900348996,-0.09433923558037605,-1.240695703639646
-0.19069194793701172,3.759158134460449,1.005496621131897,-0.0005678501911461353,-1.295361042022705,0.19357050955295563,0.046045321971178055,-0.09075883030891418,-0.5759742856025696,0.8111079335212708,0.39438360929489136,0.011825332418084145,-0.040084317326545715,-0.01447979174554348,-0.024827733635902405,-0.1387583166360855,3.507232189178467,-2.245424509048462,0.1810326138322238,-0.09432841556679361,-1.243523427422231
-0.19238173961639404,3.7690165042877197,1.0059133768081665,-0.0002509485639166087,-1.275246262550354,0.19356268644332886,0.04591140151023865,-0.0908137857913971,-0.5771224498748779,0.8102928996086121,0.3943929374217987,0.011860469356179237,-0.0400957353413105,-0.014288751408457756,-0.0249156653881073,-0.13887260854244232,3.509899377822876,-2.2528815269470215,0.18101174807867226,-0.09431831904614651,-1.2463522808470797
-0.20696818828582764,3.7704737186431885,1.0057272911071777,-0.00010570220183581114,-1.2551311254501343,0.19355669617652893,0.0457775853574276,-0.09086894243955612,-0.5782707333564758,0.8094751834869385,0.39443138241767883,0.011884489096701145,-0.04006900638341904,-0.014212554320693016,-0.024908361956477165,-0.13895560801029205,3.512545347213745,-2.2603464126586914,0.1809917978270461,-0.0943083800473905,-1.2491845092401832
