torque1,torque2,v1,v2,pos1,pos2,quat_x,quat_y,quat_z,quat_w,lin_vel_x,lin_vel_y,lin_vel_z,ang_vel_x,ang_vel_y,ang_vel_z,pos_x,pos_y,euler_x,euler_y,euler_z
-7.64691686630249,0.07817036658525467,0.20336350798606873,-0.0005405449192039669,0.05398908630013466,6.810193008277565e-05,-0.0009384620934724808,-0.04920528084039688,-1.1582099432416726e-05,0.9987882375717163,-0.09325756132602692,0.004382980987429619,-0.026609305292367935,-0.010964878834784031,-0.4348681569099426,0.00020850937289651483,-0.017803147435188293,0.0007504471577703953,-0.0018826274157092977,-0.0984502953157591,6.955526218460406e-05
27.88227653503418,0.13110056519508362,0.26170599460601807,-0.0006264839321374893,0.05893959850072861,5.618352224701084e-05,-0.0010511245345696807,-0.05397194251418114,-1.167017126135761e-05,0.9985418319702148,-0.09238642454147339,0.004544348921626806,-0.03048667125403881,-0.011366892606019974,-0.4909685254096985,6.569945981027558e-05,-0.019643224775791168,0.0008404599502682686,-0.002110219761509455,-0.1079963319270627,9.068449199283044e-05
25.840290069580078,0.18173334002494812,0.3110136389732361,-0.0007296648691408336,0.06492330878973007,4.2366806155769154e-05,-0.0011671405518427491,-0.059209633618593216,-1.270453412871575e-05,0.9982448220252991,-0.09039781242609024,0.0046749478206038475,-0.03339637443423271,-0.011694793589413166,-0.5352534651756287,-5.5712866014800966e-05,-0.02144889533519745,0.0009330112952739,-0.002345124981380314,-0.11848852494886675,0.00011364429663373038
24.11452293395996,0.23349925875663757,0.3514806032180786,-0.0008561916765756905,0.07176133245229721,2.6140876798308454e-05,-0.0012858184054493904,-0.06479958444833755,-1.4436335732170846e-05,0.9978973865509033,-0.08719452470541,0.004773385357111692,-0.03547004610300064,-0.011952106840908527,-0.5677242875099182,-0.00014905068383086473,-0.02319696545600891,0.0010275295935571194,-0.002586079806719305,-0.12968997817256867,0.0001389963430143071
22.698179244995117,0.2978990077972412,0.3833961486816406,-0.0009616778115741909,0.07928185909986496,7.679926966375206e-06,-0.001406466239131987,-0.07062457501888275,-1.6628830053377897e-05,0.9975019097328186,-0.08270469307899475,0.004841473884880543,-0.036794018000364304,-0.012138906866312027,-0.5885536074638367,-0.00020241782476659864,-0.02486257255077362,0.001123547088354826,-0.002831809968273023,-0.1413667505557925,0.0001671550843106062
21.581134796142578,0.3610572814941406,0.4073680639266968,-0.0010508932173252106,0.08732185512781143,-1.2696354133368004e-05,-0.0015284114051610231,-0.07657112926244736,-1.8961405658046715e-05,0.9970629811286926,-0.07690060883760452,0.004878670442849398,-0.03747595474123955,-0.012254824861884117,-0.5981055498123169,-0.0002108380722347647,-0.026419945061206818,0.0012205245438963175,-0.0030810751754329654,-0.1532921760597219,0.0001985815503781667
20.742116928100586,0.4197452962398529,0.42380645871162415,-0.0011362427612766623,0.09572835266590118,-3.4769796911859885e-05,-0.0016509268898516893,-0.08252952247858047,-2.1058416677988134e-05,0.9965872168540955,-0.06977267563343048,0.004884439520537853,-0.037624530494213104,-0.01229806523770094,-0.5968483686447144,-0.00017172635125461966,-0.02784258872270584,0.0013177585788071156,-0.0033325119120007833,-0.1652468419974238,0.00023371099891793967
20.16677474975586,0.47577589750289917,0.4333033561706543,-0.0012125028297305107,0.10436012595891953,-5.857006908627227e-05,-0.0017733278218656778,-0.08839617669582367,-2.254356695630122e-05,0.9960837364196777,-0.06134530529379845,0.004860083572566509,-0.03735071420669556,-0.012260870076715946,-0.5854068994522095,-8.5225619841367e-05,-0.029103994369506836,0.0014147462788969278,-0.003584811078045513,-0.1770232178582738,0.00027286453938090685
19.834383010864258,0.534136176109314,0.43661290407180786,-0.0012898275163024664,0.11308863759040833,-8.391791197936982e-05,-0.0018949502846226096,-0.0940757691860199,-2.3046823116601445e-05,0.9955632090568542,-0.05167177692055702,0.004804789554327726,-0.036754705011844635,-0.012160573154687881,-0.5645316243171692,5.340274947229773e-05,-0.03017861396074295,0.001510991482064128,-0.0038366695219279193,-0.18842992954005688,0.00031624639984094676
19.718547821044922,0.5904690027236938,0.4343605041503906,-0.0013336478732526302,0.12179910391569138,-0.0001105753835872747,-0.002015103818848729,-0.09948001801967621,-2.2170432202983648e-05,0.9950374364852905,-0.040820345282554626,0.004723245278000832,-0.03593548759818077,-0.011972890235483646,-0.5350433588027954,0.00023709017841611058,-0.031041480600833893,0.001605987548828125,-0.004086694097914735,-0.19928936004027697,0.0003640090189542442
19.797382354736328,0.6433632373809814,0.4271823465824127,-0.0013700957642868161,0.13039018213748932,-0.0001380598550895229,-0.0021330188028514385,-0.1045302152633667,-1.9631452232715674e-05,0.9945192933082581,-0.028873948380351067,0.004614385776221752,-0.03497711196541786,-0.011712862178683281,-0.4978407323360443,0.00046443502651527524,-0.03166929632425308,0.0016992418095469475,-0.004333261913152823,-0.20944265745892587,0.000415972499773131
20.04861831665039,0.6874430179595947,0.4160475432872772,-0.0014212995301932096,0.1387759894132614,-0.00016559092910028994,-0.0022476864978671074,-0.109157033264637,-1.5125622667255811e-05,0.9940218925476074,-0.0159416776150465,0.00447826599702239,-0.03394819796085358,-0.011379816569387913,-0.45391857624053955,0.0007314797840081155,-0.03204038739204407,0.0017902664840221405,-0.004574218871617747,-0.218749472121047,0.00047187627941948596
20.438335418701172,0.7159723043441772,0.4014960825443268,-0.0017039846861734986,0.14688293635845184,-0.00019567276467569172,-0.0023589623160660267,-0.113301582634449,-8.490018444717862e-06,0.9935578107833862,-0.002121163997799158,0.004298340529203415,-0.03290136903524399,-0.01109249796718359,-0.40423938632011414,0.0010305712930858135,-0.0321352481842041,0.0018784948624670506,-0.004809095825895252,-0.22709021146406894,0.000531319012784643
20.9476375579834,0.7971476316452026,0.384212851524353,-0.001629918348044157,0.15465907752513885,-0.00022592100140172988,-0.0024660343769937754,-0.11691494286060333,8.313004400406498e-07,0.99313884973526,0.012478114105761051,0.004121724981814623,-0.03187814727425575,-0.010585848242044449,-0.34981614351272583,0.0013821936445310712,-0.031936727464199066,0.0019635644275695086,-0.005036122064809396,-0.23436516132488827,0.0005945372690665975
21.552549362182617,0.8308142423629761,0.3650037944316864,-0.0016204542480409145,0.16206014156341553,-0.0002563860616646707,-0.0025683999992907047,-0.11995771527290344,1.29791633298737e-05,0.9927756786346436,0.02773967571556568,0.003918868023902178,-0.03090268187224865,-0.010039529763162136,-0.2916782796382904,0.0017496384680271149,-0.031429633498191833,0.0020451012533158064,-0.005254035994799038,-0.24049369082631378,0.0006609926701161144
22.22486686706543,0.8657183647155762,0.34461653232574463,-0.0016356531996279955,0.1690579056739807,-0.0002874507918022573,-0.002665488747879863,-0.12240137904882431,2.8048039894201793e-05,0.9924770593643188,0.043549660593271255,0.0036941226571798325,-0.029980292543768883,-0.00943753682076931,-0.23083052039146423,0.0021299095824360847,-0.030601538717746735,0.0021226380486041307,-0.005461411288293719,-0.24541714563818018,0.0007300689337317688
22.93842124938965,0.9088914394378662,0.3236372470855713,-0.0016366052441298962,0.17563751339912415,-0.0003189502458553761,-0.0027568151708692312,-0.12422692030668259,4.615693251253106e-05,0.9922499656677246,0.059798698872327805,0.003450696123763919,-0.02911309339106083,-0.008784297853708267,-0.1682373285293579,0.0025258439127355814,-0.02944248914718628,0.002195852342993021,-0.005656996567955999,-0.24909612128932856,0.0008012705849136975
23.672697067260742,0.949212908744812,0.30274081230163574,-0.0016284235753118992,0.18179748952388763,-0.00035060601658187807,-0.0028419133741408587,-0.12542439997196198,6.739145464962348e-05,0.9920991063117981,0.07637567818164825,0.003189601469784975,-0.02828696370124817,-0.00808598194271326,-0.10484319925308228,0.002929789014160633,-0.02794496715068817,0.0022643709089607,-0.005839582777215932,-0.25150974531807413,0.0008741100991218851
24.404071807861328,0.9841353297233582,0.2824583947658539,-0.0016221243422478437,0.18754759430885315,-0.0003822564030997455,-0.002920309780165553,-0.12599323689937592,9.165475057670847e-05,0.992026686668396,0.09317316859960556,0.00291184289380908,-0.027487875893712044,-0.007346686441451311,-0.04153938964009285,0.003330651670694351,-0.026104211807250977,0.002327981870621443,-0.006007923133692902,-0.2526563217364757,0.0009478183280523323
25.113954544067383,1.0158309936523438,0.26334458589553833,-0.0016189462039619684,0.1929088979959488,-0.00041398010216653347,-0.002991356188431382,-0.12594129145145416,0.00011879129306180403,0.9920331239700317,0.11007006466388702,0.002619269071146846,-0.026735838502645493,-0.0065721930004656315,0.02080097235739231,0.00372184906154871,-0.0239177867770195,0.002386203035712242,-0.006160429491630051,-0.25255134613692753,0.0010215666800919006
25.782939910888672,1.0491864681243896,0.245870441198349,-0.0016135347541421652,0.19791245460510254,-0.00044565965072251856,-0.0030554658733308315,-0.12528391182422638,0.00014902412658557296,0.9921161532402039,0.12699545919895172,0.0023122690618038177,-0.025898337364196777,-0.005772903561592102,0.08144797384738922,0.0041001103818416595,-0.021385885775089264,0.00243910844437778,-0.006297834826654477,-0.25122584026876926,0.001095695891744465
26.394533157348633,1.080161213874817,0.23052231967449188,-0.0015813844511285424,0.2025979608297348,-0.00047705695033073425,-0.003112038131803274,-0.12404260784387589,0.00018213987641502172,0.9922719597816467,0.14382724463939667,0.001994864083826542,-0.02499476820230484,-0.004938016179949045,0.1396365463733673,0.004457127768546343,-0.01851055771112442,0.0024862964637577534,-0.0064187262536282525,-0.2487234440259074,0.0011695041925000689
26.931718826293945,1.1061043739318848,0.21762964129447937,-0.0015607678797096014,0.2070128172636032,-0.0005080157425254583,-0.003160810098052025,-0.12224659323692322,0.00021790142636746168,0.9924946427345276,0.16044685244560242,0.0016657926607877016,-0.024051571264863014,-0.004095403011888266,0.19467660784721375,0.004786361008882523,-0.015296585857868195,0.002527618547901511,-0.00652243652832111,-0.24510359876101706,0.001242463490953079
27.38296127319336,1.1284962892532349,0.20750167965888977,-0.001535756979137659,0.2112112045288086,-0.0005385442054830492,-0.003201605286449194,-0.11993102729320526,0.0002560789871495217,0.9927768707275391,0.17676033079624176,0.0013280287384986877,-0.02301899902522564,-0.0032376167364418507,0.2459808737039566,0.005080938804894686,-0.011751025915145874,0.0025629170704632998,-0.006608534188963843,-0.24043788289069346,0.0013142077546790321
27.737442016601562,1.1506335735321045,0.20040680468082428,-0.0014932516496628523,0.21525317430496216,-0.0005683982744812965,-0.00323426048271358,-0.11713690310716629,0.0002963846200145781,0.9931104779243469,0.19266407191753387,0.0009841008577495813,-0.021885888651013374,-0.002369200112298131,0.29301145672798157,0.005337610375136137,-0.007883280515670776,0.0025921622291207314,-0.006676655642629607,-0.23480963537482724,0.0013843774425892652
27.985761642456055,1.167227029800415,0.19664616882801056,-0.00144935620483011,0.21920280158519745,-0.0005974615924060345,-0.003258696524426341,-0.11390957981348038,0.0003385357849765569,0.9934856295585632,0.20805034041404724,0.0006346988957375288,-0.02065240405499935,-0.001501905731856823,0.33528932929039,0.00555140245705843,-0.0037047117948532104,0.002615125849843025,-0.0067266688447242505,-0.22831122431684525,0.0014527540828686552
28.11738395690918,1.1807143688201904,0.19624318182468414,-0.0013943081721663475,0.22312721610069275,-0.000625534332357347,-0.0032748389057815075,-0.11029917001724243,0.0003821218851953745,0.9938929677009583,0.22282783687114716,0.00028271236806176603,-0.01931856758892536,-0.0006364992586895823,0.37244826555252075,0.005718555301427841,0.0007712617516517639,0.0026318570598959923,-0.006758464374585276,-0.22104430056381363,0.0015189588499620816
28.131488800048828,1.1892257928848267,0.19933557510375977,-0.0013371752575039864,0.22709617018699646,-0.0006525391945615411,-0.0032827015966176987,-0.1063578724861145,0.0004268871562089771,0.9943223595619202,0.23690101504325867,-7.053962326608598e-05,-0.01789671741425991,0.00021816708613187075,0.4041692018508911,0.0058364965952932835,0.0055296048521995544,0.002642319304868579,-0.00677219222814434,-0.21311478301753706,0.0015830229327738296
28.02325439453125,1.195134162902832,0.20595921576023102,-0.0012656645849347115,0.23117995262145996,-0.0006781911943107843,-0.0032822939101606607,-0.10214141756296158,0.00047243732842616737,0.9947642683982849,0.2501828968524933,-0.0004217718669679016,-0.016410136595368385,0.0010610510362312198,0.43022117018699646,0.005903059151023626,0.010553613305091858,0.002646561712026596,-0.006767993311874798,-0.20463542085119268,0.0016447626244610655
27.791427612304688,1.1940001249313354,0.2160848081111908,-0.0011887138243764639,0.23544874787330627,-0.0007023942889645696,-0.003273702459409833,-0.09770675003528595,0.0005183736211620271,0.9952096939086914,0.2625972628593445,-0.0007692604558542371,-0.014883965253829956,0.0018884576857089996,0.45045822858810425,0.005916970781981945,0.015825361013412476,0.002644563326612115,-0.0067461891960114255,-0.19572121342996085,0.0017040416172805018
27.437030792236328,1.1895060539245605,0.22967417538166046,-0.0011006640270352364,0.23997187614440918,-0.0007249327609315515,-0.003257020143792033,-0.09311244636774063,0.000564291316550225,0.9956501126289368,0.2740744650363922,-0.0011100104311481118,-0.01335675548762083,0.0026964093558490276,0.4648076891899109,0.005876602604985237,0.02132534608244896,0.002636505523696542,-0.0067071342365927255,-0.18649026011543834,0.001760741995630601
26.96140480041504,1.179042100906372,0.2465931624174118,-0.001009628176689148,0.24481628835201263,-0.0007457135943695903,-0.0032324090134352446,-0.08841755986213684,0.0006097988225519657,0.9960780143737793,0.2845597267150879,-0.001442395499907434,-0.011871512979269028,0.0034790141507983208,0.47328847646713257,0.005784567911177874,0.027033288031816483,0.002622440690174699,-0.006651335914863968,-0.17706136901525915,0.0018147922888489489
26.369237899780273,1.1649683713912964,0.2666141986846924,-0.0009100057650357485,0.25004616379737854,-0.0007645784062333405,-0.0032000509090721607,-0.08367893099784851,0.0006546017248183489,0.9964874386787415,0.2940167784690857,-0.0017636815318837762,-0.01046502124518156,0.004234073217958212,0.47600725293159485,0.0056420667096972466,0.032928768545389175,0.002602627035230398,-0.006579354068437929,-0.16754862952222038,0.0018662940364181427
25.668502807617188,1.1458185911178589,0.28970909118652344,-0.0008031522738747299,0.25572121143341064,-0.0007813657866790891,-0.0031601593364030123,-0.07895281910896301,0.0006982519989833236,0.9968730807304382,0.3024097681045532,-0.002071704715490341,-0.009187070652842522,0.00495896628126502,0.47311052680015564,0.0054527814500033855,0.038990579545497894,0.002577168168500066,-0.006491787059838177,-0.1580648463486254,0.0019150185690251168
24.86018180847168,1.1213699579238892,0.3153996467590332,-0.0006892235833220184,0.2618967890739441,-0.0007959515205584466,-0.003112991340458393,-0.07429429888725281,0.0007404098869301379,0.9972312450408936,0.3097393214702606,-0.0023640936706215143,-0.00807650201022625,0.005653033498674631,0.4648815095424652,0.005218212492763996,0.04519741237163544,0.0025463395286351442,-0.006389332198415278,-0.14872019570996553,0.001960921528010907
23.96101188659668,1.0922410488128662,0.34352052211761475,-0.0005768133560195565,0.26862314343452454,-0.0008083320572040975,-0.003058840287849307,-0.0697537362575531,0.0007807447691448033,0.9975592494010925,0.31600362062454224,-0.002639687154442072,-0.007180476561188698,0.006308946292847395,0.45161083340644836,0.004944384563714266,0.051528409123420715,0.0025103820953518152,-0.006272745584336804,-0.13961532440967228,0.0020039095637066394
22.976781845092773,1.0608410835266113,0.3737618625164032,-0.0004556007625069469,0.2759438157081604,-0.000818415661342442,-0.0029980503022670746,-0.0653793066740036,0.0008190454682335258,0.9978556632995605,0.3212231695652008,-0.0028961305506527424,-0.006528417579829693,0.006927591748535633,0.43367278575897217,0.004637628793716431,0.05796308442950249,0.002469566185027361,-0.006142888773729497,-0.13084635238281028,0.0020440736577663926
21.918333053588867,1.025313377380371,0.405789315700531,-0.00033578378497622907,0.28389665484428406,-0.0008261281764134765,-0.002930976916104555,-0.06121417507529259,0.0008550813654437661,0.9981199502944946,0.3254297077655792,-0.0031326282769441605,-0.006158868316560984,0.007501039654016495,0.41149020195007324,0.004302977118641138,0.06448175758123398,0.0024242468643933535,-0.006000622055755018,-0.12249931729601027,0.0020813810085334936
20.797374725341797,0.9859344959259033,0.4393215775489807,-0.00021335159544833004,0.2925121784210205,-0.0008314662263728678,-0.0028580331709235907,-0.057297877967357635,0.0008886572322808206,0.998352587223053,0.3286672830581665,-0.003347627120092511,-0.006084997672587633,0.008032186888158321,0.3855230212211609,0.003947660326957703,0.07106546312570572,0.002374634612351656,-0.00584690726166639,-0.11465292803054483,0.002115797924035804
19.62374496459961,0.9441158175468445,0.47390782833099365,-9.083155600819737e-05,0.30181410908699036,-0.0008344153757207096,-0.0027796514332294464,-0.05366487801074982,0.0009196550818160176,0.9985547065734863,0.3309955298900604,-0.0035401596687734127,-0.00633088406175375,0.008516455069184303,0.35628512501716614,0.0035764966160058975,0.07769634574651718,0.002321197185665369,-0.005682733054686546,-0.10737573447287674,0.0021473599418053717
18.413225173950195,0.899620771408081,0.5092605948448181,2.301227141288109e-05,0.3118189573287964,-0.0008349978015758097,-0.002696292707696557,-0.050344258546829224,0.0009479757281951606,0.9987277984619141,0.3324779272079468,-0.003710224060341716,-0.006896001752465963,0.008947319351136684,0.32429131865501404,0.0031955146696418524,0.08435796201229095,0.0022643106058239937,-0.0055091265261310645,-0.10072555058750399,0.0021760564109480083
17.175878524780273,0.853202760219574,0.5449423789978027,0.0001360843889415264,0.322536438703537,-0.0008332942961715162,-0.002608446404337883,-0.04735925421118736,0.0009736224310472608,0.9988740086555481,0.3331916630268097,-0.0038565609138458967,-0.007778428960591555,0.009328766725957394,0.2900921702384949,0.002810876118019223,0.09103532880544662,0.002204251941293478,-0.005327157917086521,-0.09474848321400553,0.0022019989286361425
15.927017211914062,0.8061138987541199,0.5807024240493774,0.00025155182811431587,0.3339684307575226,-0.0008292892598547041,-0.0025166242849081755,-0.04472842067480087,0.0009964884957298636,0.9989954233169556,0.3332115113735199,-0.003978572320193052,-0.00896617490798235,0.009659393690526485,0.254218727350235,0.0024287262931466103,0.09771476686000824,0.0021415427327156067,-0.0051379141539640155,-0.08948133986836782,0.002225008172054126
14.6754150390625,0.7564100027084351,0.6161162257194519,0.00035677466075867414,0.3461105227470398,-0.0008231286774389446,-0.0024213865399360657,-0.042464613914489746,0.001016636029817164,0.9990944266319275,0.3326247036457062,-0.004077046178281307,-0.010443287901580334,0.009933113120496273,0.21722885966300964,0.0020538074895739555,0.10438433289527893,0.002076559467241168,-0.004942573811799538,-0.08494954582464964,0.0022451757696493498
13.435932159423828,0.707467794418335,0.6508621573448181,0.00046267983270809054,0.3589511811733246,-0.0008148820488713682,-0.0023232758976519108,-0.040574584156274796,0.0010341337183490396,0.9991732835769653,0.33151763677597046,-0.004151383880525827,-0.01218208484351635,0.010152913630008698,0.17965450882911682,0.001693408121354878,0.11103393137454987,0.0020096704829484224,-0.00474225953225343,-0.08116636566059499,0.002262540056541694
12.21982479095459,0.6578260660171509,0.6846955418586731,0.000563863548450172,0.37247294187545776,-0.000804601761046797,-0.002222878858447075,-0.03906071186065674,0.0010491319699212909,0.9992337822914124,0.3299742639064789,-0.004201979376375675,-0.014151928015053272,0.010314728133380413,0.14200347661972046,0.0013486928073689342,0.11765483021736145,0.0019413211848586798,-0.004538173213079013,-0.07813639012299145,0.0022772609282747354
11.035655975341797,0.6071945428848267,0.7172185182571411,0.000658689416013658,0.38665246963500977,-0.0007923882221803069,-0.0021207709796726704,-0.03791997209191322,0.0010617112275213003,0.9992778897285461,0.3280869722366333,-0.00422927038744092,-0.016315817832946777,0.010419310070574284,0.10478565096855164,0.001024446333758533,0.12424004822969437,0.0018720198422670364,-0.004331468467827319,-0.07585340664678153,0.0022893134980239297
9.89735221862793,0.5566328763961792,0.7483082413673401,0.0007450440898537636,0.40146124362945557,-0.0007784090703353286,-0.0020176165271550417,-0.03714510798454285,0.0010720400605350733,0.9993072152137756,0.3259353041648865,-0.0042338864877820015,-0.01863691583275795,0.010465423576533794,0.06844527274370193,0.0007237743120640516,0.13078418374061584,0.0018021308351308107,-0.004123469102748393,-0.07430278198763496,0.0022988290626568928
8.809211730957031,0.5076528787612915,0.7776222229003906,0.000828664458822459,0.41686558723449707,-0.0007626594742760062,-0.0019140798831358552,-0.03672410920262337,0.0010801638709381223,0.9993229508399963,0.3236079812049866,-0.004215823020786047,-0.021069221198558807,0.010454452596604824,0.03343229740858078,0.00044797101872973144,0.1372835636138916,0.00173218734562397,-0.003915474634834071,-0.07346041914873802,0.002305671635972818
7.783222198486328,0.4567994773387909,0.8050431609153748,0.00089770567137748,0.4328283369541168,-0.0007453668513335288,-0.0018112511606886983,-0.03663984686136246,0.0010863564675673842,0.999326229095459,0.32117778062820435,-0.004176371730864048,-0.023622123524546623,0.010385259054601192,0.000131787164718844,0.0001982084068004042,0.1437363624572754,0.001662757247686386,-0.0037096375909217304,-0.07329199523694285,0.0023101813893385073
6.823489189147949,0.4089444577693939,0.8303887844085693,0.0009608031832613051,0.44930827617645264,-0.000726618804037571,-0.0017087964806705713,-0.036871302872896194,0.0010907920077443123,0.9993179440498352,0.31872794032096863,-0.004115819465368986,-0.02614908665418625,0.01026124507188797,-0.031108630821108818,-2.895577017625328e-05,0.15014240145683289,0.0015940021257847548,-0.0035052368138927055,-0.07375543625805792,0.002312396024464884
5.936392784118652,0.36137855052948,0.8534066081047058,0.0010214076610282063,0.4662610590457916,-0.0007067281403578818,-0.0016071659047156572,-0.03739732503890991,0.0010936753824353218,0.9992985129356384,0.31633076071739197,-0.0040349154733121395,-0.02866860292851925,0.010086086578667164,-0.05996190011501312,-0.00022278261894825846,0.15650182962417603,0.0015262607485055923,-0.0033031228520278913,-0.07480843342407417,0.0023124938527045755
5.130768775939941,0.31891828775405884,0.8741746544837952,0.0010880876798182726,0.483641117811203,-0.0006855821702629328,-0.001507254084572196,-0.03819229453802109,0.001095223007723689,0.999268651008606,0.31404438614845276,-0.003934021107852459,-0.031138727441430092,0.009856845252215862,-0.08619175851345062,-0.00038348574889823794,0.16281673312187195,0.0014601193834096193,-0.0031050242507446833,-0.07639972828676145,0.002310717617894832
4.4038872718811035,0.27294039726257324,0.8924883008003235,0.0011398006463423371,0.5014001727104187,-0.0006632906151935458,-0.0014096387894824147,-0.039228446781635284,0.001095684478059411,0.9992286562919617,0.31193098425865173,-0.003815129864960909,-0.0335785448551178,0.009573455899953842,-0.10955610126256943,-0.0005138295819051564,0.16909033060073853,0.001395896077156067,-0.00291203289897191,-0.07847380724200526,0.002307377586916326
3.762909412384033,0.22800245881080627,0.908448338508606,0.0011840533697977662,0.5194897651672363,-0.0006400129641406238,-0.0013148782309144735,-0.04047567397356033,0.0010952061275020242,0.9991790056228638,0.31004464626312256,-0.0036785141564905643,-0.03585686534643173,0.009244867600500584,-0.12991128861904144,-0.0006158496253192425,0.1753271222114563,0.00133415125310421,-0.002725188090402345,-0.08097046344808834,0.002302601428783807
3.204308032989502,0.1852588951587677,0.9218378067016602,0.0012207156978547573,0.5378608703613281,-0.0006160064949654043,-0.001223537139594555,-0.04190219193696976,0.0010940517531707883,0.9991203546524048,0.30843645334243774,-0.003525255946442485,-0.038027890026569366,0.008872385136783123,-0.14710025489330292,-0.0006881270674057305,0.18153256177902222,0.0012751321773976088,-0.0025455491902880768,-0.0838261283232109,0.0022967834240129287
2.7356767654418945,0.14692243933677673,0.9328219890594482,0.0012594991130754352,0.5564647316932678,-0.0005912756314501166,-0.0011360179632902145,-0.043476928025484085,0.0010923502268269658,0.9990531206130981,0.30714139342308044,-0.0033556893467903137,-0.0400470569729805,0.008458944037556648,-0.16107586026191711,-0.0007325077312998474,0.18771255016326904,0.0012192565482109785,-0.002373844941614886,-0.08697867947455773,0.0022900723223129556
2.3512303829193115,0.1079401969909668,0.9414924383163452,0.0012824300210922956,0.5752536654472351,-0.0005660054157488048,-0.001052816747687757,-0.04516701400279999,0.0010903107468038797,0.9989781975746155,0.3061908185482025,-0.0031722576823085546,-0.041892752051353455,0.00800214521586895,-0.17181411385536194,-0.0007506066467612982,0.1938740611076355,0.0011668505612760782,-0.002210997010159163,-0.09036237044917361,0.0022828146054213465
2.047764778137207,0.07210934162139893,0.9478427171707153,0.0012954664416611195,0.5941812992095947,-0.0005403245449997485,-0.0009743436821736395,-0.046939950436353683,0.0010881562484428287,0.998896598815918,0.3056141436100006,-0.002975616604089737,-0.04355128854513168,0.007506800815463066,-0.17931842803955078,-0.0007443873910233378,0.2000245600938797,0.0011183263268321753,-0.002057762365115335,-0.09391218407395474,0.0022754112241101278
1.8255048990249634,0.038431525230407715,0.9520370364189148,0.001305383164435625,0.6132033467292786,-0.0005144235328771174,-0.0009010016801767051,-0.04876387491822243,0.0010860336478799582,0.9988092184066772,0.30542635917663574,-0.0027663884684443474,-0.04501892998814583,0.006981770973652601,-0.18365813791751862,-0.0007143620168790221,0.20617172122001648,0.0010738922283053398,-0.0019148840872184904,-0.09756439095089786,0.002268142426818982
1.678703784942627,0.008333444595336914,0.9541090726852417,0.0013116338523104787,0.6322778463363647,-0.0004883926594629884,-0.0008331125718541443,-0.05060844495892525,0.0010841299081221223,0.9987176060676575,0.3056436777114868,-0.0025459337048232555,-0.04628681018948555,0.006427208427339792,-0.18492044508457184,-0.0006624323432333767,0.212323397397995,0.0010338425636291504,-0.0017829544032956263,-0.10125823823370084,0.002261389740404121
1.6061824560165405,-0.020099341869354248,0.9543205499649048,0.0013034226140007377,0.6513654589653015,-0.0004623644344974309,-0.0007710053469054401,-0.05244367942214012,0.0010825784411281347,0.9986230134963989,0.3062654137611389,-0.0023163603618741035,-0.04734968766570091,0.005841746460646391,-0.18325962126255035,-0.0005906141013838351,0.21848773956298828,0.000998510280624032,-0.0016625818936006715,-0.10493372437188064,0.0022554521409323004
1.5987807512283325,-0.04588961601257324,0.9527087807655334,0.0012930085649713874,0.6704306602478027,-0.0004365157801657915,-0.0007149602752178907,-0.05424153804779053,0.001081551075913012,0.9985270500183105,0.30729466676712036,-0.002077888697385788,-0.04821508005261421,0.005238039884716272,-0.17882762849330902,-0.0005004970589652658,0.22467286884784698,0.0009680362418293953,-0.001554290427671114,-0.10853468943163613,0.0022507222742018476
1.6551926136016846,-0.06797224283218384,0.9495897889137268,0.00127389223780483,0.6894403696060181,-0.00041097874054685235,-0.0006652213633060455,-0.055975787341594696,0.0010811537504196167,0.9984312653541565,0.3087170422077179,-0.0018325602868571877,-0.04888255149126053,0.004613031633198261,-0.17184506356716156,-0.00039302100776694715,0.23088672757148743,0.0009426337201148272,-0.0014585329102913744,-0.11200858770681621,0.002247473698341293
1.764357328414917,-0.08711263537406921,0.9450194239616394,0.0012535837013274431,0.7083665132522583,-0.0003858420823235065,-0.0006219975184649229,-0.05762198567390442,0.0010815319838002324,0.9983375668525696,0.3105248212814331,-0.0015809661708772182,-0.04935699328780174,0.003975762985646725,-0.16251739859580994,-0.0002712659479584545,0.237137109041214,0.0009225024841725826,-0.0013757030444375529,-0.11530641051791846,0.002246066753400566
1.9243202209472656,-0.104087233543396,0.9393291473388672,0.001219999510794878,0.7271834015846252,-0.0003613063308876008,-0.0005854409537278116,-0.0591593012213707,0.0010828622616827488,0.9982477426528931,0.3126930594444275,-0.0013254900695756078,-0.04964495077729225,0.003323644632473588,-0.1511111855506897,-0.00013727045734412968,0.24343113601207733,0.000907801790162921,-0.0013060954725279208,-0.11838636606311637,0.0022469276225403783
2.1234798431396484,-0.11646038293838501,0.9324861764907837,0.0011824616231024265,0.7458703517913818,-0.0003374674415681511,-0.0005556645337492228,-0.06056872010231018,0.0010851743863895535,0.9981632232666016,0.31520789861679077,-0.0010670219780877233,-0.04975847527384758,0.002663249149918556,-0.1378570795059204,1.0042835128842853e-05,0.2497757077217102,0.0008985414169728756,-0.0012499141261186528,-0.12121033134069492,0.0022501858413662592
2.3629837036132812,-0.12622708082199097,0.9250870943069458,0.0011424452532082796,0.7644108533859253,-0.0003143650246784091,-0.0005327300168573856,-0.06183396652340889,0.0010884820949286222,0.998085618019104,0.31802403926849365,-0.0008064556168392301,-0.04970446601510048,0.002000393345952034,-0.12308698147535324,0.00016586364654358476,0.2561768591403961,0.0008949253242462873,-0.001207262793269768,-0.12374562657097266,0.0022559310795168337
2.6219515800476074,-0.1344742476940155,0.9169560074806213,0.0010864215437322855,0.7827913165092468,-0.0002922476560343057,-0.0005166931659914553,-0.06294243037700653,0.0010929261334240437,0.9980164170265198,0.32112738490104675,-0.000546399038285017,-0.049492623656988144,0.0013335548574104905,-0.10702315717935562,0.0003299456730019301,0.26264017820358276,0.00089691998437047,-0.0011782553962843775,-0.12596689994694277,0.002264504711576644
2.9065396785736084,-0.13677382469177246,0.9084030985832214,0.0010372858960181475,0.8010033965110779,-0.0002711935667321086,-0.0005075586959719658,-0.06388264894485474,0.0010985401459038258,0.9979565739631653,0.3244786858558655,-0.0002865371643565595,-0.04913611710071564,0.000675005023367703,-0.08997395634651184,0.0005021845572628081,0.2691706418991089,0.0009045589249581099,-0.0011628902110536893,-0.1278511546099479,0.002276018029579526
3.2058916091918945,-0.136453777551651,0.8997128009796143,0.000977160525508225,0.8190423250198364,-0.0002512427163310349,-0.0005052894121035933,-0.06464724242687225,0.0011053885100409389,0.9979073405265808,0.32803767919540405,-2.9665967304026708e-05,-0.04864559695124626,1.6787513231975026e-05,-0.07223855704069138,0.0006796385860070586,0.27577245235443115,0.0009179015178233385,-0.0011610899761598137,-0.12938350372009277,0.0022906301311055254
3.510051965713501,-0.13423937559127808,0.8909591436386108,0.0009129479876719415,0.8369063138961792,-0.0002325921959709376,-0.0005098238470964134,-0.0652318224310875,0.0011135315289720893,0.9978693127632141,0.3317711055278778,0.00022335322864819318,-0.04803397133946419,-0.0006293572951108217,-0.05408094823360443,0.0008632541284896433,0.28244882822036743,0.0009367521852254868,-0.0011727311607604145,-0.13055511247086327,0.0023084793920339734
3.81643009185791,-0.12679025530815125,0.8824517130851746,0.000847441959194839,0.8545978665351868,-0.00021519877191167325,-0.0005210185772739351,-0.06563401222229004,0.0011230091331526637,0.9978428483009338,0.3356342613697052,0.000471535517135635,-0.047307390719652176,-0.0012643340742215514,-0.03579241782426834,0.0010484101949259639,0.28920239210128784,0.000961219659075141,-0.001197522377528932,-0.13136119145575686,0.0023296400830057026
4.114190101623535,-0.11895570158958435,0.8742302656173706,0.0007697378168813884,0.8721222877502441,-0.0001992308534681797,-0.0005386958946473897,-0.06585419178009033,0.0011338067706674337,0.9978283643722534,0.3395913541316986,0.0007127018179744482,-0.04648970812559128,-0.0018854880472645164,-0.01761663146317005,0.0012355459621176124,0.2960350811481476,0.0009910978842526674,-0.0012350969655745897,-0.13180244446908884,0.0023540601571473366
4.401940822601318,-0.10633380711078644,0.8663727045059204,0.0007096895715221763,0.8894883990287781,-0.00018462429579813033,-0.0005618416471406817,-0.06589610874652863,0.001145563437603414,0.997825562953949,0.3436009883880615,0.000948397908359766,-0.045627593994140625,-0.0024741501547396183,0.00020018576469738036,0.001422980334609747,0.3029475510120392,0.0010260038543492556,-0.001283362136026614,-0.13188639211346498,0.0023808705301863603
4.676955223083496,-0.09363928437232971,0.85918790102005,0.000613993383012712,0.9067074060440063,-0.0001720099535305053,-0.0005919229588471353,-0.06576626002788544,0.001159096835181117,0.9978341460227966,0.3476269841194153,0.001171624637208879,-0.0446624681353569,-0.00305946241132915,0.017410287633538246,0.0016210306202992797,0.3099398612976074,0.00106621696613729,-0.0013453791811275802,-0.13162603378166127,0.0024118959281051733
4.9284234046936035,-0.06634052097797394,0.8526837229728699,0.0005532000795938075,0.923793375492096,-0.00016052491264417768,-0.0006280601373873651,-0.06547023355960846,0.0011742535280063748,0.9978535771369934,0.3516353964805603,0.0013880026526749134,-0.0436098538339138,-0.003619093680754304,0.03382021561264992,0.001808400615118444,0.3170118033885956,0.001111574238166213,-0.0014193494121861835,-0.13103259317403393,0.0024466815138212772
5.156069755554199,-0.05517531931400299,0.8469927310943604,0.00046153986477293074,0.940761923789978,-0.00015065475599840283,-0.0006698074284940958,-0.06501831859350204,0.0011907408479601145,0.9978830814361572,0.3555794954299927,0.001592257060110569,-0.04254155233502388,-0.004146808758378029,0.049224335700273514,0.0019856018479913473,0.32416194677352905,0.0011616761330515146,-0.0015043381466994267,-0.13012670661922354,0.0024845483105802157
5.355254173278809,-0.03268752992153168,0.8423140645027161,0.0003632383013609797,0.9576307535171509,-0.0001426131057087332,-0.0007169171003624797,-0.06442084908485413,0.0012085095513612032,0.9979218244552612,0.3594265580177307,0.0017843748209998012,-0.04141713306307793,-0.004646993242204189,0.06344729661941528,0.002156104426831007,0.33138859272003174,0.0012164104264229536,-0.0015998399930479876,-0.1289291064424598,0.002525327461742128
5.519007682800293,-0.004102006554603577,0.8385061621665955,0.00027979814331047237,0.9744186997413635,-0.00013634371862281114,-0.0007690112688578665,-0.0636913850903511,0.0012275584740564227,0.9979684352874756,0.36314961314201355,0.001964707626029849,-0.040271516889333725,-0.005112314596772194,0.07637237012386322,0.0023218176793307066,0.33868882060050964,0.0012753750197589397,-0.0017051024648115966,-0.12746703251453328,0.0025689331719419457
5.652284145355225,0.02512839436531067,0.8357369899749756,0.00019627124129328877,0.9911459684371948,-0.00013167269935365766,-0.0008257958688773215,-0.06284309923648834,0.001247828477062285,0.998022198677063,0.3667040169239044,0.002131477929651737,-0.039188094437122345,-0.005547754466533661,0.08785150200128555,0.0024792631156742573,0.34605979919433594,0.001338497968390584,-0.0018195324785896846,-0.12576686662489478,0.002615170881978596
5.749205589294434,0.0524774044752121,0.833996593952179,0.00010840654431376606,1.0078331232070923,-0.00012875594256911427,-0.0008868349250406027,-0.06189202144742012,0.0012692440068349242,0.998081624507904,0.37007755041122437,0.0022837526630610228,-0.03808443620800972,-0.005944206379354,0.09780576825141907,0.0026276023127138615,0.35349729657173157,0.0014053669292479753,-0.0019422603018425398,-0.12386079250237136,0.002663804779221775
5.810119152069092,0.08469739556312561,0.8333064913749695,2.867111106752418e-05,1.0245015621185303,-0.00012755235366057605,-0.0009517780272290111,-0.06085313856601715,0.0012917246203869581,0.998145341873169,0.3732476532459259,0.0024217823520302773,-0.03695666417479515,-0.006299862638115883,0.10616406053304672,0.002764512086287141,0.3609973192214966,0.0014756896998733282,-0.002072587840844645,-0.1217788944615803,0.002714603080262675
5.834272861480713,0.11780819296836853,0.8337121605873108,-5.3608906455338e-05,1.0411720275878906,-0.0001280542928725481,-0.0010201990371569991,-0.05974307283759117,0.0013152369065210223,0.998212456703186,0.376179039478302,0.0025440806057304144,-0.03591397777199745,-0.00661911116912961,0.11286512762308121,0.0028899358585476875,0.3685552477836609,0.0015492127276957035,-0.00220967785783346,-0.11955446235269873,0.0027674288284126737
5.820074558258057,0.1524718999862671,0.8351215720176697,-0.000142602133564651,1.0578657388687134,-0.00013020081678405404,-0.001091648475266993,-0.058578621596097946,0.0013396729482337832,0.9982813000679016,0.3788580894470215,0.002649768255650997,-0.034964464604854584,-0.006904388777911663,0.11790037900209427,0.0030032836366444826,0.37616610527038574,0.0016255297232419252,-0.0023526441999065927,-0.1172212288695531,0.0028220053012774702
5.770744800567627,0.1875622272491455,0.8375354409217834,-0.00022216701472643763,1.0746030807495117,-0.0001340123126283288,-0.0011657171417027712,-0.057376038283109665,0.0013649709289893508,0.998350977897644,0.38128048181533813,0.0027398664969950914,-0.034042082726955414,-0.007141666021198034,0.12127278745174408,0.003103450173512101,0.38382482528686523,0.0017043729312717915,-0.0025006893839567275,-0.1148117463660634,0.002878161555961031
5.686259746551514,0.22472675144672394,0.8409897685050964,-0.0003051030798815191,1.0914037227630615,-0.00013943054364062846,-0.001241927733644843,-0.056152328848838806,0.001391059486195445,0.9984204769134521,0.38342753052711487,0.0028128239791840315,-0.033199939876794815,-0.007342182099819183,0.12299472838640213,0.0031901542097330093,0.39152583479881287,0.0017853190656751394,-0.0026528861377938663,-0.11236008475934622,0.0029357148827446515
5.5653581619262695,0.2623354494571686,0.8451969027519226,-0.0003799359255935997,1.1082860231399536,-0.00014633307000622153,-0.0013198251836001873,-0.05492322891950607,0.00141779740806669,0.9984886646270752,0.38530564308166504,0.0028697175439447165,-0.03243127837777138,-0.007496794685721397,0.1231459528207779,0.003260121215134859,0.39926373958587646,0.0018681283108890057,-0.0028083467441658897,-0.10989779056002691,0.0029943560816040153
5.4181084632873535,0.2989824414253235,0.8504025936126709,-0.00045672644046135247,1.1252672672271729,-0.00015474746760446578,-0.001398972817696631,-0.05370389297604561,0.0014450380112975836,0.9985548257827759,0.386896550655365,0.0029096249490976334,-0.031762752681970596,-0.007608696352690458,0.12174469977617264,0.0033146897330880165,0.4070330858230591,0.0019523203372955322,-0.002966223546025431,-0.10745520266451214,0.003053778427254376
5.235909461975098,0.3376961350440979,0.856306254863739,-0.0005231881514191628,1.1423627138137817,-0.00016460551705677062,-0.001478865509852767,-0.05250968784093857,0.0014727087691426277,0.9986181855201721,0.38821569085121155,0.0029333080165088177,-0.031165162101387978,-0.007673817221075296,0.11891345679759979,0.003354320302605629,0.41482824087142944,0.0020376299507915974,-0.0031255467260440815,-0.10506309146427006,0.0031138321842340893
5.029281139373779,0.37649306654930115,0.8629230856895447,-0.0005873662885278463,1.1595869064331055,-0.0001758078287821263,-0.0015590914990752935,-0.05135349556803703,0.0015006931498646736,0.9986781477928162,0.38925647735595703,0.0029403516091406345,-0.030707404017448425,-0.0076983217149972916,0.11473402380943298,0.0033783232793211937,0.42264410853385925,0.00212364480830729,-0.0032855264762145443,-0.1027472460702945,0.003174294877586731
4.797691822052002,0.41465097665786743,0.8701066374778748,-0.0006488036597147584,1.17695152759552,-0.0001882496289908886,-0.001639137975871563,-0.050248607993125916,0.001528874272480607,0.9987341165542603,0.39002910256385803,0.0029311261605471373,-0.030400697141885757,-0.00768131110817194,0.10932983458042145,0.0033863685093820095,0.43047529458999634,0.0022100291680544615,-0.0034451769555799584,-0.1005342747669995,0.0032349471769486165
4.546267509460449,0.4519578218460083,0.8777318000793457,-0.0007123347604647279,1.1944667100906372,-0.00020193522504996508,-0.001718637766316533,-0.04920553043484688,0.0015571808908134699,0.9987859129905701,0.3905554711818695,0.002905035624280572,-0.030160944908857346,-0.007625041529536247,0.1028313860297203,0.0033811992034316063,0.4383170008659363,0.002296381862834096,-0.003603803406500438,-0.09844517807860131,0.0032956770849764476
4.2793869972229,0.4906001091003418,0.8857958316802979,-0.0007535794284194708,1.2121407985687256,-0.0002166652266168967,-0.001797115313820541,-0.04823457449674606,0.0015854393132030964,0.9988330602645874,0.3908429443836212,0.002864658134058118,-0.030001893639564514,-0.007518223952502012,0.09535662829875946,0.003361199051141739,0.4461645185947418,0.002382442820817232,-0.0037604878659901453,-0.0965006012732712,0.0033561663289539386
3.997145891189575,0.5263049006462097,0.894108235836029,-0.0008086184971034527,1.22998046875,-0.0002324092638446018,-0.0018741550156846642,-0.047344405204057693,0.0016136374324560165,0.9988755583763123,0.3909060060977936,0.0028074602596461773,-0.02998536452651024,-0.007381843868643045,0.08706135302782059,0.003328056074678898,0.4540133774280548,0.00246780295856297,-0.0039144447164941145,-0.094717853800387,0.003416427880813357
3.706211805343628,0.5624226331710815,0.9026752710342407,-0.0008554576197639108,1.2479896545410156,-0.0002490217739250511,-0.0019493142608553171,-0.046542372554540634,0.0016416121507063508,0.998913049697876,0.39075782895088196,0.002735850168392062,-0.03010709397494793,-0.007205246482044458,0.07807748019695282,0.003282387973740697,0.4618595540523529,0.0025521647185087204,-0.004064819046376682,-0.09311165417262557,0.003476172041990799
3.406365394592285,0.5965042114257812,0.91123366355896,-0.0008949252078309655,1.2661707401275635,-0.0002664911444298923,-0.0020221874583512545,-0.04583430290222168,0.0016693237703293562,0.9989455342292786,0.3904310166835785,0.0026501957327127457,-0.030308684334158897,-0.006987413857132196,0.06857780367136002,0.0032244583126157522,0.4696993827819824,0.002635130425915122,-0.004210837288726748,-0.09169364285479187,0.003535357800964291
3.1068217754364014,0.631217360496521,0.9198597073554993,-0.0009267699206247926,1.284523844718933,-0.0002846285351552069,-0.0020924415439367294,-0.045223839581012726,0.0016967256087809801,0.9989733099937439,0.38993826508522034,0.0025510075502097607,-0.03059474006295204,-0.006735158618539572,0.05868527293205261,0.0031551707070320845,0.4775296151638031,0.0027164481580257416,-0.004351862418774257,-0.09047107271593058,0.003593929079513135
2.804910182952881,0.6628290414810181,0.9283552169799805,-0.0009513826225884259,1.303047776222229,-0.00030336910276673734,-0.002159679541364312,-0.04471411183476448,0.001723668654449284,0.9989959597587585,0.3893077075481415,0.0024390078615397215,-0.03093361109495163,-0.006445733830332756,0.04856419190764427,0.0030756699852645397,0.4853475093841553,0.002795848296955228,-0.004487121814720005,-0.08945023592873613,0.0036516199384456303
2.5075674057006836,0.6937544345855713,0.9367056488990784,-0.0009724898845888674,1.3217390775680542,-0.0003225711698178202,-0.002223587827757001,-0.04430610314011574,0.0017500785179436207,0.9990139007568359,0.3885498642921448,0.0023149633780121803,-0.03142581135034561,-0.006127215921878815,0.038351211696863174,0.002988074906170368,0.49315088987350464,0.0028730430640280247,-0.004616005196675186,-0.08863306158639883,0.0037083080845066478
2.2153022289276123,0.7223155498504639,0.94471275806427,-0.000994160189293325,1.3405925035476685,-0.00034216491621918976,-0.0022837715223431587,-0.04400003328919411,0.0017759129405021667,0.9990272521972656,0.38770362734794617,0.0021787150762975216,-0.0319431833922863,-0.005781501531600952,0.028199516236782074,0.0028944602236151695,0.5009376406669617,0.0029477339703589678,-0.0047377399391033016,-0.08801998073411976,0.003763923532239456
1.9350534677505493,0.7498797178268433,0.9524059295654297,-0.0009978938614949584,1.3596018552780151,-0.00036203450872562826,-0.002340055536478758,-0.04379379004240036,0.0018011590000241995,0.9990360736846924,0.38678231835365295,0.002032837364822626,-0.032529089599847794,-0.0054007768630981445,0.018224989995360374,0.0027970545925199986,0.5087066292762756,0.0030196928419172764,-0.004851986862142207,-0.08760676925775335,0.003818459712164492
1.665792465209961,0.775411069393158,0.9596614837646484,-0.000999773619696498,1.3787587881088257,-0.00038195771048776805,-0.002391865011304617,-0.04368509352207184,0.0018255996983498335,0.9990407824516296,0.3858131766319275,0.0018769059097394347,-0.03315369412302971,-0.004998077172785997,0.008559753187000751,0.0026954675558954477,0.5164566040039062,0.0030886386521160603,-0.0049575829801285776,-0.08738883947585441,0.0038714581023720942
1.4118480682373047,0.79655921459198,0.9664844870567322,-0.0009938773000612855,1.398053765296936,-0.0004019848711322993,-0.0024389654863625765,-0.043669141829013824,0.0018492917297407985,0.9990413188934326,0.3848176896572113,0.0017121228156611323,-0.033770639449357986,-0.004565894138067961,-0.0006930018425919116,0.0025943682994693518,0.5241872668266296,0.003154302481561899,-0.005054062358990489,-0.08735660364457165,0.003923022217029218
1.1730430126190186,0.8188263773918152,0.9726793766021729,-0.0010022131027653813,1.4174773693084717,-0.00042201491305604577,-0.0024818892125040293,-0.04374084994196892,0.001872529974207282,0.9990381002426147,0.383816659450531,0.0015377502422779799,-0.03445642814040184,-0.0041321138851344585,-0.009408984333276749,0.002490760525688529,0.531898558139801,0.003216833109036088,-0.005142511735226494,-0.08749986211352567,0.003973790082707438
0.9562218189239502,0.8390828371047974,0.9783891439437866,-0.000981324352324009,1.437017560005188,-0.00044175609946250916,-0.002520244801416993,-0.04389491677284241,0.0018952180398628116,0.999031126499176,0.3828248381614685,0.0013584871776401997,-0.03515573963522911,-0.003667612327262759,-0.01752794161438942,0.0023835129104554653,0.5395905375480652,0.0032759271562099457,-0.005222130082550529,-0.0878080258108418,0.004023527955855745
0.7563799619674683,0.8532236218452454,0.9836127758026123,-0.0009669793653301895,1.456662893295288,-0.0004612114862538874,-0.002553770085796714,-0.04412486404180527,0.0019172625616192818,0.9990208148956299,0.3818589746952057,0.0011724645737558603,-0.0358612984418869,-0.0031899227760732174,-0.024969564750790596,0.002274723956361413,0.5472638010978699,0.00333145959302783,-0.005292366280753692,-0.08826811663059897,0.004072004718539611
0.5735528469085693,0.8671474456787109,0.9880098700523376,-0.0009508838411420584,1.4764007329940796,-0.00048033747589215636,-0.0025822888128459454,-0.04442315176129341,0.0019387000938877463,0.999007523059845,0.3809514045715332,0.000981170916929841,-0.036559052765369415,-0.0027013206854462624,-0.0316227525472641,0.0021655915770679712,0.5549193024635315,0.003383296076208353,-0.005352846164973973,-0.08886503915986776,0.004119245020456621
0.4196545481681824,0.8798776865005493,0.9918515086174011,-0.0009250296279788017,1.4962184429168701,-0.0004990055458620191,-0.0026057306677103043,-0.044782258570194244,0.001959467539563775,0.9989913702011108,0.38010433316230774,0.0007860329351387918,-0.03724055737257004,-0.002201880095526576,-0.03748220577836037,0.002060134196653962,0.5625581741333008,0.0034313283395022154,-0.0054033980376627195,-0.08958375645177563,0.004165077720404607
0.2851971983909607,0.8895869851112366,0.9949511289596558,-0.0008889430901035666,1.5161035060882568,-0.0005170150543563068,-0.0026239685248583555,-0.04519345983862877,0.0019795317202806473,0.9989728331565857,0.37934041023254395,0.0005884392885491252,-0.037894461303949356,-0.0016923268558457494,-0.04248106852173805,0.0019561622757464647,0.5701820850372314,0.003475514706224203,-0.005443728943318876,-0.0904067957849759,0.004209372448425326
0.17671048641204834,0.89463210105896,0.9975998997688293,-0.0008579755667597055,1.5360426902770996,-0.000534402031917125,-0.002636980265378952,-0.04564796760678291,0.00199891603551805,0.9989520907402039,0.3786568343639374,0.00038824696093797684,-0.03852120414376259,-0.0011805598624050617,-0.0466337613761425,0.0018553738482296467,0.5777927041053772,0.0035158060491085052,-0.005473760433037304,-0.09131658391043218,0.004252117479051522
0.0840035080909729,0.8997821807861328,0.999556839466095,-0.0008237033616751432,1.5560225248336792,-0.0005510844639502466,-0.002644778462126851,-0.04613765701651573,0.0020176786929368973,0.9989293813705444,0.37807220220565796,0.00018691917648538947,-0.0391421914100647,-0.0006702456739731133,-0.04988376796245575,0.0017615118995308876,0.5853919386863708,0.00355211878195405,-0.005493487254840794,-0.092296867164533,0.0042933734422540715
0.015510618686676025,0.9025940895080566,1.0007375478744507,-0.0007779277511872351,1.5760315656661987,-0.0005668401136063039,-0.002647345419973135,-0.04665249586105347,0.002035818761214614,0.9989055395126343,0.377606600522995,-1.382360642310232e-05,-0.03968058526515961,-0.00015763216651976109,-0.052222441881895065,0.001670663245022297,0.592982292175293,0.0035845483653247356,-0.005502823825646908,-0.09332752665286703,0.004333062667800645
-0.025814175605773926,0.900040864944458,1.0014207363128662,-0.0007329701911658049,1.5960569381713867,-0.0005817356868647039,-0.0026447472628206015,-0.04718492925167084,0.00205338466912508,0.9988805651664734,0.37724921107292175,-0.00021348029258660972,-0.04018478840589523,0.0003529080713633448,-0.05370168015360832,0.0015835234662517905,0.6005655527114868,0.0036130582448095083,-0.005501871461799593,-0.09439346895268175,0.004371229960184857
-0.04972577095031738,0.8979675769805908,1.0015194416046143,-0.0006839538109488785,1.616087555885315,-0.0005956405657343566,-0.0026370591949671507,-0.04772499203681946,0.0020703966729342937,0.9988548755645752,0.3770129680633545,-0.00041119707748293877,-0.04060973972082138,0.0008550899219699204,-0.05432340130209923,0.0015022237785160542,0.6081442832946777,0.0036377476062625647,-0.0054907319621098905,-0.09547474731092964,0.00440784763727117
-0.05318045616149902,0.8922967910766602,1.0011663436889648,-0.0006318651139736176,1.6361132860183716,-0.0006084770429879427,-0.0026243727188557386,-0.048265330493450165,0.002086835214868188,0.9988288283348083,0.3768917918205261,-0.0006056619458831847,-0.0409930981695652,0.001348472316749394,-0.054134007543325424,0.0014272035332396626,0.6157208681106567,0.0036586704663932323,-0.005469546996615246,-0.09655663776963785,0.00444282470572164
-0.04082202911376953,0.8840087056159973,1.0002580881118774,-0.0005732728750444949,1.656123161315918,-0.0006202529766596854,-0.0026068321894854307,-0.048797864466905594,0.0021028174087405205,0.9988030195236206,0.37689441442489624,-0.0007957156049087644,-0.041314590722322464,0.0018341199029237032,-0.05315356329083443,0.0013588366564363241,0.6232976913452148,0.0036758638452738523,-0.005438571701480183,-0.09762294086781798,0.004476345056659286
-0.00903308391571045,0.8748218417167664,0.998924732208252,-0.0005126416799612343,1.6761090755462646,-0.0006308152806013823,-0.002584551926702261,-0.049315594136714935,0.0021183593198657036,0.9987776279449463,0.377013623714447,-0.0009806212037801743,-0.041592568159103394,0.0023028955329209566,-0.05144834518432617,0.0012950184755027294,0.630876898765564,0.0036895298399031162,-0.0053979979820054525,-0.09865965613120298,0.004508396625428416
0.03763437271118164,0.8613638877868652,0.9972572326660156,-0.0004452958528418094,1.6960632801055908,-0.0006401444552466273,-0.0025577477645128965,-0.04981066286563873,0.002133457688614726,0.9987531304359436,0.3772502541542053,-0.0011590562062337995,-0.04176758974790573,0.0027620308101177216,-0.049079496413469315,0.0012350762262940407,0.6384611129760742,0.0036997611168771982,-0.0053482131594503185,-0.09965104219331322,0.004538934686453514
0.09599685668945312,0.8462865352630615,0.9951764941215515,-0.00038595765363425016,1.7159779071807861,-0.0006482486496679485,-0.0025265649892389774,-0.05027773231267929,0.002148115076124668,0.9987297654151917,0.37759679555892944,-0.0013310379581525922,-0.04192608222365379,0.0031968546099960804,-0.046094901859760284,0.0011800925713032484,0.6460521817207336,0.0037067397497594357,-0.005289476526851029,-0.10058641180105332,0.00456793755307816
0.16882270574569702,0.8301504850387573,0.9929054379463196,-0.00032606071908958256,1.7358477115631104,-0.0006551110418513417,-0.0024912271182984114,-0.0507112555205822,0.0021624236833304167,0.9987078905105591,0.37804245948791504,-0.0014953165082260966,-0.04203973710536957,0.0036093476228415966,-0.04258878156542778,0.0011310790432617068,0.6536522507667542,0.003710521850734949,-0.005222211786602964,-0.1014546481607701,0.004595572896980886
0.2483096718788147,0.8124387860298157,0.9903774857521057,-0.00025037367595359683,1.7556673288345337,-0.0006605969392694533,-0.0024520442821085453,-0.05110538378357887,0.0021763574331998825,0.9986878037452698,0.378593385219574,-0.0016499015036970377,-0.042031172662973404,0.004008270334452391,-0.03861323371529579,0.0010856104781851172,0.6612634658813477,0.0037114829756319523,-0.005147003590108619,-0.10224403783412606,0.0046217823449220445
0.33678799867630005,0.7906590700149536,0.9876744747161865,-0.00018822478887159377,1.7754336595535278,-0.0006648326525464654,-0.0024091792292892933,-0.05145728960633278,0.002189991297200322,0.9986698627471924,0.37922951579093933,-0.0017960836412385106,-0.042005766183137894,0.004376471508294344,-0.034253187477588654,0.001045580836944282,0.6688873171806335,0.003709618002176285,-0.0050641657320713174,-0.10294889579333644,0.004646715467282581
0.4313933849334717,0.770156979560852,0.9848300814628601,-0.00011875265772687271,1.7951433658599854,-0.0006676644552499056,-0.002362898550927639,-0.05176343023777008,0.002203291514888406,0.9986540079116821,0.37994593381881714,-0.0019315300742164254,-0.04193096235394478,0.004719697870314121,-0.029583405703306198,0.001009009312838316,0.6765254139900208,0.0037053138948976994,-0.0049742085248986176,-0.10356215113862821,0.004670315940837754
0.5309471487998962,0.745177686214447,0.9818798899650574,-5.4239269957179204e-05,1.814795970916748,-0.000669182394631207,-0.0023135582450777292,-0.052021004259586334,0.0022162641398608685,0.9986408352851868,0.3807345926761627,-0.002056410536170006,-0.04180626571178436,0.005035845097154379,-0.02468189224600792,0.0009758618543855846,0.6841793060302734,0.0036987094208598137,-0.004877826551068198,-0.1040781453093731,0.004692621185694104
0.6342038512229919,0.7206860184669495,0.9789990782737732,1.0161797035834752e-05,1.8343898057937622,-0.0006694100447930396,-0.002261374145746231,-0.05222884565591812,0.0022289869375526905,0.9986300468444824,0.3815779387950897,-0.0021698770578950644,-0.04164168983697891,0.0053221965208649635,-0.01964428648352623,0.0009459879365749657,0.691849946975708,0.0036900120321661234,-0.004775453825334234,-0.10449457889389446,0.004713814325655596
0.7350322604179382,0.6953756809234619,0.9760884642601013,7.672359060961753e-05,1.853926181793213,-0.0006682597449980676,-0.002206795383244753,-0.052385568618774414,0.002241370500996709,0.9986218810081482,0.38247233629226685,-0.002271026838570833,-0.04143530875444412,0.005578183569014072,-0.01452439371496439,0.0009178235777653754,0.6995383501052856,0.003679572604596615,-0.004667972061319279,-0.10480865757282154,0.004733766300459558
0.8369037508964539,0.6669335961341858,0.9733167290687561,0.0001436778693459928,1.8734062910079956,-0.0006658508791588247,-0.002150085987523198,-0.052491433918476105,0.002253494458273053,0.9986165165901184,0.3834013342857361,-0.0023594265803694725,-0.041191138327121735,0.005807360168546438,-0.00941454153507948,0.0008911965996958315,0.7072450518608093,0.003667636774480343,-0.004555918153182864,-0.10502088167598633,0.004752679047943862
0.9339144825935364,0.6396198272705078,0.9706093668937683,0.00020333006978034973,1.8928327560424805,-0.0006621622014790773,-0.002091839909553528,-0.05254682898521423,0.002265247516334057,0.998613715171814,0.3843578100204468,-0.002435520524159074,-0.040921762585639954,0.005998489446938038,-0.004367721267044544,0.0008671890245750546,0.7149707674980164,0.0036544380709528923,-0.004440474709610866,-0.10513204749365346,0.004770410238814986
1.028672218322754,0.6105997562408447,0.968172550201416,0.00025887717492878437,1.9122081995010376,-0.0006572260172106326,-0.0020323428325355053,-0.05255356431007385,0.0022767027840018272,0.9986134171485901,0.3853187561035156,-0.0024981971364468336,-0.04066900536417961,0.006156056188046932,0.000525169656611979,0.0008411715389229357,0.722715437412262,0.0036404100246727467,-0.0043222314421831965,-0.10514577540701131,0.0047871622312486645
1.1139607429504395,0.5809763073921204,0.9658200740814209,0.0003130077675450593,1.9315365552902222,-0.0006512215477414429,-0.0019712140783667564,-0.05251337215304375,0.002287990879267454,0.998615562915802,0.3862931728363037,-0.0025477164890617132,-0.04034770280122757,0.0062827058136463165,0.005240178667008877,0.0008160049328580499,0.7304792404174805,0.0036254231818020344,-0.004200445944182756,-0.10506553261576412,0.004803182260807448
1.1962974071502686,0.5538666248321533,0.9637763500213623,0.0003712598991114646,1.9508225917816162,-0.0006441163714043796,-0.0019091387512162328,-0.05242859199643135,0.002299044979736209,0.9986202120780945,0.3872551918029785,-0.002583856228739023,-0.040025874972343445,0.006372966803610325,0.009690087288618088,0.0007995981723070145,0.7382618188858032,0.003609908279031515,-0.004076498275782101,-0.10489598215287099,0.004818435679873033
1.2678277492523193,0.5250049829483032,0.9619857668876648,0.000433235865784809,1.970070719718933,-0.0006358129321597517,-0.001846318133175373,-0.05230162292718887,0.002309959614649415,0.9986268877983093,0.38820040225982666,-0.002606047550216317,-0.039683181792497635,0.006430392619222403,0.013841565698385239,0.0007854808354750276,0.7460631728172302,0.0035940941888839006,-0.003950816759696622,-0.10464196407962856,0.004833163078522584
1.330498218536377,0.4929906129837036,0.9603797197341919,0.00048131265793927014,1.9892857074737549,-0.0006264470866881311,-0.001783176208846271,-0.052135735750198364,0.002320733619853854,0.9986356496810913,0.3891231119632721,-0.0026156094390898943,-0.039333127439022064,0.006450511980801821,0.017662066966295242,0.0007752722012810409,0.7538827657699585,0.00357829499989748,-0.0038242690404591525,-0.10431000252292244,0.004847436156664622
1.3867098093032837,0.46262723207473755,0.9591411352157593,0.000532371923327446,2.008474588394165,-0.0006160917691886425,-0.0017198530258610845,-0.051934029906988144,0.002331407042220235,0.9986462593078613,0.3900114595890045,-0.0026111656334251165,-0.0389372892677784,0.006441211793571711,0.021090570837259293,0.0007664748700335622,0.7617200016975403,0.003562675788998604,-0.003697157366371665,-0.10390631187004051,0.004861378613546597
1.4300602674484253,0.4327288866043091,0.9581176042556763,0.0005767340189777315,2.027641773223877,-0.0006048035575076938,-0.0016570768784731627,-0.05170153081417084,0.002341940300539136,0.9986584186553955,0.3908519744873047,-0.002593404846265912,-0.03861837461590767,0.006394576281309128,0.024117974564433098,0.0007613301859237254,0.7695736885070801,0.003547757863998413,-0.0035709668945327756,-0.10344095671321729,0.004875021424330206
1.4658838510513306,0.40302473306655884,0.9574512839317322,0.0006198493647389114,2.0467946529388428,-0.0005926386220380664,-0.0015949535882100463,-0.05144181475043297,0.0023523718118667603,0.9986718893051147,0.3916415572166443,-0.002562388777732849,-0.03828844800591469,0.006316349375993013,0.026703281328082085,0.0007598937954753637,0.7774431109428406,0.003533562645316124,-0.003445933226268653,-0.10292110387016451,0.004888478141903334
1.4892051219940186,0.3735623359680176,0.9571202993392944,0.0006610353011637926,2.065938711166382,-0.0005796727491542697,-0.0015339187812060118,-0.051159776747226715,0.00236271764151752,0.9986864924430847,0.39237144589424133,-0.0025181984528899193,-0.037983473390340805,0.006207306403666735,0.02883596159517765,0.000760978611651808,0.7853269577026367,0.0035205180756747723,-0.0033229582329842283,-0.10235654643697645,0.004901853567391479
1.5007895231246948,0.3448095917701721,0.9570547938346863,0.0006968468660488725,2.0850799083709717,-0.000566007278393954,-0.0014742359053343534,-0.05085967481136322,0.0023730050306767225,0.9987018704414368,0.39304301142692566,-0.0024616119917482138,-0.03767431899905205,0.00606602244079113,0.030517879873514175,0.0007650250336155295,0.7932240962982178,0.003508753376081586,-0.003202596424524989,-0.10175582433049235,0.004915252361128436
1.503082275390625,0.31737858057022095,0.9573127627372742,0.0007264575688168406,2.10422420501709,-0.0005516759702004492,-0.0014162673614919186,-0.050546471029520035,0.002383241895586252,0.9987177848815918,0.3936479389667511,-0.002393058268353343,-0.03737528249621391,0.005891806911677122,0.03173626959323883,0.0007712625665590167,0.8011330962181091,0.0034985998645424843,-0.003085601943324764,-0.1011288710263949,0.004928749186542032
1.4940533638000488,0.2899512052536011,0.9578061699867249,0.0007546599954366684,2.1233773231506348,-0.0005367942503653467,-0.001360271591693163,-0.05022455379366875,0.0023934480268508196,0.998734176158905,0.3941894769668579,-0.0023124124854803085,-0.037065841257572174,0.005691954866051674,0.03250691294670105,0.0007779560401104391,0.809052586555481,0.003490299452096224,-0.002972517732352792,-0.10048445663730177,0.004942425740263997
1.4767839908599854,0.2642759382724762,0.9585683345794678,0.0007726795738562942,2.1425442695617676,-0.0005214842967689037,-0.0013064795639365911,-0.04989805817604065,0.0024035992100834846,0.9987503886222839,0.39465081691741943,-0.002220989903435111,-0.03686367720365524,0.005459748208522797,0.032829172909259796,0.0007881253841333091,0.816981315612793,0.0034840081352740526,-0.0028638276394145536,-0.09983090545747686,0.0049562719646813426
1.450108289718628,0.24060994386672974,0.959614098072052,0.0007877362077124417,2.161731243133545,-0.000505835167132318,-0.0012551615945994854,-0.04957136884331703,0.002413796726614237,0.9987668395042419,0.3950420618057251,-0.002119281329214573,-0.03665821999311447,0.005200039595365524,0.03271693363785744,0.0008035741630010307,0.8249179124832153,0.003479951061308384,-0.0027601048355425134,-0.09917693224352497,0.004970526340806458
1.4135065078735352,0.2183796465396881,0.9609007239341736,0.000807237287517637,2.1809420585632324,-0.0004897883627563715,-0.0012066575000062585,-0.049249306321144104,0.002424011705443263,0.9987826943397522,0.39535942673683167,-0.00200689141638577,-0.0364874005317688,0.004919333383440971,0.03219473361968994,0.0008209184161387384,0.8328604102134705,0.0034783571027219296,-0.0026620549476507873,-0.09853224738671784,0.004985178014836321
1.3684747219085693,0.1945752501487732,0.9623500108718872,0.0008143025916069746,2.200181007385254,-0.0004736049741040915,-0.0011611150112003088,-0.04893512278795242,0.002434306778013706,0.9987981915473938,0.3956140875816345,-0.0018859896808862686,-0.0362805612385273,0.004615746904164553,0.03129628300666809,0.0008408913272432983,0.8408080339431763,0.003479352220892906,-0.0025699957572367844,-0.09790332253418121,0.005000368300889385
1.3177496194839478,0.17584961652755737,0.9639670252799988,0.0008149066707119346,2.219451904296875,-0.0004572818288579583,-0.0011187170166522264,-0.0486324317753315,0.002444681478664279,0.9988130927085876,0.3957917392253876,-0.0017569210613146424,-0.03618818521499634,0.004286055453121662,0.03004319593310356,0.0008645275374874473,0.8487592339515686,0.003483107779175043,-0.0024843126711436786,-0.09729739854277808,0.005016117376453567
1.2611541748046875,0.15691423416137695,0.9657661318778992,0.0008180444710887969,2.2387585639953613,-0.0004409038519952446,-0.0010797607246786356,-0.04834534227848053,0.002455096924677491,0.9988270998001099,0.39590683579444885,-0.0016194621566683054,-0.036068499088287354,0.003943214658647776,0.028463318943977356,0.0008891866309568286,0.8567124009132385,0.0034898794256150723,-0.0024056196162821225,-0.09672271111742314,0.005032379744662719
1.1981854438781738,0.1396159827709198,0.9677175879478455,0.000808535551186651,2.258103370666504,-0.000424657337134704,-0.0010443412465974689,-0.0480760782957077,0.0024656476452946663,0.9988399744033813,0.3959498107433319,-0.0014759385958313942,-0.03605332970619202,0.003579283831641078,0.0265943743288517,0.0009180624620057642,0.8646665811538696,0.003499736310914159,-0.0023341280904943737,-0.09618372503408779,0.0050493515734564174
1.1298844814300537,0.12616857886314392,0.9698247909545898,0.0008054759819060564,2.277488946914673,-0.0004085626278538257,-0.0010126373963430524,-0.04782748967409134,0.002476359251886606,0.998852014541626,0.3959383964538574,-0.0013259227853268385,-0.0359886959195137,0.0032043452374637127,0.02447284199297428,0.0009511841926723719,0.8726204037666321,0.003512757830321789,-0.002270212815359803,-0.0956861035053167,0.0050670974309017245
1.0561323165893555,0.11327338218688965,0.9719544053077698,0.0007904796511866152,2.2969162464141846,-0.0003926748177036643,-0.0009847735054790974,-0.04760165885090828,0.002487253164872527,0.9988626837730408,0.3958701193332672,-0.0011716218432411551,-0.03599165380001068,0.0028111988212913275,0.022154102101922035,0.0009879040298983455,0.8805727958679199,0.0035290552768856287,-0.002214137151589081,-0.09523405719958444,0.005085670496354679
0.9815958142280579,0.10168063640594482,0.9741244912147522,0.0007717154221609235,2.316387176513672,-0.0003770714974962175,-0.0009607414249330759,-0.047399505972862244,0.0024983854964375496,0.9988723993301392,0.3957523703575134,-0.0010130373993888497,-0.03602275624871254,0.0024092679377645254,0.01967000775039196,0.001025638310238719,0.8885232210159302,0.0035487557761371136,-0.002165893683563522,-0.09482938423064402,0.005105173533645158
0.9056428074836731,0.0919179618358612,0.97625732421875,0.0007498376071453094,2.3359010219573975,-0.00036188773810863495,-0.0009407877805642784,-0.04722366854548454,0.002509692218154669,0.9988806843757629,0.39558884501457214,-0.0008511652122251689,-0.03611992299556732,0.0020015891641378403,0.017066294327378273,0.0010676452657207847,0.8964701294898987,0.003571870271116495,-0.002125986277730074,-0.0944773976690183,0.005125502065826227
0.83099365234375,0.08527019619941711,0.9784442782402039,0.0007226073066703975,2.355459213256836,-0.00034716693335212767,-0.0009248887654393911,-0.04707452654838562,0.002521239686757326,0.9988877177238464,0.395387202501297,-0.000687193707562983,-0.03620627522468567,0.0015858382685109973,0.014366521500051022,0.001111400779336691,0.904413104057312,0.0035985587164759636,-0.0020943754563736107,-0.09417883939960658,0.005146779480712642
0.754450261592865,0.0799473226070404,0.9806858897209167,0.0006935256533324718,2.3750600814819336,-0.0003331016923766583,-0.0009130791877396405,-0.04695218428969383,0.0025332123041152954,0.9988933801651001,0.3951493799686432,-0.0005219806917011738,-0.03630651906132698,0.0011684952769428492,0.011611823923885822,0.0011593468952924013,0.9123517274856567,0.0036286762915551662,-0.0020711499825318766,-0.09393392819663937,0.0051693738034643425
0.6759938597679138,0.07912659645080566,0.9826956987380981,0.0006750067695975304,2.3947031497955322,-0.0003195531899109483,-0.0009053924586623907,-0.04685729369521141,0.002545407274737954,0.998897910118103,0.3948957026004791,-0.00035535384085960686,-0.03639894723892212,0.0007538211648352444,0.008876873180270195,0.0012104721972718835,0.9202852249145508,0.0036623706109821796,-0.00205636159132473,-0.09374394412943321,0.005192876648756186
0.6056505441665649,0.07604068517684937,0.984681248664856,0.0006242385134100914,2.414386749267578,-0.00030665870872326195,-0.0009018084965646267,-0.04678930342197418,0.0025580197107046843,0.9989010095596313,0.39461395144462585,-0.00019158913346473128,-0.03656541556119919,0.0003254829498473555,0.00616056751459837,0.0012623564107343554,0.9282131195068359,0.003699646331369877,-0.0020499874196244546,-0.09360781307234345,0.005217674465544439
0.5361562967300415,0.07634928822517395,0.9866447448730469,0.0006014388636685908,2.434109687805176,-0.00029444959363900125,-0.0009022400481626391,-0.04674859717488289,0.0025706999003887177,0.9989029765129089,0.3943135440349579,-2.6163539587287232e-05,-0.036758050322532654,-7.607537554576993e-05,0.003498098812997341,0.0013159543741494417,0.9361352324485779,0.0037403618916869164,-0.002051822454136056,-0.0935262746445793,0.005243054559072334
0.4674339294433594,0.07796527445316315,0.9884174466133118,0.0005655703716911376,2.453869342803955,-0.0002830079465638846,-0.0009064215701073408,-0.04673369228839874,0.0025832555256783962,0.9989036321640015,0.3940127193927765,0.00013640748511534184,-0.03691481426358223,-0.0004760811571031809,0.000945726758800447,0.0013723560841754079,0.9440513253211975,0.003784546162933111,-0.0020613101766111174,-0.09349638505415281,0.0052686029518976395
0.40538936853408813,0.081986203789711,0.9900524616241455,0.0004947294946759939,2.473662853240967,-0.0002727132523432374,-0.0009145790245383978,-0.046741969883441925,0.0025965396780520678,0.9989031553268433,0.39371028542518616,0.0002924363361671567,-0.03707744553685188,-0.0008893838967196643,-0.001480588922277093,0.0014341471251100302,0.9519616961479187,0.0038320759776979685,-0.002078971524028959,-0.09351289207198055,0.005296046155433164
0.3481638431549072,0.094739630818367,0.9915926456451416,0.00047528359573334455,2.49348783493042,-0.0002632966497913003,-0.0009266547858715057,-0.046772971749305725,0.0026104063726961613,0.9989016652107239,0.3934098780155182,0.00044838350731879473,-0.03723346069455147,-0.0012719687074422836,-0.003762793494388461,0.0015005101449787617,0.9598664045333862,0.0038829813711345196,-0.002104676479360003,-0.09357486941218718,0.005325085719718101
0.29425740242004395,0.10299021005630493,0.9931132793426514,0.00041733431862667203,2.5133419036865234,-0.00025466582155786455,-0.0009427553741261363,-0.04682593047618866,0.0026250495575368404,0.9988990426063538,0.3931063711643219,0.0005961872520856559,-0.0374431349337101,-0.0016680358676239848,-0.005884592421352863,0.001566765597090125,0.9677649736404419,0.003937244415283203,-0.0021386554804418046,-0.09368079364261472,0.005356122358332835
0.24103522300720215,0.11017671227455139,0.9942507147789001,0.00037529636756516993,2.5332207679748535,-0.00024687021505087614,-0.0009624610538594425,-0.046898119151592255,0.002640163991600275,0.9988957047462463,0.39283064007759094,0.0007406563963741064,-0.03760753571987152,-0.0020294797141104937,-0.007774661295115948,0.0016273841029033065,0.9756582379341125,0.003994705155491829,-0.0021800242023185742,-0.09382518043188948,0.005388498875184248
0.20122498273849487,0.11918428540229797,0.9952777028083801,0.0003112205886282027,2.55312180519104,-0.00024023771402426064,-0.0009857926052063704,-0.046988118439912796,0.002655784832313657,0.9988914728164673,0.3925650715827942,0.000877154991030693,-0.03782240301370621,-0.0023816905450075865,-0.0094641437754035,0.0016896504675969481,0.9835460782051086,0.004055255092680454,-0.0022288227532124673,-0.09400521032025444,0.005422289423412924
0.16528040170669556,0.1359100043773651,0.9962455034255981,0.0002677098964340985,2.5730414390563965,-0.00023458334908355027,-0.001012232736684382,-0.0470924936234951,0.002671823836863041,0.9988864064216614,0.39231789112091064,0.001008337247185409,-0.03800838813185692,-0.0027091801166534424,-0.010943250730633736,0.00175107188988477,0.991429328918457,0.004118653945624828,-0.002283988060913656,-0.09421401855113443,0.0054572637502754515
0.13140738010406494,0.14991217851638794,0.9968984723091125,0.00020838853379245847,2.5929763317108154,-0.0002300481719430536,-0.0010419209720566869,-0.047210000455379486,0.002688374137505889,0.9988808035850525,0.39210590720176697,0.001130305347032845,-0.03815017268061638,-0.0030253243166953325,-0.01216589380055666,0.0018156380392611027,0.9993083477020264,0.004184857942163944,-0.0023458034941918633,-0.09444908992488088,0.005493621636869462
0.10855346918106079,0.1678527593612671,0.9975785613059998,0.00016800554294604808,2.6129231452941895,-0.00022649310994893312,-0.0010744156315922737,-0.04733745753765106,0.0027053984813392162,0.9988747239112854,0.391909658908844,0.0012458361452445388,-0.03831513598561287,-0.0033110748045146465,-0.01317632757127285,0.0018778906669467688,1.0071837902069092,0.004253694321960211,-0.0024133633569242193,-0.09470406519726482,0.005531242420868617
0.08475035429000854,0.18399059772491455,0.9977944493293762,0.00010461186320753768,2.632877826690674,-0.00022407340293284506,-0.0011097578098997474,-0.04747327044606209,0.0027229618281126022,0.9988681674003601,0.39175745844841003,0.0013503460213541985,-0.038467779755592346,-0.0035864992532879114,-0.013900676742196083,0.0019434411078691483,1.0150561332702637,0.004324961453676224,-0.0024867492250459635,-0.09497575825892923,0.005570260365218564
0.07719427347183228,0.20436763763427734,0.9981818795204163,5.9034107835032046e-05,2.6528382301330566,-0.0002226199139840901,-0.0011475025676190853,-0.04761442169547081,0.002740930300205946,0.9988611936569214,0.3916218876838684,0.0014472424518316984,-0.03861052170395851,-0.0038298931904137135,-0.014435315504670143,0.002006208524107933,1.0229260921478271,0.00439853360876441,-0.0025650398258504252,-0.09525813782430625,0.005610359712448238
0.06363421678543091,0.2223275601863861,0.9981496334075928,-2.991788278450258e-06,2.672800302505493,-0.00022234400967136025,-0.0011876866919919848,-0.04775930941104889,0.0027595320716500282,0.9988542199134827,0.3915324807167053,0.0015328689478337765,-0.03873762860894203,-0.0040550692938268185,-0.01469135656952858,0.0020693333353847265,1.0307940244674683,0.004474262706935406,-0.0026483218321644865,-0.09554796279762812,0.005651998268292939
0.06476283073425293,0.24569231271743774,0.998047411441803,-4.499561327975243e-05,2.6927614212036133,-0.0002229908131994307,-0.0012297515058889985,-0.047904808074235916,0.002778522903099656,0.9988471865653992,0.39147433638572693,0.001610092120245099,-0.038850411772727966,-0.004247236531227827,-0.014734306372702122,0.002129363128915429,1.038661003112793,0.0045518469996750355,-0.0027354338249216278,-0.09583899837179732,0.005694626212323851
0.06834059953689575,0.2648824453353882,0.9977815747261047,-0.00010627314622979611,2.712718963623047,-0.00022480271582026035,-0.0012737724464386702,-0.048049647361040115,0.002798137255012989,0.9988401532173157,0.391452431678772,0.0016750559443607926,-0.03894834220409393,-0.004420535173267126,-0.014557218179106712,0.002190113067626953,1.0465272665023804,0.0046311961486935616,-0.0028265428549614805,-0.09612869958882708,0.005738718960634609
0.07764488458633423,0.2900862395763397,0.9975728988647461,-0.00015505462943110615,2.7326714992523193,-0.00022755931422580034,-0.001319261034950614,-0.04819119721651077,0.002818299690261483,0.9988332390785217,0.3914564847946167,0.0017302187625318766,-0.03903322294354439,-0.004565747454762459,-0.01419905386865139,0.0022464210633188486,1.0543935298919678,0.004712087567895651,-0.0029206459353481357,-0.0964118036718491,0.00578407028172186
0.08494853973388672,0.31182780861854553,0.9970906376838684,-0.00019488614634610713,2.752614736557007,-0.00023128979955799878,-0.0013661044649779797,-0.04832787439227104,0.0028388979844748974,0.9988263845443726,0.39150235056877136,0.001775273121893406,-0.03909473493695259,-0.004674282856285572,-0.013621271587908268,0.002300627762451768,1.0622608661651611,0.004794290754944086,-0.003017496594624846,-0.09668515428461033,0.005830439455309069
0.10182768106460571,0.335128515958786,0.9966287016868591,-0.00025115214521065354,2.772547960281372,-0.0002360715006943792,-0.0014138540718704462,-0.04845727980136871,0.0028600331861525774,0.9988200664520264,0.3915756940841675,0.0018074444960802794,-0.03914541378617287,-0.004766860511153936,-0.012885075062513351,0.002354840049520135,1.070129632949829,0.004877542611211538,-0.0031161877887363096,-0.09694391485947729,0.005877974244315366
0.11799544095993042,0.3610289692878723,0.9959027767181396,-0.0002981293073389679,2.7924692630767822,-0.00024168805975932628,-0.0014624802861362696,-0.04857856407761574,0.0028816722333431244,0.998814046382904,0.3916890621185303,0.0018289681756868958,-0.039177004247903824,-0.004831335972994566,-0.01196567714214325,0.002405707724392414,1.078000545501709,0.004961750470101833,-0.0032166518079912196,-0.0971864116824841,0.005926602335629884
0.1434028148651123,0.3834393620491028,0.9951319098472595,-0.00033656813320703804,2.812377691268921,-0.0002481459523551166,-0.0015114699490368366,-0.048689741641283035,0.002903744811192155,0.9988085627555847,0.3918316662311554,0.0018402389250695705,-0.03919316083192825,-0.004858577158302069,-0.01091813389211893,0.0024513909593224525,1.0858739614486694,0.0050466242246329784,-0.0033178377613615555,-0.09740865828284728,0.005976121858697613
0.17038315534591675,0.40682321786880493,0.9944894909858704,-0.000375261006411165,2.8322720527648926,-0.0002554947859607637,-0.0015604618238285184,-0.048789478838443756,0.0029261549934744835,0.9988035559654236,0.3919936418533325,0.0018403225112706423,-0.039191003888845444,-0.004857527557760477,-0.009781020693480968,0.0024935344699770212,1.0937511920928955,0.005131853278726339,-0.003419001613926347,-0.09760799873127013,0.006026297291942069
0.19286781549453735,0.4320930540561676,0.9937035441398621,-0.0004297084524296224,2.85215163230896,-0.0002636487188283354,-0.0016093167942017317,-0.04887709394097328,0.0029489875305444,0.9987991452217102,0.3921813368797302,0.0018274672329425812,-0.039215825498104095,-0.004845189396291971,-0.008529674261808395,0.002536633750423789,1.1016318798065186,0.0052173808217048645,-0.003519865871284074,-0.09778306005126636,0.006077278087204589
0.22037595510482788,0.45645439624786377,0.9930291175842285,-0.0004506669647525996,2.8720157146453857,-0.0002724933438003063,-0.0016577908536419272,-0.048951808363199234,0.002972173737362027,0.998795211315155,0.39239242672920227,0.0018063157331198454,-0.039149217307567596,-0.004785165190696716,-0.007220436818897724,0.002575990743935108,1.1095168590545654,0.005302865989506245,-0.0036199275245761033,-0.09793230032090428,0.006128896139210867
0.24398088455200195,0.4792218804359436,0.9921926856040955,-0.00048102348227985203,2.8918638229370117,-0.00028196489438414574,-0.0017055235803127289,-0.049012914299964905,0.0029956893995404243,0.9987920522689819,0.39262664318084717,0.0017738909227773547,-0.039105597883462906,-0.004705694504082203,-0.005832030903548002,0.0026092950720340014,1.1174064874649048,0.005388186313211918,-0.0037184527993857843,-0.09805427884564222,0.006181058357446243
0.27325600385665894,0.5013447403907776,0.9914853572845459,-0.0005035650101490319,2.911696195602417,-0.0002919983526226133,-0.001751994132064283,-0.04905984178185463,0.0030193408019840717,0.9987896084785461,0.3928716480731964,0.0017317901365458965,-0.03905019909143448,-0.004594898317009211,-0.004429067485034466,0.002639514859765768,1.1253010034561157,0.005472992546856403,-0.003814371220589305,-0.09814786705054113,0.006233318048562707
0.29801249504089355,0.5227331519126892,0.9906172156333923,-0.0005378632340580225,2.931511878967285,-0.00030269433045759797,-0.0017972240457311273,-0.04909265413880348,0.003043276024982333,0.9987878799438477,0.3931351602077484,0.0016784517792984843,-0.03901581093668938,-0.004467905033379793,-0.0029877100605517626,0.0026690522208809853,1.1332005262374878,0.005557170137763023,-0.003907738369667836,-0.09821319086455094,0.006285970145941007
0.3283974528312683,0.5468006134033203,0.9899670481681824,-0.0005489506293088198,2.9513137340545654,-0.0003138397296424955,-0.0018409705953672528,-0.049111589789390564,0.0030674890149384737,0.9987868070602417,0.39340659976005554,0.0016166872810572386,-0.038909733295440674,-0.004309705458581448,-0.001582761644385755,0.002698208438232541,1.1411055326461792,0.005640563555061817,-0.0039980656337159325,-0.09825073415491836,0.006338975521855576
0.35115331411361694,0.5670599937438965,0.9893335700035095,-0.0005868622683919966,2.9711015224456787,-0.0003252849855925888,-0.0018830366898328066,-0.04911687970161438,0.0030920023564249277,0.998786449432373,0.3936789929866791,0.0015434856759384274,-0.03886771947145462,-0.004149836488068104,-0.00019627971050795168,0.0027232584543526173,1.1490159034729004,0.005723054055124521,-0.00408495831474896,-0.09826095383928735,0.006392356519514111
0.37332504987716675,0.5846324563026428,0.9885804057121277,-0.0005811869632452726,2.990875482559204,-0.00033704956877045333,-0.0019228789024055004,-0.04910890385508537,0.003116537816822529,0.9987866878509521,0.3939676880836487,0.0014657455030828714,-0.03877558931708336,-0.003934552893042564,0.0011712900595739484,0.0027413603384047747,1.15693199634552,0.0058043054305016994,-0.004167298679980375,-0.09824462574429305,0.006445499690820159
0.399685800075531,0.6029183864593506,0.9879233241081238,-0.0006137253949418664,3.0106379985809326,-0.00034927568049170077,-0.001961175352334976,-0.04908806458115578,0.0031415929552167654,0.998787522315979,0.3942560851573944,0.0013757147826254368,-0.038680676370859146,-0.0037279222160577774,0.002468112390488386,0.002760180737823248,1.1648533344268799,0.005884367506951094,-0.004246497242059517,-0.0982025471324357,0.0064994690992854764
0.4226836562156677,0.6245148181915283,0.9874908328056335,-0.0006010653451085091,3.0303890705108643,-0.0003615256573539227,-0.0019973991438746452,-0.0490550771355629,0.0031669095624238253,0.9987889528274536,0.3945351839065552,0.0012818885734304786,-0.03858533874154091,-0.003483664942905307,0.0036671459674835205,0.0027696583420038223,1.1727802753448486,0.005963076837360859,-0.004321473386325498,-0.09813615168865963,0.006553694784713389
0.4378208518028259,0.637386679649353,0.987051784992218,-0.0006142118363641202,3.0501315593719482,-0.00037391562364064157,-0.0020313935820013285,-0.04901063069701195,0.0031924943905323744,0.998790979385376,0.394813597202301,0.0011789455311372876,-0.03848642855882645,-0.0032327889930456877,0.004794893320649862,0.002771846018731594,1.1807130575180054,0.006040298379957676,-0.0043919157352050875,-0.09804681744923571,0.006608175611310908
0.4531875252723694,0.6527259945869446,0.986717164516449,-0.0006198104238137603,3.069866180419922,-0.00038642267463728786,-0.0020628373604267836,-0.0489557683467865,0.0032182573340833187,0.9987936615943909,0.3950853943824768,0.0010699094273149967,-0.03837345167994499,-0.002962828613817692,0.00582187669351697,0.0027692934963852167,1.1886509656906128,0.0061158486641943455,-0.004457175313684168,-0.09793662521336266,0.006662701696757954
0.4648992419242859,0.6677293181419373,0.9862146973609924,-0.000620358856394887,3.0895943641662598,-0.00039886950980871916,-0.002091530477628112,-0.048891451209783554,0.0032440407667309046,0.9987966418266296,0.39535805583000183,0.0009553084382787347,-0.03827490657567978,-0.002679903293028474,0.006773167289793491,0.0027622347697615623,1.1965938806533813,0.0061895111575722694,-0.004516841767874635,-0.09780753249671426,0.006716942793885225
0.4824855923652649,0.6791313886642456,0.986050546169281,-0.0006199325434863567,3.1093192100524902,-0.0004112550523132086,-0.0021173381246626377,-0.0488189198076725,0.003269878914579749,0.9987999796867371,0.39560791850090027,0.0008358416380360723,-0.03818050026893616,-0.002382951322942972,0.007565085310488939,0.00274738110601902,1.2045420408248901,0.006261293776333332,-0.00457065476602118,-0.09766201273223607,0.00677095933381098
0.4882308840751648,0.6904555559158325,0.9862397909164429,-0.0005997609696350992,3.1290411949157715,-0.0004234731604810804,-0.002140065422281623,-0.04873960465192795,0.0032956048380583525,0.9988037347793579,0.3958301544189453,0.0007137652137316763,-0.03810451924800873,-0.002064206637442112,0.008207189850509167,0.002727032406255603,1.2124946117401123,0.006331073120236397,-0.004618215351845722,-0.0975029203745319,0.006824403685229239
0.4816073179244995,0.6994943618774414,0.9861774444580078,-0.0005987212643958628,3.1487622261047363,-0.00043560072663240135,-0.0021597265731543303,-0.048654209822416306,0.0033213053829967976,0.9988077878952026,0.3960564136505127,0.0005858171498402953,-0.037991758435964584,-0.001750041963532567,0.008786184713244438,0.002704170998185873,1.2204514741897583,0.006398668047040701,-0.004659565221367403,-0.09733167354529892,0.006877456345282119
0.48378944396972656,0.7099853754043579,0.985961377620697,-0.0005904005374759436,3.1684842109680176,-0.00044732887181453407,-0.0021761932875961065,-0.04856398329138756,0.003346872515976429,0.9988120198249817,0.3962758481502533,0.0004553140024654567,-0.0379071868956089,-0.001432292046956718,0.009265637956559658,0.002677262295037508,1.2284127473831177,0.006464164704084396,-0.0046944451261521965,-0.09715077877353484,0.0069298958857328475
0.49135178327560425,0.7139040231704712,0.9863513112068176,-0.000569542869925499,3.188208818435669,-0.00045874479110352695,-0.0021893654484301805,-0.04847060516476631,0.00337228667922318,0.9988163709640503,0.3964560031890869,0.00032374681904911995,-0.03780866414308548,-0.001095298444852233,0.009538915008306503,0.002645873697474599,1.236377239227295,0.00652743224054575,-0.004722664213861409,-0.09696359939402988,0.0069816834792621445
0.47770410776138306,0.7192589044570923,0.9863597750663757,-0.0005577219999395311,3.2079367637634277,-0.00046987205860204995,-0.0021993012633174658,-0.04837446287274361,0.0033976801205426455,0.9988210201263428,0.3966372311115265,0.00018972964608110487,-0.03773767128586769,-0.0007644435972906649,0.00975926872342825,0.0026104908902198076,1.2443456649780273,0.006588406395167112,-0.004744353922314886,-0.09677089148619,0.007033092469330637
0.47740787267684937,0.7248010635375977,0.9867655038833618,-0.0005219468730501831,3.227670192718506,-0.0004804800555575639,-0.0022059050388634205,-0.048277221620082855,0.003422920824959874,0.9988256692886353,0.3967847526073456,5.6679971748963e-05,-0.03767960146069527,-0.0004229131736792624,0.009806059300899506,0.0025728666223585606,1.252316951751709,0.006647129077464342,-0.0047593229798625365,-0.0965760122914241,0.007083860995473395
0.4632073640823364,0.7252158522605896,0.9871658682823181,-0.00048369725118391216,3.247410297393799,-0.000490519858431071,-0.0022091350983828306,-0.048180315643548965,0.003447870956733823,0.9988301396369934,0.3969161808490753,-7.613670459249988e-05,-0.037628818303346634,-7.793223630869761e-05,0.009751806035637856,0.0025322744622826576,1.2602912187576294,0.006703519728034735,-0.004767486130161427,-0.09638184565240504,0.007133719006106355
0.44919461011886597,0.7240880131721497,0.9875488877296448,-0.0004730793589260429,3.267160415649414,-0.0004999961238354445,-0.002208988182246685,-0.04808482527732849,0.0034725340083241463,0.9988346695899963,0.3970368504524231,-0.00021077156998217106,-0.03754546120762825,0.00024786347057670355,0.0095995357260108,0.0024872911162674427,1.2682675123214722,0.0067575834691524506,-0.004768844494663861,-0.09619052722677512,0.007182679023025863
0.43578892946243286,0.7224935293197632,0.9880430102348328,-0.0004382036568131298,3.286919116973877,-0.0005088438629172742,-0.002205485012382269,-0.04799184575676918,0.003496757009997964,0.9988390207290649,0.3971322774887085,-0.00034141301875934005,-0.03751356154680252,0.0005849674344062805,0.009334261529147625,0.002438533818349242,1.2762455940246582,0.00680945161730051,-0.004763434994094098,-0.09600426901420911,0.007230445442582556
0.41849464178085327,0.718974232673645,0.9886351227760315,-0.00040245772106572986,3.306687831878662,-0.0005171630764380097,-0.002198711968958378,-0.04790206998586655,0.0035207082983106375,0.9988433718681335,0.39720892906188965,-0.0004701529396697879,-0.03747598081827164,0.0009171415003947914,0.008969333954155445,0.0023900626692920923,1.2842254638671875,0.006859045475721359,-0.004751452358248919,-0.09582443702857213,0.007277368543031064
0.3977707028388977,0.7169298529624939,0.9892699122428894,-0.0003658113128039986,3.326467752456665,-0.0005247159278951585,-0.002188790123909712,-0.04781711846590042,0.003544202307239175,0.9988473057746887,0.3972665071487427,-0.0005962538998574018,-0.037461016327142715,0.0012346911244094372,0.008522464893758297,0.0023414893075823784,1.2922064065933228,0.00690640602260828,-0.004733136995641495,-0.09565430897469329,0.007323100682708325
0.37555307149887085,0.7093653678894043,0.9895959496498108,-0.0003291932225693017,3.3462603092193604,-0.000531461788341403,-0.002175756497308612,-0.047737251967191696,0.0035672530066221952,0.9988511204719543,0.397324800491333,-0.0007184944115579128,-0.0374506376683712,0.0015462441369891167,0.00804530456662178,0.0022884069476276636,1.3001879453659058,0.006951702293008566,-0.004708566103932961,-0.09549437730448207,0.007367673974868016
0.3641417622566223,0.7001839280128479,0.9905243515968323,-0.00029782825731672347,3.3660671710968018,-0.0005376155604608357,-0.0021596336737275124,-0.047662608325481415,0.0035900594666600227,0.9988546371459961,0.39734211564064026,-0.0008370705181732774,-0.037442706525325775,0.0018471545772626996,0.007416839711368084,0.0022337306290864944,1.308170199394226,0.006994928698986769,-0.004677807102295176,-0.09534493366992125,0.007411493352225002
0.33164769411087036,0.6947109699249268,0.9910834431648254,-0.0002627026697155088,3.385885715484619,-0.0005430127494037151,-0.0021404707804322243,-0.04759349301457405,0.0036126505583524704,0.9988579154014587,0.3973647654056549,-0.0009513225522823632,-0.037424806505441666,0.0021290744189172983,0.006799054332077503,0.002180635230615735,1.3161531686782837,0.007036133203655481,-0.00464096433645438,-0.09520658247507607,0.00745462351804483
0.3120794892311096,0.6851937174797058,0.9917000532150269,-0.00020374919404275715,3.4057180881500244,-0.0005473879864439368,-0.0021188626997172832,-0.0475320890545845,0.0036345673725008965,0.998860776424408,0.397370308637619,-0.0010580790694803,-0.03744184598326683,0.0024113717954605818,0.0061254957690835,0.0021302313543856144,1.3241360187530518,0.007075544912368059,-0.0045992065183663704,-0.09508369982448128,0.007496213297985339
0.29049813747406006,0.6693488955497742,0.9924184083938599,-0.00016944430535659194,3.425564765930176,-0.0005510422051884234,-0.002094389172270894,-0.047477107495069504,0.0036562569439411163,0.9988634586334229,0.397366464138031,-0.001160892192274332,-0.037404365837574005,0.0026737635489553213,0.005405002273619175,0.0020745587535202503,1.3321186304092407,0.007113119121640921,-0.004551722948929516,-0.09497368937048978,0.007537111573268014
0.2653557062149048,0.6588031649589539,0.9931431412696838,-0.0001407694217050448,3.445425271987915,-0.0005539527046494186,-0.00206722691655159,-0.0474289171397686,0.0036777304485440254,0.9988656044006348,0.3973471522331238,-0.0012580821057781577,-0.03742578998208046,0.002909671515226364,0.004664763808250427,0.002020742278546095,1.3401012420654297,0.007148966658860445,-0.004498874879001951,-0.09487732070246935,0.0075773622970850265
0.23999005556106567,0.6470608711242676,0.9939124584197998,-8.239057206083089e-05,3.465299606323242,-0.0005558626144193113,-0.002037975937128067,-0.04738849774003029,0.0036985715851187706,0.9988676309585571,0.397317498922348,-0.0013458696193993092,-0.03745359182357788,0.0031434623524546623,0.003910763654857874,0.001969036879017949,1.3480830192565918,0.007183403242379427,-0.004441833284503441,-0.09479650909265525,0.007616188412316783
0.21306395530700684,0.6291813254356384,0.9944459199905396,-4.2789146391442046e-05,3.4851861000061035,-0.000556981423869729,-0.00200644857250154,-0.047355059534311295,0.0037191403098404408,0.9988691806793213,0.3972918689250946,-0.0014278950402513146,-0.03748118132352829,0.0033541424199938774,0.003189406357705593,0.0019176345085725188,1.3560646772384644,0.007216404192149639,-0.004380252332873494,-0.09472971060827318,0.00765429271847653
0.19439280033111572,0.6147009134292603,0.99514240026474,9.890569344861433e-06,3.5050864219665527,-0.0005571722867898643,-0.00197334261611104,-0.04732930660247803,0.00373904244042933,0.9988703727722168,0.3972489535808563,-0.0015007860492914915,-0.03755895048379898,0.003551814705133438,0.002448011888191104,0.001866656937636435,1.3640453815460205,0.007248332723975182,-0.004315500625229757,-0.09467831703902418,0.007690952143030746
0.17001599073410034,0.5965557098388672,0.9956689476966858,4.470709973247722e-05,3.524998664855957,-0.0005566102918237448,-0.0019383131293579936,-0.04731038585305214,0.003758588805794716,0.9988712072372437,0.3972127139568329,-0.0015672332374379039,-0.03760794550180435,0.0037225978448987007,0.0017471092287451029,0.0018149048555642366,1.3720256090164185,0.007279061712324619,-0.0042469095573523345,-0.09464062546316399,0.00772675254369858
0.15158683061599731,0.581159234046936,0.9965134263038635,7.74337604525499e-05,3.5449233055114746,-0.0005552212824113667,-0.0019020219333469868,-0.04729840159416199,0.0037776236422359943,0.9988717436790466,0.39716100692749023,-0.00162597990129143,-0.03763643279671669,0.0038676555268466473,0.0010267778998240829,0.0017668765503913164,1.3800047636032104,0.007309005595743656,-0.004175793649313124,-0.09461683418527667,0.0077614430923418866
0.12203007936477661,0.5634520053863525,0.9968224763870239,0.00011223405454074964,3.5648574829101562,-0.00055308872833848,-0.001864120946265757,-0.04729261249303818,0.0037964063230901957,0.9988720417022705,0.39713138341903687,-0.0016761550214141607,-0.037676017731428146,0.003993788734078407,0.0004192422784399241,0.00172047084197402,1.3879833221435547,0.007338086608797312,-0.0041014734641266004,-0.0946054582127207,0.0077955060846408184
0.1112133264541626,0.5466698408126831,0.9974539279937744,0.0001629400358069688,3.584804058074951,-0.0005500526749528944,-0.0018255097093060613,-0.047292910516262054,0.0038146094884723425,0.9988721609115601,0.39708688855171204,-0.0017164499731734395,-0.0377189926803112,0.004106396343559027,-0.00020463287364691496,0.0016794512048363686,1.3959611654281616,0.007366688922047615,-0.004025722434987839,-0.0946062704125441,0.007828367804455559
0.08911252021789551,0.5257837772369385,0.9978246092796326,0.00018874945817515254,3.6047592163085938,-0.0005462953704409301,-0.001785571570508182,-0.047298699617385864,0.0038325816858559847,0.9988718032836914,0.3970572352409363,-0.0017498839879408479,-0.0377386249601841,0.004187523387372494,-0.0007458191830664873,0.001635704655200243,1.4039382934570312,0.007394734304398298,-0.003947333198881618,-0.09461811160282618,0.007860667588090417
0.07613867521286011,0.5078199505805969,0.998352587223053,0.00023921162937767804,3.624722957611084,-0.000541902903933078,-0.0017450398299843073,-0.047309525310993195,0.003850178327411413,0.9988712668418884,0.3970199227333069,-0.0017724197823554277,-0.03778542950749397,0.00426170788705349,-0.001263961079530418,0.0015981645556166768,1.4119148254394531,0.0074225496500730515,-0.0038677589437073633,-0.09464004041888341,0.007892179334500694
0.05765944719314575,0.49094104766845703,0.9986833333969116,0.0002763139782473445,3.6446950435638428,-0.0005367381381802261,-0.0017039318336173892,-0.04732482507824898,0.003867555409669876,0.9988704919815063,0.39699482917785645,-0.0017877944046631455,-0.03783034160733223,0.004299378953874111,-0.0016992667224258184,0.0015670176362618804,1.4198908805847168,0.007450185716152191,-0.0037870453292611394,-0.09467093790431536,0.00792321465860758
0.04608333110809326,0.4705449938774109,0.9988676309585571,0.0003016279952134937,3.664672374725342,-0.0005308041581884027,-0.001662229304201901,-0.047344110906124115,0.0038847834803164005,0.9988696575164795,0.3969813585281372,-0.0017949093598872423,-0.03787379339337349,0.004310770891606808,-0.0020656040869653225,0.0015335346106439829,1.4278665781021118,0.007477863226085901,-0.0037051579554529227,-0.09470981207053453,0.0079539088317172
0.03963291645050049,0.44943904876708984,0.9992371201515198,0.0003441005537752062,3.684657335281372,-0.000524285773281008,-0.0016208627494052052,-0.047366634011268616,0.003901581047102809,0.9988686442375183,0.3969641923904419,-0.0017915943171828985,-0.03791746497154236,0.004317787941545248,-0.002406391315162182,0.0015078812139108777,1.4358419179916382,0.0075059388764202595,-0.0036239319607367206,-0.09475517187595206,0.007983782431081991
0.02670079469680786,0.4314422607421875,0.9994439482688904,0.0003631172585301101,3.7046468257904053,-0.0005171753582544625,-0.0015791631303727627,-0.04739213362336159,0.003918341360986233,0.9988673329353333,0.3969598114490509,-0.001781885395757854,-0.037961214780807495,0.0042847380973398685,-0.0026636156253516674,0.0014856826746836305,1.4438170194625854,0.007534245029091835,-0.0035420606728406925,-0.0948065114666794,0.008013560158117135
0.01946181058883667,0.4126981198787689,0.9997905492782593,0.00039790006121620536,3.7246408462524414,-0.0005093964282423258,-0.001538407290354371,-0.04741937667131424,0.003934657201170921,0.998866081237793,0.39695554971694946,-0.0017619950231164694,-0.03800111636519432,0.004241654649376869,-0.0028801255393773317,0.0014683600747957826,1.4517923593521118,0.0075632985681295395,-0.0034620562326299594,-0.09486132472898756,0.00804253797993014
0.007330775260925293,0.39175260066986084,0.9998723268508911,0.0004190203035250306,3.744638204574585,-0.0005010824534110725,-0.0014984081499278545,-0.047447871416807175,0.0039506945759058,0.9988647103309631,0.3969704806804657,-0.001734193996526301,-0.038033902645111084,0.004175915382802486,-0.0029970454052090645,0.0014490361791104078,1.459768295288086,0.007593279704451561,-0.0033835557456052506,-0.09491864698058539,0.008071030556732322
0.004468560218811035,0.37293821573257446,1.0000908374786377,0.0004335009725764394,3.7646403312683105,-0.0004924895474687219,-0.0014590915525332093,-0.047477368265390396,0.0039665959775447845,0.9988632798194885,0.3969862163066864,-0.001698951586149633,-0.03806474804878235,0.004088894464075565,-0.003077765693888068,0.001435350044630468,1.46774423122406,0.007624031975865364,-0.0033064217321614716,-0.09497797391759288,0.008099315192691591
-0.003179311752319336,0.35896366834640503,1.000084638595581,0.0004491073777899146,3.784642457962036,-0.00048350298311561346,-0.0014202229212969542,-0.047507405281066895,0.0039825658313930035,0.9988618493080139,0.3970169723033905,-0.0016561578959226608,-0.038122836500406265,0.003974457271397114,-0.0030687658581882715,0.0014262268086895347,1.475720763206482,0.007655747700482607,-0.003230198953884524,-0.09503837818034477,0.00812777746567873
-0.002962350845336914,0.34229734539985657,1.0002557039260864,0.0004857321619056165,3.8046457767486572,-0.0004740067815873772,-0.0013831219403073192,-0.04753667861223221,0.00399822648614645,0.9988604784011841,0.3970530331134796,-0.0016042200149968266,-0.03811795264482498,0.0038556877989321947,-0.003032757667824626,0.0014265431091189384,1.4836984872817993,0.0076889339834451675,-0.003157488663837111,-0.09509723973745077,0.008155780342856063
-0.008949637413024902,0.3227979838848114,1.0001420974731445,0.0004953089519403875,3.8246498107910156,-0.00046419730642810464,-0.001347015262581408,-0.047565240412950516,0.004013977013528347,0.9988590478897095,0.3971076011657715,-0.001546787447296083,-0.0381326824426651,0.003709878074005246,-0.002904011867940426,0.0014245377387851477,1.491676926612854,0.007723337039351463,-0.003086777835902852,-0.09515467896350738,0.008184052442950318
-0.004973411560058594,0.3069087266921997,1.0002135038375854,0.0005073319189250469,3.844653844833374,-0.00045414926717057824,-0.0013126424746587873,-0.047592271119356155,0.004029570147395134,0.9988577961921692,0.3971586227416992,-0.0014820685610175133,-0.038175396621227264,0.0035503467079252005,-0.002759090391919017,0.0014272506814450026,1.499656319618225,0.007759352680295706,-0.0030195193251183684,-0.09520903054415797,0.008212163776616575
-0.007472634315490723,0.29227107763290405,1.0000544786453247,0.0005113062215968966,3.864657402038574,-0.0004439187759999186,-0.001280028373003006,-0.04761737585067749,0.004045109264552593,0.9988566040992737,0.3972305655479431,-0.0014116981765255332,-0.038186702877283096,0.003370327176526189,-0.002538397442549467,0.0014344064984470606,1.5076371431350708,0.007797018624842167,-0.0029557697943874547,-0.09525951623982887,0.008240324421833584
-0.001906752586364746,0.2785691022872925,1.0000897645950317,0.0005121468566358089,3.8846595287323,-0.0004335585399530828,-0.0012491228990256786,-0.0476403571665287,0.004060730338096619,0.9988555312156677,0.39729976654052734,-0.0013355340342968702,-0.03820844367146492,0.0031741161365062,-0.0023100487887859344,0.0014441593084484339,1.515619158744812,0.007836449891328812,-0.002895439829010732,-0.09530573577960899,0.008268801932607055
-0.00314176082611084,0.26578742265701294,0.999881386756897,0.0005081768031232059,3.904660940170288,-0.0004231150960549712,-0.0012201446807011962,-0.04766077920794487,0.0040764035657048225,0.9988544583320618,0.39738860726356506,-0.0012543594930320978,-0.03820948302745819,0.002962012542411685,-0.0020131163764744997,0.0014581847935914993,1.523602843284607,0.00787773821502924,-0.0028389619242389324,-0.09534682794063976,0.008297557633862362
0.004151463508605957,0.2538490295410156,0.9999251365661621,0.0005330518470145762,3.9246606826782227,-0.0004125646664761007,-0.0011936919763684273,-0.04767804220318794,0.004091931972652674,0.9988536834716797,0.3974767029285431,-0.0011656316928565502,-0.038165122270584106,0.0027588889934122562,-0.0017260144231840968,0.00147887016646564,1.5315886735916138,0.007921142503619194,-0.002787511614480305,-0.0953815615864968,0.00832624974523828
0.002620220184326172,0.24132390320301056,0.9998446702957153,0.0005184808396734297,3.9446585178375244,-0.0004021028580609709,-0.001169089344330132,-0.047692377120256424,0.004107780754566193,0.9988529086112976,0.39756932854652405,-0.0010754666291177273,-0.03818737715482712,0.0025228906888514757,-0.0013919713674113154,0.0014985876623541117,1.5395759344100952,0.007966525852680206,-0.0027397806875671038,-0.09541043057527876,0.00835575111264391
0.005436539649963379,0.2327953577041626,0.9996989369392395,0.0005148874479345977,3.9646544456481934,-0.0003916023124475032,-0.0011472906917333603,-0.04770301654934883,0.00412339624017477,0.9988523721694946,0.3976763188838959,-0.0009803591528907418,-0.038147591054439545,0.002283327281475067,-0.0010307534830644727,0.0015229952987283468,1.5475654602050781,0.008014243096113205,-0.0026976229392956202,-0.09543187261293773,0.008385038165003272
0.010537207126617432,0.22167670726776123,0.9997347593307495,0.0005151485675014555,3.984649181365967,-0.0003813785733655095,-0.0011278577148914337,-0.04771025851368904,0.004139166325330734,0.9988519549369812,0.39777320623397827,-0.0008810870931483805,-0.03817106410861015,0.002046268666163087,-0.0006807307945564389,0.0015502895694226027,1.5555567741394043,0.008064158260822296,-0.0026601985952132037,-0.09544649672552041,0.008414849893572456
0.00928342342376709,0.21714165806770325,0.9994069337844849,0.0005088814068585634,4.004641532897949,-0.0003712537873070687,-0.0011108113685622811,-0.04771386459469795,0.0041550323367118835,0.9988517165184021,0.3978966176509857,-0.0007796609424985945,-0.038136884570121765,0.0017919983947649598,-0.00026987504679709673,0.0015779518289491534,1.5635502338409424,0.00811638031154871,-0.0026275416009316067,-0.09545382075498954,0.008445069785418521
0.020757317543029785,0.20914441347122192,0.9994493126869202,0.0005039935349486768,4.024632930755615,-0.00036139562143944204,-0.0010963528184220195,-0.047713931649923325,0.004170962609350681,0.9988516569137573,0.39800697565078735,-0.0006754313944838941,-0.03809771314263344,0.0015392410568892956,8.499571413267404e-05,0.0016073617152869701,1.571546196937561,0.00817100703716278,-0.0026000531768306722,-0.0954540363651235,0.00847565424608998
0.01927405595779419,0.2047632336616516,0.9992427825927734,0.00046403519809246063,4.04462194442749,-0.0003518721496220678,-0.0010845504002645612,-0.04771045222878456,0.00418699299916625,0.9988517761230469,0.3981296718120575,-0.0005728329415433109,-0.03807607293128967,0.0012582088820636272,0.0004769386141560972,0.0016425421927124262,1.579543948173523,0.00822797603905201,-0.002577873535364581,-0.09544712775475683,0.008506682022962423
0.026502609252929688,0.20207437872886658,0.9992991089820862,0.00045315036550164223,4.064608573913574,-0.0003427428309805691,-0.0010752032976597548,-0.04770341143012047,0.004203400108963251,0.9988520741462708,0.3982425630092621,-0.00046682439278811216,-0.038052380084991455,0.0009934593690559268,0.0008238391601480544,0.0016820661257952452,1.5875444412231445,0.00828730221837759,-0.002560625726422055,-0.09543306584200506,0.008538689074838561
0.024531185626983643,0.20096522569656372,0.9993491768836975,0.00045522613800130785,4.084595203399658,-0.0003337800153531134,-0.001068572048097849,-0.047693200409412384,0.004219758789986372,0.998852550983429,0.39835667610168457,-0.0003589502885006368,-0.038027942180633545,0.0007341991295106709,0.0011700013419613242,0.0017238478176295757,1.595547080039978,0.00834913644939661,-0.0025487949299876425,-0.09541263082408347,0.008570848365313237
0.022778809070587158,0.19546598196029663,0.9991211891174316,0.0004160065436735749,4.104579448699951,-0.0003254719194956124,-0.0010644220747053623,-0.04767926409840584,0.004236857872456312,0.9988531470298767,0.3984850347042084,-0.00025471518165431917,-0.037996042519807816,0.0004587642615661025,0.0015427087200805545,0.0017667122883722186,1.6035521030426025,0.008413314819335938,-0.0025419809375804335,-0.0953847189840289,0.008604719265853437
0.030758380889892578,0.20038244128227234,0.9992192387580872,0.0003996335726696998,4.124562740325928,-0.0003175322781316936,-0.0010628900490701199,-0.04766217991709709,0.004254353232681751,0.9988538026809692,0.3985976576805115,-0.0001497095508966595,-0.03797099366784096,0.00018905018805526197,0.001846265746280551,0.0018138497835025191,1.6115593910217285,0.008479982614517212,-0.002540429864857208,-0.09535048909627686,0.00863962632833413
0.027326643466949463,0.19993892312049866,0.9989593625068665,0.00038107839645817876,4.144547939300537,-0.00031000704620964825,-0.0010639663087204099,-0.04764207452535629,0.004272237420082092,0.9988547563552856,0.39872702956199646,-4.597083534463309e-05,-0.03794059529900551,-7.353494584094733e-05,0.0021798978559672832,0.0018626161618158221,1.6195688247680664,0.008549020625650883,-0.0025441216091731935,-0.09531017130267538,0.008675551663406111
0.03642231225967407,0.20082588493824005,0.9992623925209045,0.00035531853791326284,4.1645307540893555,-0.0003029645886272192,-0.0010675675002858043,-0.04761947691440582,0.0042903833091259,0.998855710029602,0.3988286852836609,5.571165820583701e-05,-0.03791462257504463,-0.0003319584939163178,0.002405712613835931,0.0019119447097182274,1.6275808811187744,0.008620456792414188,-0.0025528818855071827,-0.0952648515971457,0.008712235991950583
0.025816261768341064,0.20356009900569916,0.9993409514427185,0.0003325333818793297,4.184514999389648,-0.0002965150633826852,-0.0010736434487625957,-0.04759454354643822,0.004308878444135189,0.998856782913208,0.39893838763237,0.00015536759747192264,-0.03788360580801964,-0.0005793857271783054,0.002651417860761285,0.0019640899263322353,1.6355947256088257,0.008694207295775414,-0.0025666190438492715,-0.0952148310814962,0.00874984917794916
0.023066699504852295,0.20908784866333008,0.9992748498916626,0.000278030609479174,4.204500198364258,-0.00029077669023536146,-0.0010823425836861134,-0.047566864639520645,0.004328102804720402,0.9988579750061035,0.39905253052711487,0.0002490500337444246,-0.03785282000899315,-0.0008432327886112034,0.0028891803231090307,0.002017179038375616,1.6436110734939575,0.008770295418798923,-0.0025856632106858414,-0.09515928836954202,0.008789166203070277
0.025380253791809082,0.21768882870674133,0.9992402195930481,0.00025537016335874796,4.2244873046875,-0.00028538121841847897,-0.0010933615267276764,-0.04753740876913071,0.004347588401287794,0.9988593459129333,0.39916014671325684,0.00034262906410731375,-0.03785223141312599,-0.0010827337391674519,0.0030850833281874657,0.00206521013751626,1.6516293287277222,0.008848641999065876,-0.002609368880657145,-0.09510015650468251,0.008829220707904172
0.02659231424331665,0.21926552057266235,0.9995075464248657,0.00020787757239304483,4.2444748878479,-0.0002806310949381441,-0.001106632873415947,-0.04750647768378258,0.004367347806692123,0.9988607168197632,0.3992518484592438,0.00043105255463160574,-0.037835896015167236,-0.001315479981712997,0.0032057035714387894,0.0021103075705468655,1.6596496105194092,0.008929207921028137,-0.0026376049184675104,-0.09503805556195077,0.008870033449656213
0.017235875129699707,0.22753459215164185,0.999483048915863,0.00019426501239649951,4.264464855194092,-0.00027661738567985594,-0.0011218127328902483,-0.04747479408979416,0.00438716821372509,0.9988621473312378,0.3993523120880127,0.0005183828761801124,-0.037827908992767334,-0.0015138775343075395,0.0033404536079615355,0.002157428301870823,1.667671799659729,0.009011789225041866,-0.002669666992056983,-0.09497442709259851,0.008911145718681159
0.0180932879447937,0.23835980892181396,0.9997003674507141,0.00015237221668940037,4.284458160400391,-0.00027354402118362486,-0.0011393595486879349,-0.04744183272123337,0.0044077737256884575,0.9988635182380676,0.3994407653808594,0.0005975266103632748,-0.03778659552335739,-0.0017253831028938293,0.0034049106761813164,0.0022110715508461,1.675695538520813,0.009096408262848854,-0.002706539505426736,-0.09490822639979068,0.008954053279662592
0.010487139225006104,0.25420278310775757,0.9997955560684204,0.00013146894343663007,4.304455280303955,-0.0002707859384827316,-0.0011587290791794658,-0.047408606857061386,0.004428660962730646,0.998865008354187,0.39952829480171204,0.000673119502607733,-0.03777012974023819,-0.0019251556368544698,0.0034574479795992374,0.0022642239928245544,1.6837208271026611,0.009182925336062908,-0.0027470906922991436,-0.09484146691929851,0.00899769510329862
0.0071555376052856445,0.25785863399505615,1.0000756978988647,0.00010331298835808411,4.324455261230469,-0.00026859648642130196,-0.0011798719642683864,-0.04737520217895508,0.004449903499335051,0.9988664984703064,0.39960283041000366,0.0007439702749252319,-0.037754010409116745,-0.0020975512452423573,0.0034522567875683308,0.002308477181941271,1.6917476654052734,0.009271301329135895,-0.0027912295120072267,-0.09477433106594235,0.00904221508262474
-0.0026494264602661133,0.26714926958084106,1.000260353088379,4.1346243961015716e-05,4.344459056854248,-0.00026738044107332826,-0.0012028226628899574,-0.0473417304456234,0.004471680149435997,0.998867928981781,0.3996780514717102,0.0008058761013671756,-0.03772518411278725,-0.0022736806422472,0.003435245482251048,0.0023554018698632717,1.6997761726379395,0.009361435659229755,-0.0028390431957862317,-0.09470704654740114,0.009087975845003262
-0.009112358093261719,0.28550830483436584,1.000341773033142,2.405877057753969e-05,4.364468097686768,-0.00026682441239245236,-0.0012275541666895151,-0.04730831831693649,0.004494079388678074,0.9988694190979004,0.3997534513473511,0.0008649314986541867,-0.03769607096910477,-0.002419011667370796,0.0033997201826423407,0.0024013957008719444,1.70780611038208,0.009453175589442253,-0.002890486569252204,-0.09463985472600034,0.00913515129511321
-0.011962056159973145,0.29825931787490845,1.0005993843078613,-3.0640976547147147e-06,4.384481430053711,-0.00026672304375097156,-0.0012534597190096974,-0.04727596789598465,0.00451667932793498,0.998870849609375,0.39981332421302795,0.0009169652475975454,-0.03769785538315773,-0.002555040642619133,0.003307257778942585,0.0024462086148560047,1.7158372402191162,0.009546355344355106,-0.0029443115877045576,-0.09457477553547555,0.009182841344347936
-0.020978450775146484,0.3073578476905823,1.0010892152786255,-3.698876753333025e-05,4.404499530792236,-0.0002672992122825235,-0.001280489843338728,-0.047244805842638016,0.004539539571851492,0.9988721609115601,0.3998582363128662,0.0009623820660635829,-0.03768712282180786,-0.0026681271847337484,0.0031632864847779274,0.0024882794823497534,1.7238692045211792,0.009640908800065517,-0.003000426115296637,-0.09451206768621856,0.009231161852296183
-0.03812253475189209,0.32159167528152466,1.0013059377670288,-7.583857950521633e-05,4.424522876739502,-0.0002686645311769098,-0.0013085281243547797,-0.04721478745341301,0.004562788177281618,0.9988733530044556,0.3999106287956238,0.0010005321819335222,-0.037673987448215485,-0.002768866252154112,0.0030454385560005903,0.0025288756005465984,1.7319022417068481,0.009736612439155579,-0.003058608384500831,-0.09445164229151048,0.009280358597150195
-0.0457078218460083,0.33884745836257935,1.0014253854751587,-0.00010589059820631519,4.444550037384033,-0.00027068404597230256,-0.0013375397538766265,-0.04718606173992157,0.004586498253047466,0.9988746643066406,0.3999623954296112,0.0010321630397811532,-0.037675198167562485,-0.002854367485269904,0.0029161390848457813,0.0025687669403851032,1.7399362325668335,0.009833477437496185,-0.0031187961418517526,-0.09439377437689833,0.009330573280965964
-0.0498884916305542,0.3540591597557068,1.001699447631836,-0.00013465902884490788,4.464583396911621,-0.00027326165582053363,-0.0013675116933882236,-0.047158800065517426,0.004610706586390734,0.9988757371902466,0.4000037610530853,0.001056763343513012,-0.03766445443034172,-0.002923310501500964,0.002740399679169059,0.0026054552290588617,1.7479711771011353,0.009931344538927078,-0.0031809697228863884,-0.09433883978364088,0.0093818825711571
-0.05948066711425781,0.3679080009460449,1.0019320249557495,-0.00014665037451777607,4.484622478485107,-0.00027634642901830375,-0.0013978383503854275,-0.0471334233880043,0.0046350983902812,0.9988768696784973,0.40004172921180725,0.0010761294979602098,-0.03766784071922302,-0.002959873527288437,0.002554011531174183,0.0026374475564807653,1.7560069561004639,0.010030003264546394,-0.003243887232954259,-0.09428765807580208,0.009433596312722675
-0.06762087345123291,0.38124653697013855,1.0023103952407837,-0.0001899657363537699,4.50466775894165,-0.00027997579309158027,-0.0014280910836532712,-0.04711044207215309,0.004659444559365511,0.9988777041435242,0.40006816387176514,0.0010856551816686988,-0.03767506405711174,-0.0029969902243465185,0.0023347465321421623,0.0026715989224612713,1.7640429735183716,0.010129177942872047,-0.0033066734051739517,-0.09424128743507998,0.0094852198978946
-0.0808638334274292,0.39587974548339844,1.0025711059570312,-0.0002246054937131703,4.524717807769775,-0.0002843799302354455,-0.001458879909478128,-0.04708922654390335,0.004684366285800934,0.9988785982131958,0.40009793639183044,0.0010886660311371088,-0.037666235119104385,-0.0030101777520030737,0.0021264429669827223,0.0027032727375626564,1.772079586982727,0.010228993371129036,-0.003370604037670688,-0.0941984281723025,0.009538052167287848
-0.08998870849609375,0.4158930778503418,1.0027656555175781,-0.00022734781668987125,4.544772624969482,-0.00028913686401210725,-0.0014896864304319024,-0.04707007482647896,0.0047095841728150845,0.9988792538642883,0.4001259505748749,0.0010871614795178175,-0.037670817226171494,-0.0029966391157358885,0.0019175068009644747,0.0027297241613268852,1.7801170349121094,0.010329222306609154,-0.0034346167568928138,-0.09415970965950882,0.009591487807237285
-0.09679794311523438,0.4278216063976288,1.0031744241714478,-0.00026049281586892903,4.564834117889404,-0.000294316909275949,-0.001520033460110426,-0.047053392976522446,0.004734880290925503,0.9988799691200256,0.40014398097991943,0.0010761342709884048,-0.03764583170413971,-0.0029798171017318964,0.001672981888987124,0.002755122259259224,1.7881548404693604,0.010429699905216694,-0.0034977366053703693,-0.09412592052103386,0.009645043543628015
-0.11110484600067139,0.4415816068649292,1.0034325122833252,-0.0002983033482450992,4.584901332855225,-0.00030012684874236584,-0.001550420536659658,-0.04703867807984352,0.004760746378451586,0.9988805055618286,0.40016287565231323,0.0010577463544905186,-0.03765258565545082,-0.002947464119642973,0.001453986275009811,0.00277763232588768,1.7961928844451904,0.010530327446758747,-0.003561008813765355,-0.09409607165696676,0.009699754159390785
-0.12013792991638184,0.4601094722747803,1.0035666227340698,-0.0002885130816139281,4.604972839355469,-0.00030600192258134484,-0.0015795700019225478,-0.047026313841342926,0.004786214325577021,0.9988808631896973,0.40018507838249207,0.0010371720418334007,-0.03766150027513504,-0.002876357873901725,0.00124981882981956,0.0027948205824941397,1.8042311668395996,0.010630779899656773,-0.0036217823130076086,-0.09407094610300337,0.00975355833852184
-0.12483179569244385,0.4674096405506134,1.003891944885254,-0.0003389869234524667,4.625049591064453,-0.0003126863739453256,-0.0016086417017504573,-0.04701592028141022,0.004812344908714294,0.9988812208175659,0.4001920819282532,0.0010048884432762861,-0.03771905228495598,-0.0028151969891041517,0.0010182303376495838,0.0028128204867243767,1.8122700452804565,0.010731307789683342,-0.00368248056620167,-0.0940497522681969,0.009808691378647318
-0.13621807098388672,0.49040675163269043,1.0042438507080078,-0.0003255156334489584,4.645133972167969,-0.0003193444281350821,-0.0016366231720894575,-0.04700775444507599,0.004838424734771252,0.9988813996315002,0.4002004861831665,0.0009712646133266389,-0.03772485628724098,-0.0027178076561540365,0.0007935218745842576,0.0028256091754883528,1.8203089237213135,0.010831480845808983,-0.003741008240228026,-0.0940330335146995,0.009863629453328002
-0.14853477478027344,0.4966645836830139,1.004422903060913,-0.0003593844885472208,4.665221691131592,-0.0003265507402829826,-0.0016637752996757627,-0.04700146242976189,0.004864763934165239,0.9988815188407898,0.40021464228630066,0.0009274178300984204,-0.03773883357644081,-0.0026217231061309576,0.0006045057089067996,0.0028426996432244778,1.828348159790039,0.010931313037872314,-0.00379791444280492,-0.09402006786731487,0.009919017276064214
-0.154801607131958,0.5149666666984558,1.0045109987258911,-0.00033483418519608676,4.685312271118164,-0.00033378927037119865,-0.001689654542133212,-0.04699700325727463,0.004891189746558666,0.9988815784454346,0.4002363979816437,0.0008826239500194788,-0.03770947828888893,-0.002485135802999139,0.00043192459270358086,0.002852808451279998,1.8363877534866333,0.011030584573745728,-0.0038522927632079814,-0.09401077880379094,0.009974466523522624
-0.15788495540618896,0.5229830741882324,1.004758596420288,-0.0003710835881065577,4.70540714263916,-0.00034125702222809196,-0.0017141465796157718,-0.04699436202645302,0.004917635582387447,0.9988815188407898,0.4002460241317749,0.0008274226565845311,-0.03772489354014397,-0.0023689032532274723,0.00024287760606966913,0.0028618534561246634,1.8444271087646484,0.011129249818623066,-0.003903907963948332,-0.09400514381711833,0.010029833694269517
-0.166550874710083,0.5351718068122864,1.0049781799316406,-0.0003889942017849535,4.7255048751831055,-0.00034907873487100005,-0.0017377670155838132,-0.04699329659342766,0.0049446928314864635,0.998881459236145,0.4002567231655121,0.0007683815201744437,-0.03773672506213188,-0.002230178564786911,7.243115396704525e-05,0.0028662318363785744,1.8524671792984009,0.011227362789213657,-0.0039538477859033605,-0.09400266029081461,0.010086352175401443
-0.17423629760742188,0.5502123236656189,1.0053095817565918,-0.00036828278098255396,4.745608806610107,-0.000356488861143589,-0.0017591016367077827,-0.046993836760520935,0.0049710520543158054,0.9988812804222107,0.40025970339775085,0.0007086737314239144,-0.03776947036385536,-0.002064793836325407,-9.613905422156677e-05,0.0028621547389775515,1.8605074882507324,0.011324558407068253,-0.003999151997339221,-0.09400341946810276,0.01014126259376427
-0.1858353614807129,0.5495333075523376,1.0053620338439941,-0.0004117948410566896,4.765716075897217,-0.0003646137483883649,-0.0017793377628549933,-0.04699563980102539,0.004997964948415756,0.9988809823989868,0.4002753794193268,0.0006389567861333489,-0.037801433354616165,-0.0019073488656431437,-0.00020636139379348606,0.002861860441043973,1.8685479164123535,0.0114209009334445,-0.004042317939844033,-0.09400671918217673,0.010197187369858314
-0.18767118453979492,0.5720992684364319,1.0054479837417603,-0.00037046815850771964,4.785824775695801,-0.00037250248715281487,-0.0017978384857997298,-0.04699850454926491,0.005024874582886696,0.9988807439804077,0.4002925753593445,0.0005715680308640003,-0.03780953586101532,-0.0017163907177746296,-0.00031319630215875804,0.002857619198039174,1.8765889406204224,0.011516325175762177,-0.004082012335205448,-0.09401215005099428,0.010252946238027489
-0.1906794309616089,0.5754140615463257,1.005524754524231,-0.0003767122980207205,4.80593729019165,-0.00038018004852347076,-0.0018142730696126819,-0.04700228571891785,0.005051450338214636,0.9988803267478943,0.4003112018108368,0.000496748776640743,-0.0378120094537735,-0.0015385233564302325,-0.000407551386160776,0.002854900900274515,1.8846304416656494,0.011610615998506546,-0.004117540063362716,-0.09401944951626384,0.010307846494794414
-0.1933664083480835,0.5790201425552368,1.005815863609314,-0.00039807838038541377,4.826051235198975,-0.00038815048174001276,-0.0018293041503056884,-0.04700702056288719,0.005078664980828762,0.9988798499107361,0.4003177881240845,0.0004176921211183071,-0.03784272447228432,-0.001355053042061627,-0.000515113293658942,0.0028455606661736965,1.892672061920166,0.011703969910740852,-0.004150322606409328,-0.09402866969446078,0.010363901661312434
-0.20355522632598877,0.5930032730102539,1.0059181451797485,-0.0003490897361189127,4.846169948577881,-0.0003954317362513393,-0.0018419029656797647,-0.04701237007975578,0.005105120595544577,0.998879611492157,0.4003368616104126,0.00034213680191896856,-0.03784070163965225,-0.0011357119074091315,-0.0005736889434047043,0.0028308837208896875,1.9007136821746826,0.011796117760241032,-0.004178158841765107,-0.09403912293835837,0.010418204847871468
-0.20713508129119873,0.5866590738296509,1.0058799982070923,-0.0003819138219114393,4.866288661956787,-0.00040312029886990786,-0.0018526603234931827,-0.04701806977391243,0.005131686571985483,0.9988790154457092,0.40036192536354065,0.00025770245702005923,-0.03784961625933647,-0.0009388746693730354,-0.0006001210422255099,0.002818537410348654,1.9087560176849365,0.011887001805007458,-0.004202316405111917,-0.09405032696604843,0.01047256144479694
-0.20579993724822998,0.6026550531387329,1.0060349702835083,-0.0003739972016774118,4.886407852172852,-0.000410727079724893,-0.0018616690067574382,-0.04702424257993698,0.005158779211342335,0.9988787174224854,0.40037858486175537,0.00017355039017274976,-0.03787092864513397,-0.0007403772324323654,-0.0006428714259527624,0.002805015305057168,1.916798710823059,0.01197678130120039,-0.00422301908630047,-0.09406246308943578,0.010527809126838768
-0.21122395992279053,0.6087905168533325,1.0061527490615845,-0.0003014340763911605,4.90653133392334,-0.00041757102007977664,-0.0018684928072616458,-0.04703059419989586,0.005185444373637438,0.9988782405853271,0.40040236711502075,9.386723831994459e-05,-0.03783954679965973,-0.0005003231926821172,-0.0006618257611989975,0.0027862770948559046,1.9248420000076294,0.012065312825143337,-0.004239300630098756,-0.09407499766355665,0.010581995779106974
-0.21534621715545654,0.6005446314811707,1.0061960220336914,-0.00031658157240599394,4.92665433883667,-0.00042410564492456615,-0.001873007626272738,-0.047036685049533844,0.005211285315454006,0.998877763748169,0.40042680501937866,7.043425284791738e-06,-0.03784697502851486,-0.000292628858005628,-0.0006546577205881476,0.002767432713881135,1.9328856468200684,0.012152471579611301,-0.004250868928101517,-0.09408703931009943,0.010634309480520581
-0.21686077117919922,0.6010626554489136,1.0060733556747437,-0.00033268987317569554,4.94677734375,-0.0004308517382014543,-0.0018755568889901042,-0.047042664140462875,0.00523743312805891,0.9988772869110107,0.40046030282974243,-8.024946873774752e-05,-0.037852510809898376,-8.312881254823878e-05,-0.0006164271617308259,0.0027436341624706984,1.940929889678955,0.01223838422447443,-0.004258521493895112,-0.09409887700482034,0.01068705296599282
-0.21256744861602783,0.6122103929519653,1.0063247680664062,-0.00030154630076140165,4.966904163360596,-0.0004372017865534872,-0.0018760717939585447,-0.04704862833023071,0.005263672675937414,0.9988768696784973,0.40047773718833923,-0.00016469709225930274,-0.03785816952586174,0.00013036414748057723,-0.0006218664930202067,0.0027220488991588354,1.9489744901657104,0.012323027476668358,-0.004262100706862628,-0.0941107007194204,0.010739787775372956
-0.22136688232421875,0.6108144521713257,1.0062575340270996,-0.0002842361864168197,4.987029075622559,-0.0004430348926689476,-0.0018745476845651865,-0.04705416411161423,0.005289961118251085,0.9988765716552734,0.4005076289176941,-0.0002497502719052136,-0.037892431020736694,0.0003342751879245043,-0.0005648466176353395,0.0026982903946191072,1.9570199251174927,0.012406445108354092,-0.004261588320474761,-0.09412167933696325,0.01079242478490866
-0.21901369094848633,0.6064859628677368,1.0064483880996704,-0.0002597167040221393,5.007155418395996,-0.0004484330420382321,-0.0018709675641730428,-0.047059256583452225,0.005316165741533041,0.99887615442276,0.400529146194458,-0.00033305559190921485,-0.037895508110523224,0.0005480761756189167,-0.0005354080931283534,0.0026722741313278675,1.9650660753250122,0.01248853374272585,-0.004256938590306889,-0.09413180665548193,0.010844698563574257
-0.22569358348846436,0.6033642888069153,1.006357192993164,-0.00023866465198807418,5.027281761169434,-0.0004533940809778869,-0.0018653487786650658,-0.047063689678907394,0.00534213799983263,0.9988757967948914,0.40056711435317993,-0.0004151379980612546,-0.037866923958063126,0.0007575015188194811,-0.00045327001134864986,0.0026433279272168875,1.9731125831604004,0.01256943866610527,-0.004248168945312897,-0.09414063504338133,0.010896309608499265
-0.2225017547607422,0.5997644662857056,1.0063419342041016,-0.00021359926904551685,5.047407627105713,-0.0004579175147227943,-0.0018577793380245566,-0.04706741124391556,0.005367744248360395,0.9988754987716675,0.40059998631477356,-0.0004948071436956525,-0.0378650464117527,0.0009652678272686899,-0.00038041986408643425,0.002614077180624008,1.9811599254608154,0.012649154290556908,-0.0042354426628279885,-0.0941480602724063,0.010946997760517042
-0.2219676971435547,0.5957189798355103,1.0063056945800781,-0.00018577405717223883,5.067535877227783,-0.0004618793318513781,-0.0018483465537428856,-0.047070425003767014,0.005392790772020817,0.9988753795623779,0.40063437819480896,-0.000571547367144376,-0.03786570206284523,0.0011684100609272718,-0.00030162360053509474,0.002582206856459379,1.9892079830169678,0.012727725319564342,-0.004218915993605088,-0.09415407878950965,0.010996381203068397
-0.22069931030273438,0.5886332392692566,1.0062675476074219,-0.00016594765475019813,5.087663173675537,-0.00046552266576327384,-0.00183715985622257,-0.047072634100914,0.005417416803538799,0.998875081539154,0.40066882967948914,-0.0006459919968619943,-0.03786497935652733,0.0013643103884533048,-0.000222557588131167,0.0025494317524135113,1.9972562789916992,0.012805216945707798,-0.00419882217740641,-0.09415852911113509,0.011044753213625772
-0.21936416625976562,0.5860931277275085,1.0062255859375,-0.00018177846504841,5.107791900634766,-0.0004689799970947206,-0.0018239134224131703,-0.04707430303096771,0.005442568100988865,0.998874843120575,0.40070411562919617,-0.0007215723162516952,-0.037862230092287064,0.0015187059761956334,-0.0001423414796590805,0.0025164084509015083,2.005305528640747,0.012881554663181305,-0.004174638671376984,-0.09416191643813421,0.011093981268978415
-0.2178955078125,0.5860179662704468,1.0063682794570923,-0.00011789255950134248,5.1279191970825195,-0.0004716734401881695,-0.0018089179648086429,-0.047075167298316956,0.005467663519084454,0.9988746643066406,0.40072619915008545,-0.0007874084985814989,-0.037905268371105194,0.0017017461359500885,-8.561783033655956e-05,0.002486979588866234,2.0133554935455322,0.0129568912088871,-0.0041469309510265345,-0.09416371189883965,0.011142927357195307
-0.22288978099822998,0.5736223459243774,1.006460428237915,-7.208995521068573e-05,5.148048400878906,-0.0004734370158985257,-0.0017926181899383664,-0.047075286507606506,0.005491941701620817,0.9988745450973511,0.40075525641441345,-0.0008502938435412943,-0.03789126127958298,0.0018758279038593173,-1.4139143786451314e-05,0.0024560452438890934,2.0214059352874756,0.013031421229243279,-0.004116519984329054,-0.09416403328803047,0.011190106068595383
-0.22611498832702637,0.5569779276847839,1.0062719583511353,-7.20294556231238e-05,5.168176651000977,-0.00047505079419352114,-0.0017747541423887014,-0.047074493020772934,0.0055160364136099815,0.9988744854927063,0.40079620480537415,-0.0009120810427702963,-0.037884484976530075,0.002030405215919018,9.589614637661725e-05,0.0024196747690439224,2.0294575691223145,0.013105104677379131,-0.004082942019926429,-0.09416254586496398,0.011236763845612955
-0.2195185422897339,0.5557857751846313,1.0062518119812012,-5.681291440851055e-05,5.1883039474487305,-0.00047644463484175503,-0.0017550336197018623,-0.047072988003492355,0.005540550220757723,0.9988745450973511,0.4008319675922394,-0.0009699297370389104,-0.03784933686256409,0.0021646786481142044,0.0001704952446743846,0.0023889574222266674,2.0375094413757324,0.013177807442843914,-0.004045669594487742,-0.09415964668744126,0.011284082522192271
-0.21881341934204102,0.5529714226722717,1.006369709968567,4.7760076995473355e-06,5.208432197570801,-0.0004767087521031499,-0.001734422636218369,-0.04707083851099014,0.0055642882362008095,0.9988745450973511,0.40085741877555847,-0.001019161194562912,-0.037845540791749954,0.0023016182240098715,0.00022450656979344785,0.0023609139025211334,2.0455620288848877,0.013250079937279224,-0.004006529716835905,-0.09415548114183525,0.011329758144979944
-0.2229398488998413,0.5308317542076111,1.0061713457107544,2.3950426111696288e-05,5.2285590171813965,-0.0004765721096191555,-0.0017126798629760742,-0.047068044543266296,0.005587704014033079,0.9988745450973511,0.40089234709739685,-0.00106559949927032,-0.037882350385189056,0.002429122570902109,0.00031809171196073294,0.0023276456631720066,2.053614854812622,0.013321715407073498,-0.003965080644105114,-0.09415004439770147,0.011374677424078878
-0.2159970998764038,0.5228705406188965,1.006322979927063,1.4048541743250098e-05,5.248688697814941,-0.0004762617754749954,-0.0016892661806195974,-0.047064702957868576,0.005611515138298273,0.9988746643066406,0.4009163975715637,-0.00111066410318017,-0.037856362760066986,0.0025172957684844732,0.00035143038257956505,0.002296465914696455,2.061668634414673,0.013392672874033451,-0.003920308894797323,-0.09414352189673392,0.011420228479565779
-0.2213042974472046,0.5192769169807434,1.0063393115997314,6.543139170389622e-05,5.2688164710998535,-0.00047517221537418664,-0.0016651758924126625,-0.047060776501894,0.005634859669953585,0.9988746643066406,0.40094006061553955,-0.001145584275946021,-0.03787895292043686,0.0026152944192290306,0.00040451379027217627,0.0022709951736032963,2.0697226524353027,0.01346333883702755,-0.003874128782530844,-0.0941358541479711,0.011464778381381994
-0.22187590599060059,0.5027928948402405,1.006462574005127,0.00010199165262747556,5.28894567489624,-0.00047329970402643085,-0.0016405938658863306,-0.04705649986863136,0.005657600704580545,0.998874843120575,0.4009607434272766,-0.0011754968436434865,-0.03786560520529747,0.002703521866351366,0.00043844571337103844,0.0022432245314121246,2.07777738571167,0.013533851131796837,-0.0038268997010469505,-0.09412748043467967,0.011508067523778701
-0.22619009017944336,0.48545071482658386,1.0063267946243286,0.00011614635877776891,5.309074401855469,-0.0004712977970484644,-0.001615212531760335,-0.04705165699124336,0.005680158734321594,0.9988749027252197,0.4009944796562195,-0.0012012129882350564,-0.03781995549798012,0.002778648631647229,0.0005027554580010474,0.0022119854111224413,2.085832357406616,0.01360409427434206,-0.0037780429485681066,-0.09411799891268813,0.011550913230170148
-0.22143781185150146,0.48104938864707947,1.006466031074524,0.00013551123265642673,5.32920503616333,-0.0004689435299951583,-0.0015889545902609825,-0.04704657569527626,0.005702813155949116,0.998875081539154,0.40100687742233276,-0.0012218678602948785,-0.03784993663430214,0.0028233767952769995,0.0005167045164853334,0.002186995465308428,2.0938880443573,0.013674150221049786,-0.0037274325786425806,-0.09410804185527533,0.011593867551358468
-0.2263110876083374,0.47183549404144287,1.0065267086029053,0.00015603013162035495,5.349337100982666,-0.00046587671386078,-0.0015620330814272165,-0.04704120382666588,0.005725497845560312,0.9988752603530884,0.40102413296699524,-0.001237465301528573,-0.03784284368157387,0.002847229363396764,0.0005401314119808376,0.002166371326893568,2.101943254470825,0.013744233176112175,-0.0036754897140657892,-0.09409751417183854,0.011636819161885597
-0.22843480110168457,0.45470404624938965,1.0065282583236694,0.00017788761761039495,5.369467735290527,-0.0004623325658030808,-0.0015348129672929645,-0.047035522758960724,0.005748044699430466,0.9988754391670227,0.40104442834854126,-0.0012468459317460656,-0.0378088653087616,0.002870646072551608,0.0005638207076117396,0.002147875726222992,2.109999418258667,0.013814377598464489,-0.0036229305653657042,-0.09408637511680484,0.011679465196328393
-0.22848904132843018,0.44179821014404297,1.006425142288208,0.00019663700368255377,5.389599323272705,-0.0004583057598210871,-0.0015074624679982662,-0.04702969267964363,0.005770385265350342,0.9988756775856018,0.401061087846756,-0.0012502745958045125,-0.03784486651420593,0.002878765109926462,0.0005896450020372868,0.0021297067869454622,2.118056058883667,0.013884835876524448,-0.003570087855945737,-0.09407493739945405,0.011721684191730137
-0.22487998008728027,0.42830151319503784,1.0064911842346191,0.0002137862757081166,5.409730434417725,-0.0004539442015811801,-0.0014800302451476455,-0.04702385142445564,0.005792644806206226,0.9988757967948914,0.40107235312461853,-0.0012482197489589453,-0.03783384710550308,0.002875072183087468,0.0005781366489827633,0.002113747177645564,2.126112937927246,0.01395558100193739,-0.003517073438282609,-0.09406349208754405,0.011763734822203824
-0.22719144821166992,0.41742652654647827,1.006569504737854,0.0002690049586817622,5.429861068725586,-0.00044916101614944637,-0.0014530043117702007,-0.0470181368291378,0.005814537405967712,0.9988759756088257,0.4010831415653229,-0.0012370578479021788,-0.03779643774032593,0.0028807497583329678,0.0005582079174928367,0.002099782694131136,2.134169816970825,0.014026951044797897,-0.0034648404922089002,-0.09405229304200646,0.011805087865334633
-0.22993266582489014,0.40439045429229736,1.0066537857055664,0.0002783902164082974,5.449992656707764,-0.00044381277984939516,-0.0014268247177824378,-0.04701275750994682,0.005835790187120438,0.9988760948181152,0.40108728408813477,-0.0012235235190019011,-0.03779757395386696,0.0028439308516681194,0.0005319477058947086,0.0020837716292589903,2.1422271728515625,0.014099102467298508,-0.003414249291406466,-0.09404176393449304,0.011845239531209573
-0.23288249969482422,0.38791877031326294,1.0067061185836792,0.00026218968559987843,5.4701247215271,-0.00043841201113536954,-0.0014009810984134674,-0.047007571905851364,0.005856928415596485,0.9988763928413391,0.401086688041687,-0.0012061595916748047,-0.03784075379371643,0.0027893881779164076,0.0005043554119765759,0.0020668720826506615,2.1502840518951416,0.014171965420246124,-0.003364322707469572,-0.09403160344591965,0.011885192147913367
-0.23471415042877197,0.3816426992416382,1.0065104961395264,0.00026243773754686117,5.49025821685791,-0.0004329612129367888,-0.0013752708910033107,-0.047002602368593216,0.00587827991694212,0.9988765120506287,0.40109992027282715,-0.0011832662858068943,-0.03783479332923889,0.002720921766012907,0.0004992850590497255,0.0020556722301989794,2.158341646194458,0.014245396479964256,-0.0033146869276114467,-0.09402189096059277,0.011925588780165867
-0.22786736488342285,0.3753644824028015,1.0066334009170532,0.0003124251088593155,5.510391712188721,-0.0004270641948096454,-0.001350178848952055,-0.04699811339378357,0.005899549927562475,0.9988765716552734,0.40109750628471375,-0.0011515647638589144,-0.037820182740688324,0.002661860315129161,0.0004333039396442473,0.002050847513601184,2.166398525238037,0.014319756999611855,-0.003266289597093924,-0.09401313894380592,0.011965883250387485
-0.2321690320968628,0.3607138693332672,1.006883144378662,0.0003280418459326029,5.5305256843566895,-0.000420530530391261,-0.001326561439782381,-0.04699430987238884,0.005920077208429575,0.9988766312599182,0.4010840356349945,-0.0011168158380314708,-0.03782805800437927,0.002577786799520254,0.0003510381793603301,0.0020445710979402065,2.1744556427001953,0.014395399019122124,-0.0032207892341360226,-0.09400574313368115,0.012004829505057706
-0.24091005325317383,0.3416154980659485,1.0070048570632935,0.00029984497814439237,5.550662994384766,-0.00041434637387283146,-0.001303251599892974,-0.046990953385829926,0.005941016599535942,0.998876690864563,0.40107354521751404,-0.0010806984500959516,-0.037835221737623215,0.0024761538952589035,0.0002917401143349707,0.0020365859381854534,2.1825127601623535,0.01447182334959507,-0.0031759501384191527,-0.09399923686551737,0.01204463371811047
-0.245169997215271,0.34258726239204407,1.0068224668502808,0.0003399407723918557,5.570799827575684,-0.00040803407318890095,-0.0012809024192392826,-0.046988070011138916,0.005961944814771414,0.9988767504692078,0.4010755717754364,-0.0010355969425290823,-0.03783594071865082,0.0023832302540540695,0.0002682229387573898,0.002038311678916216,2.1905696392059326,0.014549427665770054,-0.003133043229400812,-0.0939936658382492,0.012084508173364388
-0.23878633975982666,0.33387529850006104,1.0069483518600464,0.0003408399934414774,5.590937614440918,-0.00040113553404808044,-0.0012600853806361556,-0.04698590561747551,0.0059824418276548386,0.9988768696784973,0.4010612964630127,-0.0009894677205011249,-0.037843238562345505,0.0022521154023706913,0.00018891952640842646,0.0020405955146998167,2.19862699508667,0.014628437347710133,-0.003093178478683059,-0.09398951006107481,0.012123664057293062
-0.24319231510162354,0.3154124319553375,1.0070725679397583,0.0003160035703331232,5.611077785491943,-0.00039452509372495115,-0.0012399678817018867,-0.046984411776065826,0.006003361660987139,0.9988767504692078,0.4010443091392517,-0.0009409323101863265,-0.03784815967082977,0.0021200350020080805,0.00011072299093939364,0.0020407107658684254,2.2066831588745117,0.014708612114191055,-0.0030547663302385886,-0.09398670769975448,0.012163739901387763
-0.24753987789154053,0.3147217631340027,1.0071706771850586,0.0003502888430375606,5.631217956542969,-0.00038759177550673485,-0.0012217513285577297,-0.04698365181684494,0.006023467052727938,0.998876690864563,0.4010278284549713,-0.0008841087692417204,-0.03783554583787918,0.0020020196679979563,3.790362461586483e-05,0.00204975507222116,2.2147390842437744,0.0147904297336936,-0.003020100560552312,-0.0939853468676417,0.012202362838861724
