x,y,yaw
0.000000000,0.000000000,0.139275308
0.050000000,0.000000000,0.130643079
0.100000000,0.000000000,0.113354510
0.150000000,0.000000000,0.095982071
0.200000000,0.000000000,0.078509345
0.250000000,0.000000000,0.060920078
0.300000000,0.000000000,0.043198170
0.350000000,0.000000000,0.025327674
0.400000000,0.000000000,0.007292795
0.450000000,0.000000000,-0.010922102
0.500000000,0.000000000,-0.029332485
0.550000000,0.000000000,-0.047953641
0.600000000,0.000000000,-0.066800651
0.650000000,0.000000000,-0.085888365
0.700000000,0.000000000,-0.105231372
0.750000000,0.000000000,-0.124843955
0.799443166,-0.005277180,-0.144740046
0.848342036,-0.015712722,-0.164933172
0.897240906,-0.026148264,-0.185436387
0.946139776,-0.036583806,-0.206262207
0.995038645,-0.047019348,-0.227422524
1.043937515,-0.057454890,-0.248928519
1.092836385,-0.067890432,-0.270790567
1.141735255,-0.078325973,-0.293018123
1.189359943,-0.092664188,-0.314561034
1.234996011,-0.113093315,-0.337555079
1.280632080,-0.133522442,-0.363323936
1.326268148,-0.153951570,-0.390073926
1.371904217,-0.174380697,-0.417594491
1.417540286,-0.194809824,-0.445670064
1.463176354,-0.215238952,-0.474081142
1.508812423,-0.235668079,-0.502605840
1.553075464,-0.258470368,-0.529667216
1.593532214,-0.287851508,-0.555115071
1.633988964,-0.317232648,-0.580405451
1.674445714,-0.346613788,-0.605535579
1.714902464,-0.375994928,-0.630293619
1.755359214,-0.405376068,-0.654470020
1.795815964,-0.434757208,-0.677857565
1.836272714,-0.464138347,-0.700250980
1.875897437,-0.494466764,-0.722062581
1.910252142,-0.530795186,-0.744656211
1.944606847,-0.567123608,-0.767895906
1.978961552,-0.603452030,-0.790687040
2.013316257,-0.639780452,-0.812831560
2.047670962,-0.676108874,-0.834134349
2.082025667,-0.712437296,-0.854402851
2.116380372,-0.748765718,-0.873446174
2.150688276,-0.785131872,-0.891487206
2.178902891,-0.826410625,-0.910158893
2.207117507,-0.867689378,-0.929571888
2.235332123,-0.908968132,-0.948443608
2.263546739,-0.950246885,-0.966595158
2.291761354,-0.991525638,-0.983849653
2.319975970,-1.032804391,-1.000031550
2.348190586,-1.074083144,-1.014965584
2.376405201,-1.115361897,-1.028532563
2.399844243,-1.159483168,-1.042649774
2.422676440,-1.203965646,-1.057862635
2.445508637,-1.248448123,-1.072705472
2.468340834,-1.292930600,-1.087016630
2.491173031,-1.337413077,-1.100635332
2.514005228,-1.381895555,-1.113401178
2.536837425,-1.426378032,-1.125153414
2.559669622,-1.470860509,-1.135308541
2.579430249,-1.516756682,-1.145827485
2.598369064,-1.563031094,-1.157773397
2.617307880,-1.609305507,-1.169685903
2.636246695,-1.655579920,-1.181415739
2.655185511,-1.701854332,-1.192813982
2.674124327,-1.748128745,-1.203731767
2.693063142,-1.794403157,-1.214019903
2.712001958,-1.840677570,-1.222621413
2.728223928,-1.887935945,-1.231344294
2.743309090,-1.935606040,-1.241752826
2.758394252,-1.983276134,-1.252559525
2.773479413,-2.030946228,-1.263620665
2.788564575,-2.078616323,-1.274792758
2.803649737,-2.126286417,-1.285932312
2.818734899,-2.173956511,-1.296895620
2.833820061,-2.221626606,-1.306423028
2.846152841,-2.270033175,-1.315494631
2.856889868,-2.318866731,-1.326063544
2.867626894,-2.367700288,-1.337656951
2.878363921,-2.416533845,-1.349939127
2.889100948,-2.465367402,-1.362761930
2.899837974,-2.514200958,-1.375977074
2.910575001,-2.563034515,-1.389435837
2.921312027,-2.611868072,-1.401798903
2.929036621,-2.661200625,-1.413289098
2.934619179,-2.710887998,-1.425882780
2.940201736,-2.760575372,-1.439746128
2.945784294,-2.810262745,-1.454476954
2.951366851,-2.859950118,-1.469913598
2.956949409,-2.909637491,-1.485893780
2.962531966,-2.959324864,-1.502254205
2.968114524,-3.009012237,-1.517699655
2.970189879,-3.058871148,-1.532359263
2.969482786,-3.108866148,-1.548153814
2.968775693,-3.158861148,-1.565252359
2.968068600,-3.208856148,-1.583162371
2.967361507,-3.258851148,-1.601708785
2.966654414,-3.308846148,-1.620715077
2.965947321,-3.358841148,-1.640003117
2.965240229,-3.408836148,-1.658347964
2.960241770,-3.458433114,-1.675991526
2.951741623,-3.507705292,-1.694820020
2.943241476,-3.556977470,-1.714815116
2.934741329,-3.606249647,-1.735363945
2.926241181,-3.655521825,-1.756279672
2.917741034,-3.704794003,-1.777374134
2.909240887,-3.754066181,-1.798458161
2.900740739,-3.803338358,-1.818368653
2.887668118,-3.851411342,-1.837558023
2.870892845,-3.898513255,-1.857927805
2.854117572,-3.945615168,-1.879205462
2.837342299,-3.992717081,-1.900652128
2.820567026,-4.039818995,-1.922076460
2.803791753,-4.086920908,-1.943287408
2.787016480,-4.134022821,-1.964094662
2.770241207,-4.181124734,-1.983399330
2.749273563,-4.226340357,-2.001948451
2.725150767,-4.270136369,-2.021718117
2.701027970,-4.313932381,-2.042144094
2.676905174,-4.357728393,-2.062355386
2.652782377,-4.401524406,-2.082167756
2.628659581,-4.445320418,-2.101398534
2.604536784,-4.489116430,-2.119866637
2.580413988,-4.532912442,-2.136548859
2.552710655,-4.574395460,-2.152590348
2.522704801,-4.614391068,-2.170119697
2.492698947,-4.654386677,-2.188232483
2.462693092,-4.694382286,-2.205898973
2.432687238,-4.734377894,-2.222950580
2.402681384,-4.774373503,-2.239220200
2.372675530,-4.814369112,-2.254541843
2.342669675,-4.854364720,-2.267979324
2.309685566,-4.891841553,-2.280964160
2.275226338,-4.928070845,-2.295672142
2.240767110,-4.964300137,-2.310959619
2.206307881,-5.000529429,-2.325725895
2.171848653,-5.036758720,-2.339823024
2.137389425,-5.072988012,-2.353104009
2.102930196,-5.109217304,-2.365339650
2.068470968,-5.145446596,-2.375838043
2.031556365,-5.179109076,-2.386109419
1.993834257,-5.211927403,-2.398023177
1.956112149,-5.244745729,-2.410452324
1.918390041,-5.277564056,-2.422386922
1.880667933,-5.310382383,-2.433701144
1.842945825,-5.343200709,-2.444269656
1.805223717,-5.376019036,-2.453842324
1.767501609,-5.408837363,-2.461947549
1.727760495,-5.439151945,-2.470057678
1.687693470,-5.469062370,-2.479625019
1.647626445,-5.498972795,-2.489575314
1.607559420,-5.528883219,-2.499086882
1.567492394,-5.558793644,-2.508055784
1.527425369,-5.588704068,-2.516378314
1.487358344,-5.618614493,-2.523761048
1.447291319,-5.648524917,-2.530012892
1.405565543,-5.676073705,-2.536561854
1.363835004,-5.703615711,-2.544324792
1.322104465,-5.731157718,-2.552285480
1.280373926,-5.758699724,-2.559845862
1.238643387,-5.786241731,-2.566923173
1.196912849,-5.813783738,-2.573433349
1.155182310,-5.841325744,-2.579292645
1.113288860,-5.868607608,-2.584420294
1.070290863,-5.894125686,-2.589911590
1.027292867,-5.919643763,-2.596292697
0.984294870,-5.945161841,-2.602610166
0.941296874,-5.970679919,-2.608488276
0.898298877,-5.996197997,-2.613984249
0.855300881,-6.021716075,-2.619106370
0.812302885,-6.047234153,-2.623632410
0.769077618,-6.072352828,-2.627390992
0.725175944,-6.096282789,-2.631399869
0.681274270,-6.120212749,-2.635980555
0.637372595,-6.144142709,-2.640249212
0.593470921,-6.168072669,-2.644324399
0.549569247,-6.192002629,-2.648174162
0.505667573,-6.215932590,-2.651385676
0.461765898,-6.239862550,-2.653841353
0.417539431,-6.263179842,-2.655510106
0.373094454,-6.286084951,-2.657330084
0.328649477,-6.308990060,-2.659458695
0.284204501,-6.331895170,-2.661089420
0.239759524,-6.354800279,-2.662795688
0.195314547,-6.377705388,-2.664581217
0.150869570,-6.400610497,-2.665681506
0.106422223,-6.423511007,-2.665910693
0.061972523,-6.446406949,-2.665369340
0.017522823,-6.469302890,-2.664776420
-0.026926878,-6.492198832,-2.664181114
-0.071376578,-6.515094773,-2.663020041
-0.115826279,-6.537990715,-2.661671274
-0.160275979,-6.560886656,-2.660183529
-0.204527897,-6.584159452,-2.658093962
-0.248621764,-6.607733396,-2.655273582
-0.292715632,-6.631307340,-2.651895738
-0.336809500,-6.654881283,-2.648471281
-0.380903368,-6.678455227,-2.644982879
-0.424997236,-6.702029171,-2.641080342
-0.469091104,-6.725603114,-2.637065482
-0.512663843,-6.750121280,-2.633017414
-0.556112948,-6.774863456,-2.628608056
-0.599562053,-6.799605632,-2.623735831
-0.643011158,-6.824347808,-2.618670082
-0.686460263,-6.849089985,-2.613648428
-0.729909367,-6.873832161,-2.608547892
-0.773358472,-6.898574337,-2.603396542
-0.816807577,-6.923316513,-2.598653118
-0.859142772,-6.949897820,-2.594122103
-0.901197171,-6.976942736,-2.589310838
-0.943251571,-7.003987652,-2.584271771
-0.985305970,-7.031032568,-2.579057699
-1.027360370,-7.058077485,-2.573718308
-1.069414769,-7.085122401,-2.568341262
-1.111469168,-7.112167317,-2.563587862
-1.153523568,-7.139212233,-2.559329123
-1.194830403,-7.167375301,-2.554869104
-1.235894702,-7.195901138,-2.550127071
-1.276959001,-7.224426975,-2.545023814
-1.318023300,-7.252952811,-2.539714897
-1.359087598,-7.281478648,-2.534352494
-1.400151897,-7.310004485,-2.529449998
-1.441216196,-7.338530322,-2.525212876
-1.482280495,-7.367056159,-2.521097982
-1.522762435,-7.396395688,-2.516514190
-1.563009090,-7.426063967,-2.511377734
-1.603255745,-7.455732246,-2.506033942
-1.643502400,-7.485400525,-2.500617675
-1.683749054,-7.515068804,-2.495506378
-1.723995709,-7.544737083,-2.490984422
-1.764242364,-7.574405362,-2.486677123
-1.804230650,-7.604409574,-2.482308362
-1.843234718,-7.635693480,-2.477230455
-1.882238785,-7.666977385,-2.471198697
-1.921242853,-7.698261290,-2.464833206
-1.960246920,-7.729545195,-2.458486596
-1.999250987,-7.760829101,-2.452466214
-2.038255055,-7.792113006,-2.446604413
-2.077169189,-7.823503691,-2.440633678
-2.114629457,-7.856620579,-2.434623819
-2.152089726,-7.889737466,-2.428192336
-2.189549995,-7.922854354,-2.421176500
-2.227010264,-7.955971242,-2.413981048
-2.264470533,-7.989088130,-2.406922426
-2.301930802,-8.022205018,-2.400087454
-2.339391071,-8.055321905,-2.393362376
-2.375718996,-8.089655503,-2.386745191
-2.411437837,-8.124643563,-2.380300556
-2.447156679,-8.159631623,-2.373757584
-2.482875520,-8.194619683,-2.366981903
-2.518594362,-8.229607744,-2.360255682
-2.554313203,-8.264595804,-2.353583961
-2.590032045,-8.299583864,-2.347092035
-2.624931446,-8.335372532,-2.341040919
-2.659079709,-8.371895074,-2.335484524
-2.693227973,-8.408417616,-2.330334793
-2.727376237,-8.444940159,-2.325078571
-2.761524500,-8.481462701,-2.319780779
-2.795672764,-8.517985243,-2.314760855
-2.829821028,-8.554507785,-2.309853741
-2.863585177,-8.591378642,-2.305355218
-2.896603358,-8.628925941,-2.301601045
-2.929621539,-8.666473241,-2.298580312
-2.962639720,-8.704020541,-2.295563826
-2.995657901,-8.741567841,-2.292480592
-3.028676082,-8.779115141,-2.289971354
-3.061694263,-8.816662440,-2.288122685
-3.094712444,-8.854209740,-2.286979415
-3.127357882,-8.892080277,-2.286482610
-3.159853520,-8.930080718,-2.286616194
-3.192349157,-8.968081160,-2.286846682
-3.224844795,-9.006081601,-2.286791460
-3.257340432,-9.044082043,-2.286866618
-3.289836069,-9.082082484,-2.287330765
-3.322331707,-9.120082926,-2.288362394
-3.354897996,-9.158022081,-2.289949592
-3.387926949,-9.195559905,-2.291903571
-3.420955903,-9.233097729,-2.293840100
-3.453984856,-9.270635554,-2.295345706
-3.487013809,-9.308173378,-2.296678459
-3.520042763,-9.345711202,-2.298133176
-3.553071716,-9.383249026,-2.299677863
-3.586100669,-9.420786850,-2.301203474
-3.619571797,-9.457923829,-2.302786732
-3.653698944,-9.494466103,-2.304404287
-3.687826092,-9.531008377,-2.305683497
-3.721953239,-9.567550651,-2.306701555
-3.756080387,-9.604092925,-2.307730995
-3.790207534,-9.640635199,-2.308766271
-3.824334682,-9.677177474,-2.309676919
-3.858461829,-9.713719748,-2.310331419
-3.892422605,-9.750416307,-2.310908438
-3.926291940,-9.787197663,-2.311418083
-3.960161274,-9.823979019,-2.311750423
-3.994030609,-9.860760375,-2.312015535
-4.027899944,-9.897541731,-2.312253933
-4.061769279,-9.934323088,-2.312451402
-4.095638614,-9.971104444,-2.312534925
-4.129507948,-10.007885800,-2.312455645
-4.162934152,-10.045070010,-2.312312360
-4.196331485,-10.082280468,-2.312360506
-4.229728819,-10.119490925,-2.312598445
-4.263126152,-10.156701383,-2.312844550
-4.296523485,-10.193911840,-2.313086246
-4.329920818,-10.231122298,-2.313310958
-4.363318151,-10.268332755,-2.313470043
-4.396815206,-10.305452664,-2.313526780
-4.430640216,-10.342274787,-2.313721251
-4.464465226,-10.379096909,-2.314417638
-4.498290236,-10.415919031,-2.315498044
-4.532115246,-10.452741154,-2.316711721
-4.565940256,-10.489563276,-2.318052407
-4.599765266,-10.526385398,-2.319513839
-4.633590276,-10.563207521,-2.321026375
-4.667745371,-10.599720238,-2.322492427
-4.702305116,-10.635853658,-2.323928266
-4.736864862,-10.671987078,-2.325396392
-4.771424607,-10.708120497,-2.326940797
-4.805984352,-10.744253917,-2.328584736
-4.840544097,-10.780387336,-2.330317023
-4.875103843,-10.816520756,-2.332126475
-4.909663588,-10.852654175,-2.333999433
-4.944376722,-10.888639752,-2.335547501
-4.979213560,-10.924506097,-2.336641811
-5.014050398,-10.960372442,-2.337675330
-5.048887236,-10.996238788,-2.338789562
-5.083724073,-11.032105133,-2.339973827
-5.118560911,-11.067971478,-2.341206678
-5.153397749,-11.103837824,-2.342466671
-5.188234587,-11.139704169,-2.343732360
-5.223164934,-11.175479241,-2.344706881
-5.258178211,-11.211173363,-2.345195817
-5.293191489,-11.246867486,-2.345645094
-5.328204767,-11.282561608,-2.346392926
-5.363218044,-11.318255731,-2.347407449
-5.398231322,-11.353949854,-2.348656837
-5.433244600,-11.389643976,-2.350109287
-5.468257877,-11.425338099,-2.351733013
-5.503434094,-11.460870427,-2.353628069
-5.538880478,-11.496134486,-2.354803502
-5.574326862,-11.531398545,-2.355423113
-5.609773247,-11.566662604,-2.356733146
-5.645219631,-11.601926662,-2.358684647
-5.680666015,-11.637190721,-2.361228916
-5.716112399,-11.672454780,-2.364317439
-5.751558783,-11.707718839,-2.367901812
-5.787011390,-11.742976469,-2.372005774
-5.823416050,-11.777250376,-2.375864286
-5.859820710,-11.811524284,-2.378129375
-5.896225370,-11.845798191,-2.379967095
-5.932630030,-11.880072098,-2.383033063
-5.969034690,-11.914346005,-2.387240172
-6.005439350,-11.948619913,-2.392502675
-6.041844010,-11.982893820,-2.398735735
-6.078248670,-12.017167727,-2.405899143
-6.115429623,-12.050572498,-2.413956325
-6.153581221,-12.082890537,-2.421616345
-6.191732818,-12.115208576,-2.428168843
-6.229884415,-12.147526615,-2.435129147
-6.268036012,-12.179844654,-2.443408143
-6.306187609,-12.212162692,-2.452889404
-6.344339206,-12.244480731,-2.463457369
-6.382490804,-12.276798770,-2.475073734
-6.420690060,-12.309055259,-2.487764972
-6.461529699,-12.337901816,-2.501376236
-6.502369339,-12.366748374,-2.514521665
-6.543208978,-12.395594931,-2.526968314
-6.584048617,-12.424441488,-2.540075187
-6.624888256,-12.453288046,-2.554129546
-6.665727895,-12.482134603,-2.568992117
-6.706567534,-12.510981161,-2.584525338
-6.747407173,-12.539827718,-2.601041267
-6.789737689,-12.566144716,-2.618476194
-6.834756032,-12.587901295,-2.636318091
-6.879774376,-12.609657874,-2.653388826
-6.924792720,-12.631414453,-2.669730033
-6.969811064,-12.653171032,-2.686453188
-7.014829407,-12.674927611,-2.703428578
-7.059847751,-12.696684190,-2.720500135
-7.104866095,-12.718440770,-2.737887526
-7.149884438,-12.740197349,-2.755966965
-7.196555248,-12.757723093,-2.774356921
-7.244402197,-12.772237553,-2.792345942
-7.292249145,-12.786752013,-2.809286836
-7.340096093,-12.801266473,-2.825359131
-7.387943041,-12.815780933,-2.841062583
-7.435789989,-12.830295393,-2.856244315
-7.483636938,-12.844809852,-2.870776969
-7.531483886,-12.859324312,-2.885860890
-7.579330834,-12.873838772,-2.901557904
-7.628240280,-12.883922538,-2.916626449
-7.677466212,-12.892686532,-2.930659204
-7.726692145,-12.901450526,-2.943400528
-7.775918077,-12.910214520,-2.955086829
-7.825144009,-12.918978514,-2.965800784
-7.874369941,-12.927742507,-2.975403672
-7.923595874,-12.936506501,-2.984681317
-7.972821806,-12.945270495,-2.995325391
-8.022047738,-12.954034489,-3.006750184
-8.071810829,-12.958862959,-3.017478764
-8.121584838,-12.963611440,-3.027180785
-8.171358846,-12.968359922,-3.035811679
-8.221132855,-12.973108403,-3.043540424
-8.270906863,-12.977856884,-3.050257625
-8.320680872,-12.982605366,-3.055852994
-8.370454880,-12.987353847,-3.061688353
-8.420228889,-12.992102329,-3.068976274
-8.470048687,-12.996182575,-3.076618671
-8.520005183,-12.998267887,-3.083666122
-8.569961678,-13.000353198,-3.090033160
-8.619918174,-13.002438509,-3.095672027
-8.669874670,-13.004523820,-3.100525762
-8.719831166,-13.006609131,-3.104518772
-8.769787662,-13.008694442,-3.107574947
-8.819744158,-13.010779753,-3.111128707
-8.869700653,-13.012865064,-3.115841464
-8.919682304,-13.013945313,-3.120542587
-8.969680570,-13.014361668,-3.124956511
-9.019678837,-13.014778024,-3.128967591
-9.069677103,-13.015194379,-3.132353970
-9.119675370,-13.015610735,-3.135071760
-9.169673636,-13.016027090,-3.137076934
-9.219671903,-13.016443445,-3.138325233
-9.269670169,-13.016859801,-3.140105445
-9.319668425,-13.017240892,-3.142656078
-9.369666429,-13.016794145,-3.145057179
-9.419664433,-13.016347397,-3.147257453
-9.469662437,-13.015900650,-3.149000601
-9.519660441,-13.015453903,-3.150223948
-9.569658446,-13.015007155,-3.150907772
-9.619656450,-13.014560408,-3.151032270
-9.669654454,-13.014113661,-3.150803697
-9.719652458,-13.013666913,-3.150920838
-9.769649738,-13.013149150,-3.151521502
-9.819646465,-13.012577017,-3.152167675
-9.869643192,-13.012004883,-3.152565314
-9.919639918,-13.011432750,-3.152513942
-9.969636645,-13.010860617,-3.152014237
-10.019633371,-13.010288483,-3.151066839
-10.069630098,-13.009716350,-3.149672353
-10.119626824,-13.009144217,-3.148171687
-10.169624114,-13.008683101,-3.147033688
-10.219624072,-13.008747948,-3.146361474
-10.269624030,-13.008812794,-3.145685605
-10.319623988,-13.008877640,-3.144571407
-10.369623946,-13.008942486,-3.143038179
-10.419623904,-13.009007332,-3.141105185
-10.469623862,-13.009072179,-3.138791674
-10.519623820,-13.009137025,-3.136128830
-10.569623777,-13.009201871,-3.133512004
-10.619617455,-13.009941125,-3.131617387
-10.669609951,-13.010807394,-3.129990008
-10.719602446,-13.011673664,-3.127890891
-10.769594941,-13.012539933,-3.125357066
-10.819587436,-13.013406202,-3.122425511
-10.869579931,-13.014272471,-3.119133178
-10.919572427,-13.015138740,-3.115517017
-10.969564922,-13.016005009,-3.111638033
-11.019534086,-13.017627584,-3.108415769
-11.069484917,-13.019844445,-3.105723873
-11.119435748,-13.022061306,-3.102538601
-11.169386579,-13.024278167,-3.098867246
-11.219337410,-13.026495028,-3.094763705
-11.269288242,-13.028711889,-3.090281837
-11.319239073,-13.030928750,-3.085475507
-11.369189904,-13.033145611,-3.080361103
-11.419099261,-13.036007082,-3.075672714
-11.468922340,-13.040209560,-3.071478553
-11.518745419,-13.044412039,-3.066885755
-11.568568498,-13.048614517,-3.061714201
-11.618391576,-13.052816995,-3.056033739
-11.668214655,-13.057019474,-3.049914186
-11.718037734,-13.061221952,-3.043425403
-11.767860813,-13.065424430,-3.036637357
-11.817646347,-13.069965024,-3.030250343
-11.867177669,-13.076794964,-3.024463150
-11.916708992,-13.083624904,-3.018399437
-11.966240315,-13.090454843,-3.011695343
-12.015771637,-13.097284783,-3.004438879
-12.065302960,-13.104114723,-2.996718027
-12.114834283,-13.110944662,-2.988620859
-12.164365605,-13.117774602,-2.980235617
-12.213896928,-13.124604542,-2.972258573
-12.262897149,-13.134531324,-2.964972435
-12.311873846,-13.144595280,-2.957459160
-12.360850542,-13.154659237,-2.949225583
-12.409827238,-13.164723193,-2.940378721
-12.458803934,-13.174787149,-2.931025527
-12.507780631,-13.184851106,-2.921273081
-12.556757327,-13.194915062,-2.911228718
-12.605734023,-13.204979019,-2.902055000
-12.653948354,-13.218131674,-2.893743253
-12.701982968,-13.232012448,-2.884823714
-12.750017582,-13.245893221,-2.875013073
-12.798052196,-13.259773995,-2.864440305
-12.846086809,-13.273654769,-2.853234132
-12.894121423,-13.287535543,-2.841523417
-12.942156037,-13.301416316,-2.829437422
-12.990190651,-13.315297090,-2.817994855
-13.037201788,-13.332187176,-2.806853168
-13.083739046,-13.350470601,-2.794779161
-13.130276304,-13.368754026,-2.781909423
-13.176813561,-13.387037451,-2.768385381
-13.223350819,-13.405320876,-2.754348955
-13.269888077,-13.423604301,-2.739942796
-13.316425335,-13.441887726,-2.725310381
-13.362962593,-13.460171151,-2.712245165
-13.408154187,-13.481388961,-2.699758247
-13.452374202,-13.504725419,-2.685727428
-13.496594218,-13.528061876,-2.670867484
-13.540814233,-13.551398334,-2.655372467
-13.585034248,-13.574734791,-2.639399961
-13.629254263,-13.598071249,-2.623108364
-13.673474279,-13.621407706,-2.607582234
-13.717694294,-13.644744164,-2.593815827
-13.759349761,-13.672187000,-2.579624815
-13.799723692,-13.701681841,-2.563532423
-13.840097623,-13.731176682,-2.546507956
-13.880471554,-13.760671524,-2.528918413
-13.920845486,-13.790166365,-2.510934897
-13.961219417,-13.819661207,-2.493431262
-14.001593348,-13.849156048,-2.478018904
-14.041967280,-13.878650890,-2.463716211
-14.079871794,-13.911140278,-2.447800434
-14.116516234,-13.945157700,-2.429830655
-14.153160674,-13.979175123,-2.410738541
-14.189805113,-14.013192546,-2.391086516
-14.226449553,-14.047209968,-2.371799498
-14.263093993,-14.081227391,-2.354266406
-14.299738433,-14.115244813,-2.337528149
-14.336382872,-14.149262236,-2.320160922
-14.368307687,-14.187670008,-2.301362961
-14.399590805,-14.226674707,-2.280447635
-14.430873923,-14.265679405,-2.258314820
-14.462157041,-14.304684104,-2.237252647
-14.493440159,-14.343688803,-2.217428454
-14.524723277,-14.382693502,-2.197179971
-14.556006395,-14.421698200,-2.176421115
-14.584239744,-14.462783575,-2.155355328
-14.609145954,-14.506138860,-2.132703693
-14.634052164,-14.549494145,-2.108365769
-14.658958373,-14.592849430,-2.084373810
-14.683864583,-14.636204714,-2.060584796
-14.708770793,-14.679559999,-2.036196613
-14.733677003,-14.722915284,-2.011417373
-14.755960679,-14.767468263,-1.986457097
-14.772417020,-14.814682549,-1.961636267
-14.788873361,-14.861896836,-1.937290038
-14.805329702,-14.909111122,-1.912519778
-14.821786043,-14.956325409,-1.886842227
-14.838242384,-15.003539695,-1.860950828
-14.854698725,-15.050753981,-1.835059822
-14.868098797,-15.098740056,-1.809383253
-14.876031693,-15.148106737,-1.785037220
-14.883964588,-15.197473418,-1.762325394
-14.891897484,-15.246840098,-1.738480627
-14.899830379,-15.296206779,-1.712894824
-14.907763275,-15.345573460,-1.687267017
-14.915696171,-15.394940141,-1.662010899
-14.917138277,-15.444852861,-1.637576137
-14.917564475,-15.494851044,-1.614696953
-14.917990673,-15.544849228,-1.593171665
-14.918416871,-15.594847411,-1.571466027
-14.918843069,-15.644845595,-1.548512888
-14.919269267,-15.694843778,-1.525209614
-14.916795978,-15.744678651,-1.502673018
-14.910758101,-15.794312753,-1.481381759
-14.904720224,-15.843946855,-1.461823038
-14.898682347,-15.893580956,-1.443760328
-14.892644470,-15.943215058,-1.426124560
-14.886606593,-15.992849159,-1.407166945
-14.880110759,-16.042399841,-1.387468511
-14.868259183,-16.090974939,-1.368690322
-14.856407608,-16.139550037,-1.350999900
-14.844556033,-16.188125136,-1.334908351
-14.832704458,-16.236700234,-1.320604226
-14.820852882,-16.285275332,-1.306882417
-14.809001307,-16.333850430,-1.291983221
-14.793596892,-16.381378160,-1.276556712
-14.777203536,-16.428614352,-1.262106564
-14.760810180,-16.475850545,-1.248775139
-14.744416824,-16.523086737,-1.236687402
-14.728023468,-16.570322930,-1.225731680
-14.711630112,-16.617559122,-1.214129061
-14.694337949,-16.664450500,-1.201668207
-14.674931753,-16.710530860,-1.190044187
-14.655525557,-16.756611220,-1.179619913
-14.636119361,-16.802691580,-1.170503291
-14.616713165,-16.848771940,-1.162802680
-14.597306969,-16.894852299,-1.155666799
-14.577900773,-16.940932659,-1.147601337
-14.557486934,-16.986559081,-1.139365320
-14.535831642,-17.031626234,-1.132340914
-14.514176350,-17.076693388,-1.126602414
-14.492521057,-17.121760541,-1.122224859
-14.470865765,-17.166827695,-1.119132862
-14.449210473,-17.211894848,-1.115601275
-14.427555181,-17.256962001,-1.111561225
-14.405899888,-17.302029155,-1.108660291
-14.383094443,-17.346520216,-1.106826590
-14.359971244,-17.390852119,-1.105908164
-14.336848045,-17.435184023,-1.105958931
-14.313724847,-17.479515927,-1.105799116
-14.290601648,-17.523847830,-1.104901671
-14.267478449,-17.568179734,-1.104241993
-14.244355250,-17.612511638,-1.104230395
-14.221286477,-17.656871240,-1.104975608
-14.199054922,-17.701656929,-1.106364964
-14.176823367,-17.746442619,-1.107984922
-14.154591812,-17.791228308,-1.109043549
-14.132360258,-17.836013997,-1.109687252
-14.110128703,-17.880799687,-1.110555732
-14.087897148,-17.925585376,-1.111666413
-14.065665594,-17.970371066,-1.113150988
-14.043566554,-18.015220424,-1.115052591
-14.022494362,-18.060563149,-1.116865479
-14.001422170,-18.105905875,-1.118015117
-13.980349979,-18.151248600,-1.118732638
-13.959277787,-18.196591325,-1.119401722
-13.938205595,-18.241934050,-1.120030219
-13.917133403,-18.287276776,-1.120625984
-13.896061212,-18.332619501,-1.121249602
-13.874761949,-18.377854320,-1.121906833
-13.852914787,-18.422828774,-1.122104147
-13.831067625,-18.467803228,-1.121634925
-13.809220462,-18.512777682,-1.120833589
-13.787373300,-18.557752136,-1.119798854
-13.765526138,-18.602726590,-1.118531318
-13.743678976,-18.647701044,-1.117031579
-13.721831814,-18.692675498,-1.115151318
-13.699659050,-18.737488849,-1.112906291
-13.677160241,-18.782140877,-1.110807417
-13.654661432,-18.826792905,-1.108943005
-13.632162623,-18.871444932,-1.107055954
-13.609663815,-18.916096960,-1.105148556
-13.587165006,-18.960748988,-1.103223102
-13.564666197,-19.005401016,-1.101281885
-13.542167388,-19.050053044,-1.099032979
-13.519300129,-19.094516656,-1.096351467
-13.496269945,-19.138896951,-1.094042795
-13.473239762,-19.183277247,-1.092429171
-13.450209578,-19.227657543,-1.091195021
-13.427179394,-19.272037838,-1.090339221
-13.404149211,-19.316418134,-1.089860667
-13.381119027,-19.360798429,-1.089758275
-13.358088843,-19.405178725,-1.089768710
-13.334889264,-19.449470632,-1.089108108
-13.311659560,-19.493746820,-1.088034895
-13.288429856,-19.538023009,-1.087483403
-13.265200153,-19.582299197,-1.087596465
-13.241970449,-19.626575386,-1.088349754
-13.218740745,-19.670851574,-1.089719097
-13.195511042,-19.715127763,-1.091680445
-13.172281338,-19.759403951,-1.094209842
-13.149530971,-19.803927505,-1.095632600
-13.126902522,-19.848513974,-1.095846325
-13.104274072,-19.893100444,-1.096803509
-13.081645623,-19.937686914,-1.098865320
-13.059017174,-19.982273384,-1.101971085
-13.036388725,-20.026859853,-1.106060909
-13.013760276,-20.071446323,-1.111075436
-12.991131826,-20.116032793,-1.116955607
-12.969462929,-20.161083080,-1.122880606
-12.948580163,-20.206513356,-1.127652765
-12.927697396,-20.251943633,-1.132315017
-12.906814629,-20.297373910,-1.138269677
-12.885931863,-20.342804187,-1.145423094
-12.865049096,-20.388234464,-1.153682580
-12.844166329,-20.433664741,-1.162955819
-12.823283563,-20.479095018,-1.173150353
-12.803281372,-20.524891255,-1.184108695
-12.785813410,-20.571740698,-1.194500756
-12.768345447,-20.618590140,-1.204219303
-12.750877484,-20.665439583,-1.214704819
-12.733409522,-20.712289026,-1.226217904
-12.715941559,-20.759138469,-1.238638839
-12.698473596,-20.805987911,-1.251847210
-12.681005633,-20.852837354,-1.265721534
-12.663537671,-20.899686797,-1.280319143
-12.651462673,-20.948150599,-1.295321888
-12.640315872,-20.996892253,-1.309646223
-12.629169071,-21.045633907,-1.323638702
-12.618022270,-21.094375561,-1.338230086
-12.606875469,-21.143117215,-1.353281042
-12.595728668,-21.191858869,-1.368651440
-12.584581867,-21.240600523,-1.384200445
-12.573435067,-21.289342177,-1.400135076
-12.564611260,-21.338450719,-1.416659781
-12.560193911,-21.388255207,-1.432977400
-12.555776562,-21.438059695,-1.448634071
-12.551359213,-21.487864183,-1.464041949
-12.546941864,-21.537668671,-1.479269160
-12.542524515,-21.587473159,-1.494174156
-12.538107166,-21.637277647,-1.508616130
-12.533689817,-21.687082135,-1.522759765
-12.529272468,-21.736886623,-1.537391855
-12.529514866,-21.786830434,-1.552226412
-12.530948744,-21.836809870,-1.566261369
-12.532382621,-21.886789306,-1.579473985
-12.533816499,-21.936768742,-1.591949421
-12.535250376,-21.986748177,-1.603562269
-12.536684254,-22.036727613,-1.614187701
-12.538118131,-22.086707049,-1.623700930
-12.539552009,-22.136686484,-1.633767930
-12.542031306,-22.186589852,-1.644896202
-12.547847545,-22.236250414,-1.655590181
-12.553663785,-22.285910975,-1.665501741
-12.559480025,-22.335571536,-1.674513957
-12.565296264,-22.385232098,-1.682526948
-12.571112504,-22.434892659,-1.689445185
-12.576928743,-22.484553220,-1.695172591
-12.582744983,-22.534213782,-1.700376112
-12.588561223,-22.583874343,-1.706549552
-12.595949890,-22.633315085,-1.713350125
-12.603975210,-22.682666825,-1.719622289
-12.612000529,-22.732018565,-1.725160535
-12.620025849,-22.781370305,-1.729766172
-12.628051168,-22.830722045,-1.733377991
-12.636076488,-22.880073785,-1.735934283
-12.644101807,-22.929425525,-1.737372570
-12.652127127,-22.978777265,-1.739177260
-12.660346891,-23.028095723,-1.742040786
-12.669192064,-23.077307134,-1.745050272
-12.678037237,-23.126518544,-1.747702541
-12.686882410,-23.175729955,-1.749570854
-12.695727583,-23.224941365,-1.750629099
-12.704572755,-23.274152776,-1.750850920
-12.713417928,-23.323364186,-1.750209651
-12.722263101,-23.372575596,-1.749031246
-12.731108274,-23.421787007,-1.748483606
-12.739894421,-23.471008982,-1.749030500
-12.748667765,-23.520233249,-1.749681022
-12.757441108,-23.569457516,-1.749748231
-12.766214451,-23.618681783,-1.749174651
-12.774987795,-23.667906049,-1.747967312
-12.783761138,-23.717130316,-1.746133147
-12.792534481,-23.766354583,-1.743679007
-12.801307824,-23.815578850,-1.741149127
-12.809737405,-23.864861709,-1.739514037
-12.817765752,-23.914212957,-1.738525844
-12.825794099,-23.963564205,-1.737190316
-12.833822445,-24.012915452,-1.735208532
-12.841850792,-24.062266700,-1.732615677
-12.849879139,-24.111617948,-1.729446823
-12.857907485,-24.160969196,-1.725736982
-12.865935832,-24.210320443,-1.721587948
-12.873738050,-24.259705205,-1.717713012
-12.880368812,-24.309263584,-1.714433702
-12.886999575,-24.358821964,-1.710984630
-12.893630338,-24.408380344,-1.706935431
-12.900261100,-24.457938723,-1.702340719
-12.906891863,-24.507497103,-1.697255066
-12.913522626,-24.557055482,-1.691733074
-12.920153388,-24.606613862,-1.685829425
-12.926784151,-24.656172242,-1.679851637
-12.931409749,-24.705953944,-1.674193467
-12.935845251,-24.755756819,-1.668508631
-12.940280752,-24.805559694,-1.662370374
-12.944716253,-24.855362568,-1.655845341
-12.949151755,-24.905165443,-1.649000278
-12.953587256,-24.954968318,-1.641902056
-12.958022758,-25.004771192,-1.634617685
-12.962458259,-25.054574067,-1.627236501
-12.964555380,-25.104506777,-1.619948029
-12.965660625,-25.154494560,-1.612652376
-12.966765869,-25.204482343,-1.605151233
-12.967871114,-25.254470126,-1.597516163
-12.968976359,-25.304457909,-1.589818794
-12.970081603,-25.354445692,-1.582130790
-12.971186848,-25.404433474,-1.574523813
-12.972292093,-25.454421257,-1.567040394
-12.971745528,-25.504394313,-1.559471677
-12.969749154,-25.554354442,-1.551788265
-12.967752780,-25.604314571,-1.544209483
-12.965756406,-25.654274700,-1.536803397
-12.963760032,-25.704234829,-1.529637947
-12.961763658,-25.754194958,-1.522780928
-12.959767284,-25.804155087,-1.516299997
-12.957770910,-25.854115216,-1.510242138
-12.954773212,-25.904010302,-1.503937036
-12.950289552,-25.953808864,-1.497301103
-12.945805892,-26.003607426,-1.491012617
-12.941322232,-26.053405988,-1.485178605
-12.936838572,-26.103204550,-1.479853943
-12.932354912,-26.153003113,-1.475093409
-12.927871252,-26.202801675,-1.470951754
-12.923387592,-26.252600237,-1.467398355
-12.918394676,-26.302344449,-1.463446301
-12.912267597,-26.351967618,-1.458832986
-12.906140519,-26.401590787,-1.454510896
-12.900013440,-26.451213956,-1.450782258
-12.893886362,-26.500837125,-1.447678584
-12.887759283,-26.550460294,-1.445231415
-12.881632205,-26.600083463,-1.443472382
-12.875505126,-26.649706632,-1.442268919
-12.869206219,-26.699307388,-1.440683631
-12.862398941,-26.748841830,-1.438450942
-12.855591664,-26.798376272,-1.436493946
-12.848784386,-26.847910715,-1.435214542
-12.841977109,-26.897445157,-1.434617407
-12.835169831,-26.946979599,-1.434707349
-12.828362554,-26.996514041,-1.435489321
-12.821555276,-27.046048484,-1.436806680
-12.814821942,-27.095592842,-1.437673329
-12.808337825,-27.145170622,-1.437870607
-12.801853709,-27.194748401,-1.438405197
-12.795369593,-27.244326181,-1.439663652
-12.788885476,-27.293903961,-1.441622615
-12.782401360,-27.343481740,-1.444258884
-12.775917244,-27.393059520,-1.447549361
-12.769433127,-27.442637300,-1.451348853
-12.763256355,-27.492251173,-1.454725814
-12.758077873,-27.541982283,-1.457549249
-12.752899392,-27.591713394,-1.460777694
-12.747720910,-27.641444504,-1.464678285
-12.742542428,-27.691175614,-1.469203404
-12.737363946,-27.740906724,-1.474305467
-12.732185464,-27.790637835,-1.479936845
-12.727006982,-27.840368945,-1.485994737
-12.722422549,-27.890148568,-1.491309668
-12.719463732,-27.940060945,-1.495945944
-12.716504915,-27.989973322,-1.501166147
-12.713546097,-28.039885699,-1.507040194
-12.710587280,-28.089798076,-1.513496703
-12.707628463,-28.139710454,-1.520464267
-12.704669645,-28.189622831,-1.527871358
-12.701710828,-28.239535208,-1.535646260
-12.699340992,-28.289464245,-1.542189986
-12.699473678,-28.339464069,-1.547794976
-12.699606365,-28.389463893,-1.554270974
-12.699739051,-28.439463717,-1.561518785
-12.699871738,-28.489463541,-1.569440602
-12.700004424,-28.539463365,-1.577938752
-12.700137111,-28.589463189,-1.586915486
-12.700269797,-28.639463013,-1.596272834
-12.700849954,-28.689447157,-1.604665077
-12.704217487,-28.739333625,-1.612248223
-12.707585020,-28.789220093,-1.620615650
-12.710952553,-28.839106562,-1.629842592
-12.714320086,-28.888993030,-1.639808714
-12.717687619,-28.938879498,-1.650393818
-12.721055151,-28.988765967,-1.661477506
-12.724422684,-29.038652435,-1.672938967
-12.727992170,-29.088516792,-1.684026637
-12.735498889,-29.137950072,-1.694729777
-12.743005609,-29.187383352,-1.705998729
-12.750512328,-29.236816632,-1.718035195
-12.758019047,-29.286249912,-1.730704860
-12.765525766,-29.335683192,-1.743872995
-12.773032486,-29.385116472,-1.757404234
-12.780539205,-29.434549752,-1.771162496
-12.788045924,-29.483983031,-1.784856460
-12.801207567,-29.532207248,-1.798402787
-12.814571483,-29.580388217,-1.812255943
-12.827935398,-29.628569186,-1.826668358
-12.841299313,-29.676750154,-1.841497111
-12.854663229,-29.724931123,-1.856598700
-12.868027144,-29.773112092,-1.871829093
-12.881391059,-29.821293061,-1.887043874
-12.894754975,-29.869474030,-1.902243988
-12.912955640,-29.915963589,-1.917416847
-12.932529999,-29.961972767,-1.932621902
-12.952104357,-30.007981945,-1.947948860
-12.971678716,-30.053991123,-1.963255458
-12.991253075,-30.100000302,-1.978398106
-13.010827433,-30.146009480,-1.993233685
-13.030401792,-30.192018658,-2.007619697
-13.049976151,-30.238027836,-2.021479299
-13.072406986,-30.282627013,-2.035535154
-13.097025322,-30.326146406,-2.049785009
-13.121643659,-30.369665798,-2.063587916
-13.146261995,-30.413185191,-2.076953929
-13.170880331,-30.456704583,-2.089751234
-13.195498668,-30.500223975,-2.101848818
-13.220117004,-30.543743368,-2.113116242
-13.244735341,-30.587262760,-2.123423257
-13.270487651,-30.630068592,-2.134176575
-13.299069601,-30.671093854,-2.145380544
-13.327651551,-30.712119116,-2.155870601
-13.356233500,-30.753144379,-2.165879399
-13.384815450,-30.794169641,-2.175291562
-13.413397400,-30.835194903,-2.183991963
-13.441979349,-30.876220166,-2.191865414
-13.470561299,-30.917245428,-2.198796271
-13.499143249,-30.958270691,-2.206308871
-13.530135019,-30.997507094,-2.214330328
-13.561130752,-31.036740556,-2.221680084
-13.592126485,-31.075974018,-2.228780767
-13.623122218,-31.115207480,-2.235532838
-13.654117951,-31.154440942,-2.241836799
-13.685113684,-31.193674403,-2.247593038
-13.716109418,-31.232907865,-2.252701622
-13.747105151,-31.272141327,-2.258112718
-13.779270389,-31.310413309,-2.264411744
-13.811768724,-31.348411444,-2.270285608
-13.844267058,-31.386409579,-2.275514518
-13.876765392,-31.424407714,-2.280731864
-13.909263727,-31.462405849,-2.285848087
-13.941762061,-31.500403984,-2.290773615
-13.974260395,-31.538402119,-2.295418768
-14.006758730,-31.576400254,-2.300141015
-14.040086380,-31.613655162,-2.306051295
-14.074309833,-31.650107257,-2.312176849
-14.108533287,-31.686559352,-2.317284119
-14.142756741,-31.723011446,-2.322284353
-14.176980194,-31.759463541,-2.327597499
-14.211203648,-31.795915636,-2.333136169
-14.245427101,-31.832367731,-2.338813039
-14.279650555,-31.868819826,-2.344540772
-14.313921507,-31.905224783,-2.351238483
-14.350111953,-31.939724806,-2.359011656
-14.386302400,-31.974224829,-2.366203056
-14.422492846,-32.008724852,-2.372285214
-14.458683293,-32.043224875,-2.378238253
-14.494873739,-32.077724898,-2.384718919
-14.531064186,-32.112224921,-2.391630344
-14.567254632,-32.146724944,-2.398875780
-14.603445079,-32.181224967,-2.406865677
-14.640407631,-32.214859250,-2.415743436
-14.678807338,-32.246882093,-2.425032339
-14.717207046,-32.278904936,-2.434526278
-14.755606753,-32.310927779,-2.442607453
-14.794006461,-32.342950622,-2.449261714
-14.832406168,-32.374973464,-2.456300155
-14.870805876,-32.406996307,-2.463909715
-14.909205583,-32.439019150,-2.472344277
-14.947605290,-32.471041993,-2.481956997
-14.987650234,-32.500913044,-2.492407129
-15.028619667,-32.529574962,-2.503259965
-15.069589100,-32.558236881,-2.514407593
-15.110558533,-32.586898800,-2.525741675
-15.151527965,-32.615560718,-2.536928972
-15.192497398,-32.644222637,-2.545732647
-15.233466831,-32.672884555,-2.552793559
-15.274436264,-32.701546474,-2.561523793
-15.315405697,-32.730208393,-2.571924788
-15.357876118,-32.756472812,-2.583130972
-15.401555355,-32.780806417,-2.595008960
-15.445234591,-32.805140022,-2.607425222
-15.488913827,-32.829473627,-2.620245795
-15.532593063,-32.853807232,-2.633336136
-15.576272299,-32.878140837,-2.646561055
-15.619951535,-32.902474442,-2.658868409
-15.663630771,-32.926808047,-2.669669310
-15.707310007,-32.951141652,-2.680523204
-15.750989243,-32.975475257,-2.692511488
-15.797114531,-32.994635897,-2.705472431
-15.843637826,-33.012954822,-2.719245433
-15.890161122,-33.031273746,-2.733670116
-15.936684417,-33.049592670,-2.748585676
-15.983207712,-33.067911594,-2.763830460
-16.029731008,-33.086230519,-2.780122634
-16.076254303,-33.104549443,-2.797949990
-16.122777599,-33.122868367,-2.814275113
-16.169300894,-33.141187292,-2.828470772
-16.215824189,-33.159506216,-2.843197359
-16.262587128,-33.177003591,-2.858891802
-16.311663286,-33.186570761,-2.875372734
-16.360739444,-33.196137931,-2.892458899
-16.409815601,-33.205705102,-2.909968349
-16.458891759,-33.215272272,-2.928622245
-16.507967917,-33.224839442,-2.949117728
-16.557044074,-33.234406613,-2.970657547
-16.606120232,-33.243973783,-2.992470436
-16.655196390,-33.253540953,-3.011611368
-16.704272548,-33.263108124,-3.028276811
-16.753348705,-33.272675294,-3.045656265
-16.802847234,-33.277166975,-3.063731491
-16.852829709,-33.275843252,-3.082303738
-16.902812183,-33.274519529,-3.101174210
-16.952794658,-33.273195805,-3.121919351
-17.002777132,-33.271872082,-3.144919459
-17.052759607,-33.270548359,-3.168566594
-17.102742081,-33.269224636,-3.192429661
-17.152724556,-33.267900913,-3.215979639
-17.202707030,-33.266577190,-3.236554064
-17.252689505,-33.265253467,-3.254833083
-17.302671979,-33.263929744,-3.273670638
-17.351408113,-33.253620543,-3.292857950
-17.399863914,-33.241290280,-3.312187020
-17.448319715,-33.228960017,-3.331708262
-17.496775515,-33.216629754,-3.353729237
-17.545231316,-33.204299491,-3.378221708
-17.593687117,-33.191969228,-3.402945162
-17.642142917,-33.179638965,-3.427695300
-17.690598718,-33.167308702,-3.450039762
-17.739054519,-33.154978439,-3.469645508
-17.787510319,-33.142648176,-3.489105973
-17.835966120,-33.130317913,-3.508862881
-17.880335657,-33.107416790,-3.528705405
-17.924486227,-33.083949212,-3.548422547
-17.968636797,-33.060481635,-3.569314403
-18.012787367,-33.037014058,-3.593125122
-18.056937937,-33.013546480,-3.618663294
-18.101088507,-32.990078903,-3.644308521
-18.145239076,-32.966611326,-3.667682102
-18.189389646,-32.943143749,-3.688346838
-18.233540216,-32.919676171,-3.708837678
-18.277690786,-32.896208594,-3.729696743
-18.321049629,-32.871601052,-3.750712671
-18.358457386,-32.838424860,-3.771674229
-18.395865143,-32.805248668,-3.792369369
-18.433272900,-32.772072476,-3.815244401
-18.470680657,-32.738896284,-3.841089319
-18.508088414,-32.705720092,-3.867585945
-18.545496171,-32.672543899,-3.891802667
-18.582903927,-32.639367707,-3.913681090
-18.620311684,-32.606191515,-3.935756669
-18.657719441,-32.573015323,-3.958118051
-18.695127198,-32.539839131,-3.980553861
-18.725585212,-32.500449972,-4.002852827
-18.754379481,-32.459573450,-4.024803263
-18.783173751,-32.418696928,-4.046192432
-18.811968020,-32.377820406,-4.070091016
-18.840762289,-32.336943884,-4.096707508
-18.869556559,-32.296067362,-4.121365113
-18.898350828,-32.255190840,-4.144344817
-18.927145098,-32.214314318,-4.167640212
-18.955939367,-32.173437796,-4.191040416
-18.984733636,-32.132561274,-4.214335296
-19.005469364,-32.087326196,-4.237315532
-19.023918461,-32.040854368,-4.259772590
-19.042367559,-31.994382540,-4.281498480
-19.060816656,-31.947910712,-4.302611581
-19.079265753,-31.901438884,-4.324630262
-19.097714850,-31.854967055,-4.347810149
-19.116163948,-31.808495227,-4.371104333
-19.134613045,-31.762023399,-4.394309161
-19.153062142,-31.715551571,-4.417222541
-19.171511240,-31.669079743,-4.439644433
-19.180899957,-31.620068361,-4.461377154
-19.189292335,-31.570777713,-4.482225345
-19.197684712,-31.521487065,-4.501924186
-19.206077090,-31.472196416,-4.519362295
-19.214469468,-31.422905768,-4.537317306
-19.222861846,-31.373615120,-4.557793638
-19.231254224,-31.324324472,-4.578476892
-19.239646602,-31.275033824,-4.598660167
-19.248038980,-31.225743176,-4.618166049
-19.255394362,-31.176366003,-4.636819926
-19.255286525,-31.126366120,-4.654449729
-19.255178689,-31.076366236,-4.670721509
-19.255070852,-31.026366352,-4.685060462
-19.254963016,-30.976366469,-4.697584231
-19.254855179,-30.926366585,-4.711389238
-19.254747343,-30.876366701,-4.727537908
-19.254639506,-30.826366817,-4.743755994
-19.254531670,-30.776366934,-4.759266815
-19.254116742,-30.726385105,-4.773929275
-19.248364821,-30.676717053,-4.787543276
-19.242612901,-30.627049000,-4.799659648
-19.236860980,-30.577380948,-4.810282890
-19.231109060,-30.527712896,-4.819664992
-19.225357139,-30.478044844,-4.827659296
-19.219605219,-30.428376792,-4.837059164
-19.213853299,-30.378708739,-4.848574407
-19.208101378,-30.329040687,-4.859745687
-19.202077238,-30.279414831,-4.870143995
-19.192522628,-30.230336226,-4.879293157
-19.182968018,-30.181257622,-4.887247114
-19.173413409,-30.132179017,-4.894367863
-19.163858799,-30.083100413,-4.900544054
-19.154304189,-30.034021808,-4.905663393
-19.144749579,-29.984943203,-4.909950585
-19.135194970,-29.935864599,-4.915789461
-19.125640360,-29.886785994,-4.923124060
-19.115486765,-29.837838047,-4.929475614
-19.103734717,-29.789238774,-4.935022946
-19.091982669,-29.740639501,-4.940228902
-19.080230620,-29.692040227,-4.945009832
-19.068478572,-29.643440954,-4.949281968
-19.056726524,-29.594841681,-4.952961293
-19.044974476,-29.546242407,-4.956065750
-19.033222428,-29.497643134,-4.959903063
-19.021253621,-29.449099534,-4.964408808
-19.008131240,-29.400852222,-4.968635671
-18.995008860,-29.352604910,-4.972911549
-18.981886479,-29.304357598,-4.977166632
-18.968764098,-29.256110286,-4.981331131
-18.955641718,-29.207862973,-4.985335238
-18.942519337,-29.159615661,-4.988699657
-18.929396956,-29.111368349,-4.991053077
-18.916060146,-29.063183133,-4.994141710
-18.901370443,-29.015389696,-4.998625731
-18.886680740,-28.967596259,-5.003459709
-18.871991036,-28.919802822,-5.008576827
-18.857301333,-28.872009385,-5.013910278
-18.842611630,-28.824215948,-5.019357005
-18.827921927,-28.776422511,-5.023849101
-18.813232223,-28.728629074,-5.027580149
-18.798096265,-28.680983091,-5.031907335
-18.781418715,-28.633846488,-5.037335257
-18.764741165,-28.586709885,-5.043718281
-18.748063614,-28.539573283,-5.050533080
-18.731386064,-28.492436680,-5.057705347
-18.714708514,-28.445300077,-5.064196610
-18.698030964,-28.398163475,-5.070105486
-18.681353413,-28.351026872,-5.076528405
-18.663294240,-28.304420912,-5.083488375
-18.644130748,-28.258239092,-5.091308245
-18.624967255,-28.212057271,-5.099911876
-18.605803762,-28.165875451,-5.108033590
-18.586640269,-28.119693630,-5.115271220
-18.567476776,-28.073511810,-5.122675762
-18.548313284,-28.027329989,-5.130747472
-18.527783741,-27.981768063,-5.139378482
-18.505646311,-27.936935774,-5.148535683
-18.483508880,-27.892103484,-5.158146849
-18.461371450,-27.847271195,-5.167261685
-18.439234020,-27.802438905,-5.176138575
-18.417096590,-27.757606616,-5.185832650
-18.394959159,-27.712774326,-5.196220439
-18.372704294,-27.668005763,-5.207178543
-18.347181897,-27.625010330,-5.218583330
-18.321659500,-27.582014897,-5.229683274
-18.296137103,-27.539019464,-5.240752442
-18.270614706,-27.496024032,-5.252653762
-18.245092309,-27.453028599,-5.265217372
-18.219569912,-27.410033166,-5.278310531
-18.194047515,-27.367037733,-5.291799908
-18.165518347,-27.325980945,-5.305551493
-18.136888919,-27.284988802,-5.318857474
-18.108259490,-27.243996658,-5.331790862
-18.079630062,-27.203004515,-5.345465283
-18.051000634,-27.162012371,-5.359892048
-18.022371205,-27.121020228,-5.374615145
-17.991212103,-27.081992659,-5.389494915
-17.958583529,-27.044106301,-5.404391272
-17.925954955,-27.006219942,-5.418926742
-17.893326381,-26.968333584,-5.433057247
-17.860697808,-26.930447225,-5.447678773
-17.828069234,-26.892560866,-5.462887214
-17.794204943,-26.855860273,-5.478076352
-17.757696416,-26.821697025,-5.493108304
-17.721187889,-26.787533778,-5.507845603
-17.684679363,-26.753370530,-5.522151384
-17.648170836,-26.719207283,-5.535735353
-17.611662309,-26.685044035,-5.549436514
-17.575153783,-26.650880788,-5.563590041
-17.536682413,-26.619003613,-5.577416788
-17.497389610,-26.588083141,-5.590789766
-17.458096806,-26.557162669,-5.603582959
-17.418804003,-26.526242196,-5.615671271
-17.379511199,-26.495321724,-5.626930342
-17.340218396,-26.464401252,-5.638396578
-17.300925593,-26.433480780,-5.650207844
-17.260341176,-26.404332722,-5.661297714
-17.218871687,-26.376399203,-5.671498455
-17.177402197,-26.348465685,-5.680703427
-17.135932708,-26.320532166,-5.688806046
-17.094463219,-26.292598647,-5.696727694
-17.052993729,-26.264665129,-5.705147227
-17.011524240,-26.236731610,-5.713323157
-16.969573715,-26.209553068,-5.720739087
-16.926734636,-26.183769094,-5.727195774
-16.883895557,-26.157985120,-5.732522480
-16.841056478,-26.132201146,-5.737197238
-16.798217400,-26.106417172,-5.742441181
-16.755378321,-26.080633198,-5.747948311
-16.712539242,-26.054849224,-5.752684200
-16.669700163,-26.029065250,-5.756681214
-16.626495447,-26.003912948,-5.759928631
-16.582800515,-25.979607538,-5.762247399
-16.539105583,-25.955302129,-5.764503974
-16.495410651,-25.930996720,-5.767254144
-16.451715719,-25.906691310,-5.769721267
-16.408020787,-25.882385901,-5.771530241
-16.364325855,-25.858080491,-5.772647566
-16.320630923,-25.833775082,-5.773083402
-16.276976176,-25.809397721,-5.772821905
-16.233364518,-25.784943206,-5.772507282
-16.189752860,-25.760488690,-5.772720220
-16.146141203,-25.736034175,-5.772935373
-16.102529545,-25.711579660,-5.772727029
-16.058917887,-25.687125145,-5.772081370
-16.015306230,-25.662670629,-5.770984533
-15.971694572,-25.638216114,-5.769192032
-15.928230292,-25.613502197,-5.766921525
-15.884896191,-25.588559147,-5.765081726
-15.841562091,-25.563616097,-5.763666508
-15.798227991,-25.538673047,-5.762212575
-15.754893890,-25.513729997,-5.760712622
-15.711559790,-25.488786947,-5.759159342
-15.668225689,-25.463843897,-5.757545433
-15.624891589,-25.438900847,-5.755625234
-15.581720044,-25.413679009,-5.753586535
-15.538668108,-25.388252040,-5.752111561
-15.495616171,-25.362825071,-5.751180089
-15.452564234,-25.337398102,-5.750516993
-15.409512298,-25.311971133,-5.750117341
-15.366460361,-25.286544164,-5.749976208
-15.323408424,-25.261117195,-5.750088677
-15.280356488,-25.235690226,-5.750176709
-15.237385752,-25.210126582,-5.750168884
-15.194466160,-25.184476852,-5.750376268
-15.151546568,-25.158827122,-5.750923834
-15.108626976,-25.133177392,-5.751823340
-15.065707384,-25.107527663,-5.753062174
-15.022787793,-25.081877933,-5.754627740
-14.979868201,-25.056228203,-5.756507449
-14.936948609,-25.030578473,-5.758418670
-14.893609740,-25.005651065,-5.760227146
-14.850050424,-24.981103438,-5.762154971
-14.806491108,-24.956555811,-5.764343902
-14.762931792,-24.932008184,-5.766844798
-14.719372476,-24.907460557,-5.769635749
-14.675813160,-24.882912930,-5.772694831
-14.632253844,-24.858365303,-5.776000096
-14.588694528,-24.833817676,-5.779369510
-14.544720616,-24.810027558,-5.782668522
-14.500565847,-24.786567881,-5.785975312
-14.456411079,-24.763108203,-5.789382785
-14.412256311,-24.739648526,-5.792927996
-14.368101543,-24.716188849,-5.796582428
-14.323946775,-24.692729171,-5.800317548
-14.279792007,-24.669269494,-5.804104812
-14.235637239,-24.645809817,-5.807944236
-14.191029369,-24.623231383,-5.811752721
-14.146258961,-24.600969069,-5.815421904
-14.101488554,-24.578706756,-5.818953799
-14.056718146,-24.556444442,-5.822346809
-14.011947738,-24.534182129,-5.825571756
-13.967177331,-24.511919816,-5.828599485
-13.922406923,-24.489657502,-5.831400852
-13.877636516,-24.467395189,-5.834072059
-13.832440589,-24.446016548,-5.836857253
-13.787119918,-24.424896967,-5.839774183
-13.741799246,-24.403777385,-5.842576381
-13.696478575,-24.382657803,-5.845122957
-13.651157903,-24.361538222,-5.847393917
-13.605837232,-24.340418640,-5.849369278
-13.560516560,-24.319299058,-5.851029062
-13.515195889,-24.298179477,-5.852483162
-13.469633516,-24.277588455,-5.853980476
-13.424013869,-24.257122683,-5.855526180
-13.378394223,-24.236656910,-5.856887123
-13.332774576,-24.216191138,-5.857948385
-13.287154929,-24.195725366,-5.858698784
-13.241535283,-24.175259594,-5.859127122
-13.195915636,-24.154793821,-5.859234486
-13.150295989,-24.134328049,-5.859059519
-13.104718857,-24.113767820,-5.858899861
-13.059149752,-24.093189758,-5.858865713
-13.013580647,-24.072611696,-5.858701992
-12.968011541,-24.052033634,-5.858307522
-12.922442436,-24.031455572,-5.857679138
-12.876873330,-24.010877510,-5.856813669
-12.831304225,-23.990299448,-5.855697012
-12.785735120,-23.969721386,-5.854291830
-12.740354992,-23.948730587,-5.852948221
-12.695002725,-23.927678939,-5.851868225
-12.649650458,-23.906627290,-5.850800791
-12.604298192,-23.885575642,-5.849668984
-12.558945925,-23.864523993,-5.848475248
-12.513593658,-23.843472345,-5.847219410
-12.468241392,-23.822420696,-5.845793394
-12.422889125,-23.801369048,-5.844226964
-12.377737003,-23.779891696,-5.842853581
-12.332593210,-23.758396628,-5.841758077
-12.287449417,-23.736901559,-5.840792252
-12.242305624,-23.715406490,-5.839922091
-12.197161832,-23.693911421,-5.839151603
-12.152018039,-23.672416353,-5.838518486
-12.106874246,-23.650921284,-5.838735795
-12.061749703,-23.629386031,-5.839611058
-12.016707408,-23.607679081,-5.840248375
-11.971665114,-23.585972131,-5.840652295
-11.926622819,-23.564265181,-5.840867513
-11.881580524,-23.542558230,-5.840916694
-11.836538230,-23.520851280,-5.840817098
-11.791495935,-23.499144330,-5.840793579
-11.746453640,-23.477437380,-5.840972268
-11.701394221,-23.455766121,-5.841086132
-11.656277556,-23.434214171,-5.840816507
-11.611160891,-23.412662221,-5.840135108
-11.566044226,-23.391110271,-5.839184484
-11.520927561,-23.369558321,-5.838004347
-11.475810896,-23.348006371,-5.836615929
-11.430694231,-23.326454421,-5.835401732
-11.385573511,-23.304911051,-5.834504075
-11.340280863,-23.283731437,-5.833464467
-11.294988215,-23.262551823,-5.831910528
-11.249695567,-23.241372209,-5.829836536
-11.204402919,-23.220192596,-5.827400191
-11.159110271,-23.199012982,-5.824635890
-11.113817623,-23.177833368,-5.821572633
-11.068524975,-23.156653754,-5.818426955
-11.023287009,-23.135365032,-5.815275495
-10.979211740,-23.111756333,-5.811886641
-10.935136471,-23.088147635,-5.808119036
-10.891061201,-23.064538936,-5.804006499
-10.846985932,-23.040930238,-5.799634584
-10.802910663,-23.017321539,-5.795036336
-10.758835394,-22.993712841,-5.790244854
-10.714760125,-22.970104142,-5.785087621
-10.671049282,-22.945836033,-5.779582297
-10.627608787,-22.921078743,-5.774037054
-10.584168291,-22.896321454,-5.768601367
-10.540727796,-22.871564164,-5.763301578
-10.497287301,-22.846806875,-5.758130513
-10.453846806,-22.822049585,-5.753117439
-10.410406311,-22.797292295,-5.748291557
-10.366965816,-22.772535006,-5.743480945
-10.324198974,-22.746649792,-5.738734872
-10.281804065,-22.720141837,-5.734467170
-10.239409156,-22.693633882,-5.730758592
-10.197014247,-22.667125927,-5.727525267
-10.154619338,-22.640617971,-5.724793825
-10.112224429,-22.614110016,-5.722540727
-10.069829520,-22.587602061,-5.720732461
-10.027434611,-22.561094106,-5.719471830
-9.985407404,-22.534010995,-5.718829501
-9.943552963,-22.506657645,-5.717947747
-9.901698522,-22.479304295,-5.716716100
-9.859844081,-22.451950944,-5.715858313
-9.817989640,-22.424597594,-5.715554455
-9.776135199,-22.397244244,-5.716229311
-9.734280758,-22.369890894,-5.717591259
-9.692426317,-22.342537543,-5.719109746
-9.650169625,-22.315812846,-5.720552405
-9.607795554,-22.289271594,-5.721703540
-9.565421482,-22.262730342,-5.722752928
-9.523047411,-22.236189089,-5.723870282
-9.480673340,-22.209647837,-5.725575862
-9.438299268,-22.183106584,-5.727893253
-9.395925197,-22.156565332,-5.730202823
-9.353551126,-22.130024079,-5.732387352
-9.310795729,-22.104102937,-5.734029156
-9.267989628,-22.078264252,-5.734824228
-9.225183526,-22.052425566,-5.735108501
-9.182377424,-22.026586881,-5.735096921
-9.139571323,-22.000748196,-5.734802563
-9.096765221,-21.974909510,-5.734245474
-9.053865871,-21.949226851,-5.733447227
-9.010834373,-21.923765309,-5.732424384
-8.967802874,-21.898303767,-5.730962287
-8.924771375,-21.872842226,-5.728924315
-8.881739876,-21.847380684,-5.726491062
-8.838708378,-21.821919142,-5.723966714
-8.795676879,-21.796457600,-5.721359928
-8.752969409,-21.770475475,-5.718426467
-8.711124754,-21.743107156,-5.715131435
-8.669280099,-21.715738838,-5.711490829
-8.627435445,-21.688370519,-5.707773614
-8.585590790,-21.661002201,-5.704118320
-8.543746135,-21.633633882,-5.700459842
-8.501901480,-21.606265564,-5.696990240
-8.460056825,-21.578897245,-5.693546213
-8.419247728,-21.550021015,-5.689843517
-8.378680324,-21.520792849,-5.685909861
-8.338112920,-21.491564682,-5.681772982
-8.297545516,-21.462336516,-5.677706913
-8.256978111,-21.433108349,-5.673819300
-8.216410707,-21.403880183,-5.669927984
-8.175843303,-21.374652017,-5.666035263
-8.135271566,-21.345429867,-5.662197458
-8.094691171,-21.316219739,-5.658454505
-8.054110776,-21.287009612,-5.654899045
-8.013530381,-21.257799484,-5.651660956
-7.972949986,-21.228589356,-5.648739030
-7.932369592,-21.199379229,-5.646093883
-7.891789197,-21.170169101,-5.643747635
-7.851208802,-21.140958973,-5.641738713
-7.811066827,-21.111151085,-5.640114775
-7.771013864,-21.081221831,-5.638702214
-7.730960902,-21.051292578,-5.636943762
-7.690907940,-21.021363324,-5.634932521
-7.650854978,-20.991434071,-5.633139464
-7.610802016,-20.961504817,-5.631711929
-7.570749053,-20.931575563,-5.630716619
-7.530932511,-20.901338422,-5.630008168
-7.491677979,-20.870369377,-5.629523694
-7.452423447,-20.839400333,-5.628670009
-7.413168915,-20.808431289,-5.627209318
-7.373914382,-20.777462244,-5.625634559
-7.334659850,-20.746493200,-5.624095570
-7.295405318,-20.715524156,-5.622711476
-7.256150786,-20.684555111,-5.621450823
-7.216853634,-20.653640194,-5.620196315
-7.177540793,-20.622745202,-5.618966856
-7.138227953,-20.591850209,-5.617784334
-7.098915113,-20.560955216,-5.616664098
-7.059602272,-20.530060223,-5.615618565
-7.020289432,-20.499165231,-5.614676396
-6.980976591,-20.468270238,-5.613858248
-6.941659277,-20.437380944,-5.613164467
-6.902315646,-20.406525171,-5.612603582
-6.862972015,-20.375669398,-5.611941575
-6.823628385,-20.344813625,-5.611096136
-6.784284754,-20.313957852,-5.610275088
-6.744941124,-20.283102079,-5.609512674
-6.705597493,-20.252246306,-5.608703579
-6.666253863,-20.221390533,-5.607910278
-6.627193275,-20.190179128,-5.607291985
-6.588295318,-20.158763384,-5.606726953
-6.549397361,-20.127347641,-5.605887126
-6.510499404,-20.095931897,-5.604827304
-6.471601447,-20.064516153,-5.603805240
-6.432703490,-20.033100410,-5.602537339
-6.393805534,-20.001684666,-5.600955391
-6.354948906,-19.970218229,-5.599437699
-6.316341776,-19.938445764,-5.598143294
-6.277734647,-19.906673298,-5.597090715
-6.239127518,-19.874900832,-5.596288248
-6.200520389,-19.843128366,-5.595714092
-6.161913260,-19.811355901,-5.594759980
-6.123306131,-19.779583435,-5.593264694
-6.084699002,-19.747810969,-5.592007553
-6.046119876,-19.716004523,-5.591319573
-6.007556402,-19.684179086,-5.591182409
-5.968992928,-19.652353649,-5.591590262
-5.930429453,-19.620528212,-5.592523345
-5.891865979,-19.588702775,-5.593102236
-5.853302504,-19.556877338,-5.592865744
-5.814739030,-19.525051901,-5.592952944
-5.776130665,-19.493281429,-5.594082173
-5.737243048,-19.461852887,-5.596205770
-5.698355431,-19.430424346,-5.599122930
-5.659467814,-19.398995804,-5.602669046
-5.620580197,-19.367567262,-5.606230434
-5.581692580,-19.336138720,-5.609297897
-5.542804963,-19.304710178,-5.612779209
-5.503917346,-19.273281636,-5.617427443
-5.464389588,-19.242670295,-5.623168769
-5.424563535,-19.212439756,-5.629907882
-5.384737482,-19.182209217,-5.637434030
-5.344911429,-19.151978677,-5.645392472
-5.305085376,-19.121748138,-5.653142009
-5.265259323,-19.091517599,-5.661090237
-5.225433270,-19.061287060,-5.670039326
-5.184352720,-19.032824273,-5.679896379
-5.142669256,-19.005211074,-5.690568117
-5.100985792,-18.977597874,-5.701945705
-5.059302327,-18.949984674,-5.713923139
-5.017618863,-18.922371475,-5.726362851
-4.975935399,-18.894758275,-5.738916127
-4.934251934,-18.867145075,-5.751603313
-4.890993927,-18.842212893,-5.764649761
-4.846574428,-18.819258413,-5.777951380
-4.802154930,-18.796303933,-5.791427150
-4.757735431,-18.773349452,-5.805123260
-4.713315933,-18.750394972,-5.818942197
-4.668896435,-18.727440492,-5.832815821
-4.624476936,-18.704486012,-5.847847886
-4.579015451,-18.683824613,-5.863482812
-4.532509354,-18.665462071,-5.878120898
-4.486003257,-18.647099529,-5.891683710
-4.439497160,-18.628736987,-5.904433686
-4.392991063,-18.610374445,-5.916514839
-4.346484966,-18.592011903,-5.927610257
-4.299978869,-18.573649362,-5.937526690
-4.253128718,-18.556265630,-5.948297428
-4.205361487,-18.541490935,-5.959533573
-4.157594256,-18.526716240,-5.968611069
-4.109827025,-18.511941545,-5.976041649
-4.062059793,-18.497166850,-5.982273164
-4.014292562,-18.482392155,-5.986790042
-3.966525331,-18.467617459,-5.989314472
-3.918758100,-18.452842764,-5.989838798
-3.870935543,-18.438254838,-5.988965419
-3.822827911,-18.424629284,-5.988848831
-3.774720279,-18.411003729,-5.989257587
-3.726612647,-18.397378175,-5.988366563
-3.678505015,-18.383752621,-5.985549506
-3.630397382,-18.370127067,-5.980259754
-3.582289750,-18.356501513,-5.972556200
-3.534182118,-18.342875958,-5.962491951
-3.486255818,-18.328715222,-5.950116364
-3.439773860,-18.310291661,-5.937868322
-3.393291902,-18.291868099,-5.927650243
-3.346809945,-18.273444538,-5.916929524
-3.300327987,-18.255020977,-5.903762337
-3.253846029,-18.236597416,-5.888266684
-3.207364071,-18.218173855,-5.870558253
-3.160882114,-18.199750294,-5.850754066
-3.114400156,-18.181326733,-5.829326371
-3.071307225,-18.156046972,-5.807439698
-3.028442168,-18.130306210,-5.787617801
-2.985577110,-18.104565447,-5.768772919
-2.942712053,-18.078824684,-5.748055805
-2.899846996,-18.053083921,-5.725641692
-2.856981939,-18.027343158,-5.701709064
-2.814116882,-18.001602395,-5.676441960
-2.771251825,-17.975861632,-5.650093956
-2.729835165,-17.948231512,-5.623193135
-2.693845785,-17.913521794,-5.597211062
-2.657856405,-17.878812076,-5.573108136
-2.621867025,-17.844102358,-5.549358522
-2.585877645,-17.809392640,-5.524700397
-2.549888265,-17.774682922,-5.499343396
-2.513898885,-17.739973204,-5.473499184
-2.477909505,-17.705263486,-5.447213486
-2.441920125,-17.670553767,-5.419356485
-2.410917885,-17.631715617,-5.391423348
-2.383539695,-17.589877420,-5.365496082
-2.356161505,-17.548039223,-5.340031482
-2.328783315,-17.506201026,-5.314067869
-2.301405125,-17.464362829,-5.287819728
-2.274026936,-17.422524632,-5.261502139
-2.246648746,-17.380686435,-5.235330879
-2.219270556,-17.338848238,-5.207392426
-2.192034656,-17.296938068,-5.178893755
-2.174555038,-17.250092973,-5.152484981
-2.157075420,-17.203247877,-5.126643011
-2.139595802,-17.156402782,-5.100498068
-2.122116185,-17.109557687,-5.074264174
-2.104636567,-17.062712591,-5.048155223
-2.087156949,-17.015867496,-5.022385277
-2.069677331,-16.969022400,-4.996514288
-2.052197713,-16.922177305,-4.969696548
-2.040202390,-16.873950457,-4.943034540
-2.033399302,-16.824415439,-4.916864357
-2.026596213,-16.774880421,-4.890328868
-2.019793125,-16.725345403,-4.863643522
-2.012990037,-16.675810385,-4.837023601
-2.006186949,-16.626275368,-4.810684293
-1.999383861,-16.576740350,-4.784840804
-1.992580773,-16.527205332,-4.759151557
-1.991739550,-16.477470375,-4.732995761
-1.995208642,-16.427590866,-4.706292204
-1.998677733,-16.377711357,-4.679268438
-2.002146825,-16.327831849,-4.652142291
-2.005615917,-16.277952340,-4.625131263
-2.009085009,-16.228072831,-4.598452237
-2.012554101,-16.178193322,-4.572321291
-2.016023193,-16.128313813,-4.548313118
-2.025751786,-16.079526875,-4.523634338
-2.039385550,-16.031421569,-4.496409505
-2.053019314,-15.983316263,-4.469083277
-2.066653079,-15.935210957,-4.441875434
-2.080286843,-15.887105651,-4.415004368
-2.093920608,-15.839000345,-4.388686411
-2.107554372,-15.790895039,-4.363933455
-2.121188136,-15.742789733,-4.341502351
-2.140806055,-15.697073995,-4.318967731
-2.164057201,-15.652809063,-4.294051450
-2.187308346,-15.608544131,-4.268054479
-2.210559492,-15.564279198,-4.242383959
-2.233810637,-15.520014266,-4.217250885
-2.257061783,-15.475749334,-4.193136584
-2.280312928,-15.431484401,-4.171505166
-2.303564074,-15.387219469,-4.151980836
-2.331302922,-15.345860264,-4.131524992
-2.362177594,-15.306531463,-4.108919537
-2.393052266,-15.267202661,-4.085572727
-2.423926938,-15.227873859,-4.062663144
-2.454801610,-15.188545058,-4.040390092
-2.485676282,-15.149216256,-4.019959554
-2.516550954,-15.109887455,-4.001797267
-2.547425626,-15.070558653,-3.984793259
-2.582749741,-15.035240229,-3.966823243
-2.618671053,-15.000460073,-3.946689130
-2.654592366,-14.965679916,-3.925909575
-2.690513678,-14.930899759,-3.905594825
-2.726434991,-14.896119603,-3.886705502
-2.762356304,-14.861339446,-3.869636631
-2.798277616,-14.826559289,-3.853566413
-2.836347620,-14.794288302,-3.838250229
-2.876240540,-14.764146058,-3.821978175
-2.916133461,-14.734003814,-3.803480669
-2.956026381,-14.703861569,-3.784322286
-2.995919301,-14.673719325,-3.765847254
-3.035812222,-14.643577080,-3.748694933
-3.075705142,-14.613434836,-3.732657842
-3.116207656,-14.584215880,-3.717288097
-3.159598089,-14.559370953,-3.702763459
-3.202988521,-14.534526026,-3.687626883
-3.246378953,-14.509681099,-3.670639929
-3.289769385,-14.484836172,-3.653116920
-3.333159817,-14.459991245,-3.636166640
-3.376550250,-14.435146318,-3.620387851
-3.419940682,-14.410301391,-3.605804432
-3.465116295,-14.389029905,-3.592015634
-3.511040136,-14.369256164,-3.579174698
-3.556963978,-14.349482424,-3.565571665
-3.602887819,-14.329708684,-3.550784835
-3.648811660,-14.309934943,-3.536431578
-3.694735501,-14.290161203,-3.522884747
-3.740659342,-14.270387463,-3.510333843
-3.787654282,-14.253439573,-3.498840580
-3.835147045,-14.237805077,-3.488445257
-3.882639808,-14.222170580,-3.478232085
-3.930132571,-14.206536084,-3.467258351
-3.977625334,-14.190901587,-3.456334035
-4.025118096,-14.175267091,-3.446282939
-4.072610859,-14.159632594,-3.436895837
-4.120352091,-14.144831395,-3.428252181
-4.168651719,-14.131902903,-3.420848100
-4.216951348,-14.118974410,-3.414531161
-4.265250976,-14.106045918,-3.407643818
-4.313550604,-14.093117426,-3.400253929
-4.361850232,-14.080188933,-3.393805477
-4.410149860,-14.067260441,-3.388316456
-4.458449489,-14.054331948,-3.383347351
-4.506771818,-14.041494742,-3.379134798
-4.555501143,-14.030294166,-3.376368437
-4.604230467,-14.019093590,-3.373789758
-4.652959792,-14.007893014,-3.370653656
-4.701689117,-13.996692437,-3.367966332
-4.750418442,-13.985491861,-3.366206769
-4.799147766,-13.974291285,-3.365385646
-4.847877091,-13.963090709,-3.365495656
-4.896639229,-13.952035613,-3.366599185
-4.945458625,-13.941234383,-3.367763155
-4.994278021,-13.930433153,-3.368350149
-5.043097417,-13.919631923,-3.369109554
-5.091916813,-13.908830693,-3.370432235
-5.140736209,-13.898029463,-3.372324981
-5.189555605,-13.887228233,-3.374834418
-5.238375001,-13.876427003,-3.377985046
-5.286934544,-13.864527175,-3.381435883
-5.335419690,-13.852312816,-3.384444705
-5.383904837,-13.840098456,-3.387127228
-5.432389983,-13.827884097,-3.390015935
-5.480875130,-13.815669737,-3.393104212
-5.529360276,-13.803455378,-3.396385421
-5.577845423,-13.791241019,-3.399602012
-5.626284699,-13.778859122,-3.402774662
-5.674229645,-13.764671729,-3.406173796
-5.722174592,-13.750484337,-3.409243493
-5.770119538,-13.736296945,-3.411887786
-5.818064485,-13.722109553,-3.414551561
-5.866009431,-13.707922160,-3.417213990
-5.913954378,-13.693734768,-3.419806708
-5.961899325,-13.679547376,-3.421964947
-6.009824638,-13.665294167,-3.423802339
-6.057706917,-13.650896687,-3.425674827
-6.105589195,-13.636499207,-3.427456592
-6.153471473,-13.622101726,-3.429142918
-6.201353751,-13.607704246,-3.430775261
-6.249236029,-13.593306766,-3.432323365
-6.297118307,-13.578909285,-3.433719654
-6.345000585,-13.564511805,-3.434690316
-6.392924065,-13.550252549,-3.435304821
-6.440874681,-13.536084328,-3.436217774
-6.488825296,-13.521916107,-3.437576122
-6.536775912,-13.507747887,-3.439059911
-6.584726527,-13.493579666,-3.440551870
-6.632677142,-13.479411445,-3.442023780
-6.680627758,-13.465243225,-3.443447417
-6.728578373,-13.451075004,-3.444638103
-6.776262661,-13.436037734,-3.445659473
-6.823918185,-13.420906608,-3.447317410
-6.871573710,-13.405775481,-3.449656617
-6.919229234,-13.390644354,-3.452139822
-6.966884759,-13.375513228,-3.454746304
-7.014540283,-13.360382101,-3.457455332
-7.062195808,-13.345250975,-3.460246165
-7.109796795,-13.329956376,-3.462921043
-7.156991393,-13.313443658,-3.465443400
-7.204185992,-13.296930941,-3.468078575
-7.251380591,-13.280418223,-3.470887318
-7.298575190,-13.263905505,-3.473803751
-7.345769788,-13.247392788,-3.476803542
-7.392964387,-13.230880070,-3.479862353
-7.440158986,-13.214367352,-3.482955844
-7.487307532,-13.197727311,-3.485984958
-7.534145575,-13.180228805,-3.488516544
-7.580983619,-13.162730298,-3.490656769
-7.627821662,-13.145231792,-3.492867391
-7.674659705,-13.127733286,-3.495140790
-7.721497748,-13.110234779,-3.497443167
-7.768335791,-13.092736273,-3.499740730
-7.815173834,-13.075237766,-3.501999686
-7.862011877,-13.057739260,-3.504186244
-7.908648235,-13.039710164,-3.506267757
-7.955283465,-13.021678100,-3.507825978
-8.001918695,-13.003646036,-3.509075204
-8.048553925,-12.985613973,-3.510609914
-8.095189155,-12.967581909,-3.512385775
-8.141824385,-12.949549846,-3.514358505
-8.188459615,-12.931517782,-3.516483852
-8.235094845,-12.913485718,-3.518775844
-8.281493042,-12.894857058,-3.521635568
-8.327787521,-12.875967347,-3.524282437
-8.374082000,-12.857077635,-3.525963552
-8.420376479,-12.838187923,-3.527690610
-8.466670958,-12.819298212,-3.530051808
-8.512965437,-12.800408500,-3.532986461
-8.559259917,-12.781518788,-3.536434123
-8.605554396,-12.762629077,-3.540380265
-8.651742383,-12.743490114,-3.545082045
-8.697394154,-12.723096100,-3.550501867
-8.743045925,-12.702702086,-3.554527309
-8.788697696,-12.682308072,-3.557334015
-8.834349467,-12.661914058,-3.561080522
-8.880001238,-12.641520044,-3.565868614
-8.925653009,-12.621126030,-3.571608585
-8.971304780,-12.600732016,-3.578211455
-9.016956551,-12.580338002,-3.585780052
-9.062123470,-12.558942817,-3.594263529
-9.106430172,-12.535771365,-3.602840573
-9.150736874,-12.512599913,-3.610272525
-9.195043576,-12.489428462,-3.617438882
-9.239350278,-12.466257010,-3.625777918
-9.283656980,-12.443085558,-3.635172825
-9.327963682,-12.419914107,-3.645507409
-9.372270383,-12.396742655,-3.656880883
-9.416577085,-12.373571204,-3.669311402
-9.459453841,-12.347956792,-3.682526160
-9.501351630,-12.320669884,-3.695321860
-9.543249418,-12.293382976,-3.707308815
-9.585147206,-12.266096068,-3.719689179
-9.627044994,-12.238809160,-3.732909557
-9.668942782,-12.211522252,-3.746832326
-9.710840570,-12.184235344,-3.761408930
-9.752738359,-12.156948436,-3.776967725
-9.794636147,-12.129661528,-3.793377575
-9.832459183,-12.097019850,-3.810081407
-9.869927747,-12.063912348,-3.825939688
-9.907396310,-12.030804845,-3.841080198
-9.944864874,-11.997697342,-3.856586714
-9.982333437,-11.964589839,-3.872308248
-10.019802001,-11.931482336,-3.888093438
-10.057270564,-11.898374833,-3.904150869
-10.094739128,-11.865267330,-3.921028056
-10.130623048,-11.830603981,-3.938392279
-10.163037885,-11.792534593,-3.955376643
-10.195452722,-11.754465205,-3.971598322
-10.227867560,-11.716395817,-3.987220145
-10.260282397,-11.678326429,-4.002441173
-10.292697235,-11.640257041,-4.017116501
-10.325112072,-11.602187653,-4.031102206
-10.357526910,-11.564118264,-4.045150122
-10.389941747,-11.526048876,-4.059883991
-10.419229853,-11.485614060,-4.074543471
-10.447046815,-11.444066297,-4.087999440
-10.474863778,-11.402518534,-4.100116381
-10.502680740,-11.360970771,-4.111407838
-10.530497702,-11.319423008,-4.121888825
-10.558314664,-11.277875245,-4.131428004
-10.586131627,-11.236327482,-4.139893497
-10.613948589,-11.194779719,-4.149289706
-10.641597112,-11.153128841,-4.160059348
-10.665948124,-11.109459307,-4.170112871
-10.690299136,-11.065789773,-4.179059597
-10.714650148,-11.022120238,-4.187167454
-10.739001159,-10.978450704,-4.194567799
-10.763352171,-10.934781170,-4.201151605
-10.787703183,-10.891111636,-4.206809264
-10.812054195,-10.847442101,-4.212153628
-10.836405207,-10.803772567,-4.218791990
-10.860086822,-10.759745497,-4.226259987
-10.882840714,-10.715222914,-4.232794251
-10.905594607,-10.670700331,-4.238490205
-10.928348499,-10.626177748,-4.243763906
-10.951102391,-10.581655165,-4.248529402
-10.973856284,-10.537132583,-4.252700528
-10.996610176,-10.492610000,-4.256190731
-11.019364068,-10.448087417,-4.260215629
-11.042117961,-10.403564834,-4.265549106
-11.063201242,-10.358236240,-4.271067697
-11.083889389,-10.312717006,-4.276214264
-11.104577535,-10.267197773,-4.281067308
-11.125265682,-10.221678540,-4.285593648
-11.145953829,-10.176159307,-4.289732406
-11.166641975,-10.130640074,-4.293422653
-11.187330122,-10.085120841,-4.296669663
-11.208018268,-10.039601607,-4.300722744
-11.227800017,-9.993688918,-4.306122781
-11.246925072,-9.947491166,-4.311975266
-11.266050126,-9.901293414,-4.317683629
-11.285175181,-9.855095662,-4.322860175
-11.304300235,-9.808897910,-4.327477021
-11.323425290,-9.762700158,-4.331506397
-11.342550344,-9.716502406,-4.334920598
-11.361675399,-9.670304654,-4.337947272
-11.380563645,-9.624013678,-4.341209923
-11.398063614,-9.577176182,-4.345027194
-11.415563584,-9.530338685,-4.348674447
-11.433063553,-9.483501189,-4.351488818
-11.450563522,-9.436663693,-4.353466688
-11.468063492,-9.389826196,-4.354604259
-11.485563461,-9.342988700,-4.354897504
-11.503063430,-9.296151203,-4.354342142
-11.520563400,-9.249313707,-4.353825748
-11.537690109,-9.202338786,-4.353798539
-11.554739797,-9.155335508,-4.353409184
-11.571789485,-9.108332230,-4.352254499
-11.588839173,-9.061328952,-4.350351136
-11.605888861,-9.014325674,-4.347715570
-11.622938549,-8.967322396,-4.344364150
-11.639988237,-8.920319118,-4.340313155
-11.657037924,-8.873315840,-4.336040885
-11.675461153,-8.826850607,-4.331861271
-11.694873339,-8.780772771,-4.327412294
-11.714285525,-8.734694934,-4.322502443
-11.733697711,-8.688617097,-4.317159843
-11.753109897,-8.642539261,-4.311412756
-11.772522083,-8.596461424,-4.305289606
-11.791934269,-8.550383587,-4.298992252
-11.811346455,-8.504305751,-4.292748584
-11.831579303,-8.458601551,-4.286867400
-11.853586530,-8.413705204,-4.281226707
-11.875593757,-8.368808857,-4.275457867
-11.897600984,-8.323912510,-4.269604239
-11.919608211,-8.279016164,-4.263709201
-11.941615438,-8.234119817,-4.258082918
-11.963622665,-8.189223470,-4.252789989
-11.985629892,-8.144327123,-4.247534235
-12.008501854,-8.099874812,-4.242402041
-12.032165730,-8.055829142,-4.237495832
-12.055829605,-8.011783473,-4.232762965
-12.079493481,-7.967737804,-4.228238519
-12.103157356,-7.923692134,-4.224113862
-12.126821232,-7.879646465,-4.220402742
-12.150485108,-7.835600795,-4.216986352
-12.174148983,-7.791555126,-4.213918933
-12.198221025,-7.747731541,-4.210759309
-12.222350224,-7.703939057,-4.207110435
-12.246479424,-7.660146572,-4.203442892
-12.270608624,-7.616354087,-4.200094428
-12.294737824,-7.572561603,-4.196995462
-12.318867024,-7.528769118,-4.194159837
-12.342996224,-7.484976633,-4.191631228
-12.367673657,-7.441494681,-4.189453346
-12.392826276,-7.398281884,-4.187290281
-12.417978894,-7.355069087,-4.184478480
-12.443131512,-7.311856291,-4.181272332
-12.468284130,-7.268643494,-4.178245676
-12.493436748,-7.225430697,-4.175426324
-12.518589366,-7.182217900,-4.172817788
-12.544573406,-7.139503130,-4.170404118
-12.570803593,-7.096935803,-4.168253095
-12.597033779,-7.054368477,-4.166122850
-12.623263966,-7.011801150,-4.163676063
-12.649494153,-6.969233823,-4.161144360
-12.675724340,-6.926666497,-4.158910676
-12.701972933,-6.884110649,-4.156991964
-12.728656247,-6.841825890,-4.155253639
-12.755339560,-6.799541132,-4.153683229
-12.782022873,-6.757256373,-4.152300419
-12.808706187,-6.714971615,-4.151084406
-12.835389500,-6.672686857,-4.150052872
-12.862072813,-6.630402098,-4.149189718
-12.889024461,-6.588288197,-4.148440825
-12.916050503,-6.546221666,-4.147826748
-12.943076545,-6.504155135,-4.147516117
-12.970102587,-6.462088604,-4.147827903
-12.997128629,-6.420022072,-4.148318799
-13.024154671,-6.377955541,-4.148387026
-13.050949329,-6.335741349,-4.148197036
-13.077718521,-6.293510906,-4.147922852
-13.104487713,-6.251280462,-4.147863443
-13.131256905,-6.209050019,-4.148624626
-13.158026097,-6.166819575,-4.149757130
-13.184720858,-6.124542228,-4.150185620
-13.211265408,-6.082170222,-4.149790498
-13.237809957,-6.039798216,-4.148855995
-13.264354507,-5.997426210,-4.148078716
-13.290899057,-5.955054204,-4.147933047
-13.317443606,-5.912682198,-4.147624787
-13.344357446,-5.870544285,-4.146506464
-13.371351481,-5.828457207,-4.144458480
-13.398345515,-5.786370130,-4.141508066
-13.425339550,-5.744283053,-4.138159042
-13.452333585,-5.702195975,-4.135263458
-13.479681473,-5.660339345,-4.132310952
-13.507258504,-5.618631943,-4.128311713
-13.534835535,-5.576924541,-4.123230603
-13.562412565,-5.535217139,-4.117088945
-13.589989596,-5.493509736,-4.110484761
-13.618009101,-5.452106062,-4.103966633
-13.647016491,-5.411380501,-4.096950149
-13.676023880,-5.370654939,-4.088850537
-13.705031270,-5.329929378,-4.079847110
-13.734038659,-5.289203817,-4.070054542
-13.763046049,-5.248478255,-4.059487685
-13.792849682,-5.208360888,-4.048227667
-13.824509549,-5.169661369,-4.037248887
-13.856169417,-5.130961850,-4.026683035
-13.887829284,-5.092262331,-4.015579581
-13.919489152,-5.053562811,-4.003797660
-13.951149019,-5.014863292,-3.991398748
-13.984408692,-4.977589572,-3.978493860
-14.019223457,-4.941701800,-3.965194873
-14.054038221,-4.905814028,-3.951468765
-14.088852986,-4.869926256,-3.937530468
-14.123667751,-4.834038484,-3.924302131
-14.158482515,-4.798150713,-3.911576664
-14.194093630,-4.763106493,-3.898586626
-14.231924496,-4.730413595,-3.885317657
-14.269755362,-4.697720697,-3.871779653
-14.307586228,-4.665027799,-3.858193287
-14.345417094,-4.632334901,-3.844753971
-14.383247961,-4.599642004,-3.831583436
-14.422134140,-4.568267404,-3.818628552
-14.462315418,-4.538510642,-3.806066577
-14.502496696,-4.508753879,-3.794038023
-14.542677974,-4.478997117,-3.782387747
-14.582859252,-4.449240355,-3.771175200
-14.623040530,-4.419483593,-3.760520429
-14.663221808,-4.389726830,-3.750219795
-14.703403086,-4.359970068,-3.739582458
-14.745462981,-4.332978862,-3.728851563
-14.787932974,-4.306591370,-3.718917523
-14.830402966,-4.280203878,-3.710495204
-14.872872959,-4.253816386,-3.703344887
-14.915342951,-4.227428894,-3.696097648
-14.957812944,-4.201041403,-3.688068277
-15.000282937,-4.174653911,-3.679809740
-15.042752929,-4.148266419,-3.671973430
-15.085522233,-4.122398432,-3.664659299
-15.129651996,-4.098891752,-3.657983288
-15.173781760,-4.075385073,-3.652539401
-15.217911523,-4.051878393,-3.647088135
-15.262041287,-4.028371714,-3.640775794
-15.306171050,-4.004865035,-3.634563836
-15.350300814,-3.981358355,-3.628547805
-15.394430577,-3.957851676,-3.622823285
-15.438560340,-3.934344996,-3.616925635
-15.482690104,-3.910838317,-3.610157673
-15.527614016,-3.888894743,-3.603749456
-15.572621044,-3.867114765,-3.598524585
-15.617628071,-3.845334786,-3.593499793
-15.662635099,-3.823554808,-3.588332912
-15.707642126,-3.801774829,-3.583122414
-15.752649154,-3.779994851,-3.577966779
-15.797656182,-3.758214872,-3.571848045
-15.842663209,-3.736434894,-3.564409140
-15.887925497,-3.715225322,-3.557124762
-15.934154741,-3.696176515,-3.550708671
-15.980383984,-3.677127709,-3.544486382
-16.026613228,-3.658078902,-3.537884345
-16.072842472,-3.639030095,-3.531000126
-16.119071715,-3.619981289,-3.523931276
-16.165300959,-3.600932482,-3.516574491
-16.211530203,-3.581883676,-3.508076831
-16.257779949,-3.562889658,-3.499011449
-16.305157745,-3.546910158,-3.490376155
-16.352535541,-3.530930659,-3.481608112
-16.399913338,-3.514951159,-3.472468261
-16.447291134,-3.498971660,-3.463052137
-16.494668931,-3.482992160,-3.453455460
-16.542046727,-3.467012661,-3.443774127
-16.589424524,-3.451033161,-3.434104183
-16.636802320,-3.435053662,-3.424219890
-16.685014936,-3.421955023,-3.414144179
-16.733595887,-3.410127459,-3.404082031
-16.782176837,-3.398299894,-3.393991101
-16.830757787,-3.386472330,-3.383965837
-16.879338737,-3.374644766,-3.374100610
-16.927919688,-3.362817202,-3.364489650
-16.976500638,-3.350989638,-3.355227008
-17.025081588,-3.339162074,-3.346152599
-17.074048942,-3.329250916,-3.336529794
-17.123417385,-3.321328993,-3.326533918
-17.172785828,-3.313407071,-3.316906894
-17.222154271,-3.305485148,-3.307727494
-17.271522714,-3.297563226,-3.299074042
-17.320891156,-3.289641303,-3.291024440
-17.370259599,-3.281719380,-3.283656259
-17.419628042,-3.273797458,-3.276521606
-17.469232386,-3.267667262,-3.268654452
-17.518968892,-3.262540860,-3.260579161
-17.568705398,-3.257414458,-3.253320912
-17.618441904,-3.252288056,-3.246930119
-17.668178409,-3.247161654,-3.241456958
-17.717914915,-3.242035251,-3.236951572
-17.767651421,-3.236908849,-3.233464300
-17.817387927,-3.231782447,-3.230380138
-17.867208906,-3.227619835,-3.226856707
-17.917078861,-3.224016003,-3.223129504
-17.966948816,-3.220412172,-3.220001910
-18.016818770,-3.216808340,-3.217848144
-18.066688725,-3.213204509,-3.216684507
-18.116558680,-3.209600677,-3.216527715
-18.166428635,-3.205996846,-3.217394966
-18.216298590,-3.202393014,-3.218983530
-18.266155807,-3.198618620,-3.220719651
-18.316007880,-3.194775340,-3.222199855
-18.365859954,-3.190932060,-3.223834537
-18.415712027,-3.187088780,-3.226171033
-18.465564100,-3.183245500,-3.229200645
-18.515416173,-3.179402220,-3.232914752
-18.565268246,-3.175558940,-3.237301080
-18.615120319,-3.171715660,-3.242289502
-18.664792326,-3.166048804,-3.247276908
-18.714433306,-3.160067746,-3.251868328
-18.764074287,-3.154086688,-3.256477084
-18.813715267,-3.148105630,-3.261358002
-18.863356248,-3.142124572,-3.266486197
-18.912997228,-3.136143514,-3.271836695
-18.962638209,-3.130162456,-3.277353518
-19.012279189,-3.124181398,-3.282885239
-19.061569643,-3.115809949,-3.288145498
-19.110837878,-3.107286976,-3.293016978
-19.160106112,-3.098764004,-3.297697494
-19.209374347,-3.090241031,-3.302306138
-19.258642581,-3.081718059,-3.306807318
-19.307910816,-3.073195086,-3.311165487
-19.357179051,-3.064672114,-3.315223999
-19.406447285,-3.056149141,-3.318733118
-19.455502900,-3.046478060,-3.321913672
-19.504555886,-3.036792788,-3.325052991
-19.553608873,-3.027107515,-3.328067387
-19.602661860,-3.017422243,-3.330897111
-19.651714846,-3.007736970,-3.333501387
-19.700767833,-2.998051698,-3.335839440
-19.749820820,-2.988366425,-3.337586201
-19.798871184,-2.978668036,-3.338730520
-19.847877132,-2.968747500,-3.340199286
-19.896883080,-2.958826964,-3.342209911
-19.945889028,-2.948906428,-3.344241968
-19.994894977,-2.938985892,-3.346172915
-20.043900925,-2.929065355,-3.347966924
-20.092906873,-2.919144819,-3.349518332
-20.141912821,-2.909224283,-3.350699485
-20.190895863,-2.899193954,-3.351582055
-20.239780414,-2.888691540,-3.353074546
-20.288664965,-2.878189126,-3.355346474
-20.337549516,-2.867686712,-3.357715248
-20.386434066,-2.857184298,-3.360112595
-20.435318617,-2.846681884,-3.362512433
-20.484203168,-2.836179470,-3.364699143
-20.533087718,-2.825677056,-3.366654069
-20.581874386,-2.814746457,-3.368587414
-20.630466677,-2.802965572,-3.370905417
-20.679058968,-2.791184687,-3.373658648
-20.727651259,-2.779403802,-3.376501634
-20.776243550,-2.767622918,-3.379406184
-20.824835841,-2.755842033,-3.382278706
-20.873428132,-2.744061148,-3.384855376
-20.922020423,-2.732280263,-3.387251058
-20.970358237,-2.719499967,-3.389752449
-21.018667389,-2.706607106,-3.392406884
-21.066976540,-2.693714245,-3.395195284
-21.115285692,-2.680821384,-3.398026227
-21.163594844,-2.667928523,-3.400870768
-21.211903995,-2.655035662,-3.403474460
-21.260213147,-2.642142801,-3.405584231
-21.308455393,-2.629005550,-3.407502850
-21.356595180,-2.615494037,-3.409565032
-21.404734966,-2.601982525,-3.411902936
-21.452874752,-2.588471012,-3.414479402
-21.501014538,-2.574959499,-3.417126481
-21.549154325,-2.561447986,-3.419809101
-21.597294111,-2.547936473,-3.422006086
-21.645433897,-2.534424961,-3.423505666
-21.693382533,-2.520253006,-3.424921226
-21.741297197,-2.505963674,-3.426697975
-21.789211861,-2.491674343,-3.429109996
-21.837126525,-2.477385012,-3.432045919
-21.885041189,-2.463095681,-3.435222967
-21.932955852,-2.448806349,-3.438598688
-21.980870516,-2.434517018,-3.440932872
-22.028710421,-2.419987358,-3.442252404
-22.076275953,-2.404575670,-3.444002544
-22.123841486,-2.389163981,-3.446696581
-22.171407018,-2.373752293,-3.450372822
-22.218972550,-2.358340605,-3.454692427
-22.266538082,-2.342928916,-3.459561930
-22.314103615,-2.327517228,-3.464730010
-22.361669147,-2.312105539,-3.469045361
-22.408968283,-2.295919735,-3.472918040
-22.455944880,-2.278796672,-3.477733309
-22.502921478,-2.261673608,-3.483553550
-22.549898075,-2.244550544,-3.490250828
-22.596874672,-2.227427481,-3.497637225
-22.643851269,-2.210304417,-3.505631531
-22.690827867,-2.193181353,-3.513669321
-22.737804464,-2.176058290,-3.521310835
-22.784128997,-2.157290719,-3.529154056
-22.830075164,-2.137568912,-3.537895098
-22.876021332,-2.117847104,-3.547521222
-22.921967499,-2.098125296,-3.557756497
-22.967913666,-2.078403489,-3.568472557
-23.013859834,-2.058681681,-3.579573976
-23.059806001,-2.038959873,-3.590632052
-23.105752169,-2.019238066,-3.601502205
-23.149762696,-1.995573446,-3.612598359
-23.193466282,-1.971283602,-3.624284691
-23.237169869,-1.946993757,-3.636446583
-23.280873455,-1.922703913,-3.648732181
-23.324577042,-1.898414069,-3.661041427
-23.368280628,-1.874124225,-3.673274194
-23.411984215,-1.849834381,-3.685594887
-23.455314296,-1.824944014,-3.698054129
-23.496423620,-1.796483102,-3.710459209
-23.537532944,-1.768022191,-3.722841410
-23.578642269,-1.739561280,-3.734951665
-23.619751593,-1.711100368,-3.746440520
-23.660860917,-1.682639457,-3.757226443
-23.701970241,-1.654178546,-3.767228937
-23.743079565,-1.625717634,-3.776368389
-23.783104319,-1.595802819,-3.786260413
-23.822099643,-1.564508015,-3.797177399
-23.861094967,-1.533213212,-3.807401437
-23.900090290,-1.501918408,-3.816310199
-23.939085614,-1.470623605,-3.823602968
-23.978080938,-1.439328802,-3.829251446
-24.017076262,-1.408033998,-3.833226376
-24.056071586,-1.376739195,-3.835496918
-24.094275406,-1.344491288,-3.836690530
-24.132200442,-1.311907677,-3.840407228
-24.170125478,-1.279324067,-3.845802596
-24.208050514,-1.246740457,-3.848932098
-24.245975549,-1.214156847,-3.849667183
-24.283900585,-1.181573237,-3.848058700
-24.321825621,-1.148989627,-3.844151067
-24.359750657,-1.116406017,-3.837983043
-24.398292228,-1.084565471,-3.829825625
-24.437314546,-1.053304333,-3.822971895
-24.476336863,-1.022043195,-3.818089220
-24.515359181,-0.990782057,-3.811731348
-24.554381498,-0.959520919,-3.802891903
-24.593403816,-0.928259781,-3.791674692
-24.632426133,-0.896998644,-3.778177995
-24.671448450,-0.865737506,-3.762497656
-24.710470768,-0.834476368,-3.745344884
-24.753001866,-0.808249025,-3.728057823
-24.795834183,-0.782453820,-3.712257815
-24.838666500,-0.756658614,-3.696586861
-24.881498817,-0.730863409,-3.678785125
-24.924331134,-0.705068203,-3.659004755
-24.967163451,-0.679272998,-3.637399441
-25.009995768,-0.653477792,-3.614127535
-25.052828085,-0.627682587,-3.589764546
-25.096693208,-0.604144472,-3.564700459
-25.144214069,-0.588595588,-3.540801598
-25.191734929,-0.573046704,-3.518272187
-25.239255790,-0.557497819,-3.494824356
-25.286776651,-0.541948935,-3.470098243
-25.334297511,-0.526400051,-3.444294862
-25.381818372,-0.510851167,-3.417619894
-25.429339233,-0.495302283,-3.389986291
-25.476860093,-0.479753398,-3.361335449
-25.525880110,-0.471408427,-3.333181281
-25.575658773,-0.466708995,-3.307126474
-25.625437437,-0.462009564,-3.281859159
-25.675216100,-0.457310132,-3.255953731
-25.724994764,-0.452610701,-3.229624995
-25.774773427,-0.447911269,-3.203088597
-25.824552091,-0.443211837,-3.176561072
-25.874330754,-0.438512406,-3.148534166
-25.924073081,-0.436150274,-3.119065245
-25.973681602,-0.442394838,-3.091988282
-26.023290124,-0.448639401,-3.067014169
-26.072898646,-0.454883965,-3.041674924
-26.122507168,-0.461128528,-3.016183703
-26.172115689,-0.467373092,-2.990753152
-26.221724211,-0.473617655,-2.965595994
-26.271332733,-0.479862219,-2.940242887
-26.320941254,-0.486106782,-2.912436348
-26.368494043,-0.500966824,-2.884394439
-26.415577491,-0.517793856,-2.858731165
-26.462660938,-0.534620889,-2.833436721
-26.509744385,-0.551447921,-2.807880277
-26.556827832,-0.568274953,-2.782275006
-26.603911279,-0.585101986,-2.756833904
-26.650994726,-0.601929018,-2.731770308
-26.698078173,-0.618756050,-2.705287075
-26.743046086,-0.639942166,-2.678078037
-26.785397612,-0.666519378,-2.651945552
-26.827749139,-0.693096590,-2.625768369
-26.870100666,-0.719673802,-2.599368055
-26.912452192,-0.746251014,-2.572959989
-26.954803719,-0.772828225,-2.546759389
-26.997155246,-0.799405437,-2.520981390
-27.039506772,-0.825982649,-2.495197374
-27.081249807,-0.853329689,-2.468845168
-27.116889296,-0.888398575,-2.442211655
-27.152528786,-0.923467462,-2.415449948
-27.188168275,-0.958536349,-2.388633741
-27.223807764,-0.993605236,-2.361980699
-27.259447253,-1.028674122,-2.335707425
-27.295086742,-1.063743009,-2.310029212
-27.330726231,-1.098811896,-2.285160139
-27.366365720,-1.133880783,-2.260250567
-27.395979637,-1.173870286,-2.234403108
-27.423218416,-1.215799380,-2.208132204
-27.450457196,-1.257728473,-2.182100269
-27.477695975,-1.299657567,-2.156520956
-27.504934755,-1.341586661,-2.131605050
-27.532173534,-1.383515754,-2.107560321
-27.559412314,-1.425444848,-2.085002933
-27.586651093,-1.467373941,-2.063240416
-27.607011231,-1.512919411,-2.040054680
-27.626109967,-1.559128050,-2.015900367
-27.645208702,-1.605336689,-1.992327981
-27.664307438,-1.651545327,-1.969534197
-27.683406174,-1.697753966,-1.947711691
-27.702504909,-1.743962605,-1.927049555
-27.721603645,-1.790171244,-1.908686654
-27.740702381,-1.836379882,-1.892516414
-27.753086964,-1.884784801,-1.874728554
-27.764989080,-1.933347540,-1.855102807
-27.776891195,-1.981910279,-1.836099024
-27.788793311,-2.030473018,-1.817892557
-27.800695427,-2.079035758,-1.800656373
-27.812597542,-2.127598497,-1.785032655
-27.824499658,-2.176161236,-1.771774359
-27.836401773,-2.224723975,-1.760345131
-27.842847680,-2.274306212,-1.747803912
-27.849284359,-2.323890173,-1.733042157
-27.855721038,-2.373474133,-1.717964811
-27.862157717,-2.423058094,-1.703467818
-27.868594396,-2.472642055,-1.689706531
-27.875031075,-2.522226016,-1.677491158
-27.881467754,-2.571809976,-1.666990910
-27.886288936,-2.621543934,-1.657539010
-27.889091176,-2.671465346,-1.646704705
-27.891893416,-2.721386759,-1.633781467
-27.894695656,-2.771308172,-1.620810187
-27.897497897,-2.821229584,-1.608286526
-27.900300137,-2.871150997,-1.596344611
-27.903102377,-2.921072410,-1.585228141
-27.905904617,-2.970993823,-1.575069882
-27.905074866,-3.020962751,-1.565866759
-27.903579557,-3.070940387,-1.555462056
-27.902084248,-3.120918022,-1.543415015
-27.900588939,-3.170895658,-1.531657768
-27.899093630,-3.220873293,-1.520428128
-27.897598321,-3.270850929,-1.509830549
-27.896103012,-3.320828564,-1.499652369
-27.892830136,-3.370675626,-1.490015484
-27.887006424,-3.420335311,-1.481416417
-27.881182712,-3.469994997,-1.472204066
-27.875359000,-3.519654682,-1.462137954
-27.869535288,-3.569314368,-1.452768121
-27.863711576,-3.618974054,-1.444168421
-27.857887864,-3.668633739,-1.436347204
-27.852064152,-3.718293425,-1.429240859
-27.843809465,-3.767593299,-1.423027096
-27.834998219,-3.816810795,-1.417420261
-27.826186973,-3.866028291,-1.411721409
-27.817375726,-3.915245787,-1.406299626
-27.808564480,-3.964463284,-1.401746995
-27.799753234,-4.013680780,-1.398112541
-27.790941987,-4.062898276,-1.395543169
-27.782130741,-4.112115772,-1.394261450
-27.772920226,-4.161259780,-1.394157848
-27.763629856,-4.210389089,-1.393843397
-27.754339487,-4.259518398,-1.392920896
-27.745049118,-4.308647708,-1.392370220
-27.735758749,-4.357777017,-1.392406286
-27.726468380,-4.406906326,-1.393063779
-27.717178010,-4.456035636,-1.394564425
-27.707887641,-4.505164945,-1.397156900
-27.699731390,-4.554493119,-1.399994965
-27.691752078,-4.603852319,-1.401831793
-27.683772766,-4.653211518,-1.403024560
-27.675793453,-4.702570717,-1.404296957
-27.667814141,-4.751929917,-1.405669799
-27.659834829,-4.801289116,-1.407163905
-27.651855516,-4.850648316,-1.408732507
-27.644099547,-4.900041880,-1.410357083
-27.636871711,-4.949516706,-1.411319553
-27.629643875,-4.998991532,-1.411354080
-27.622416039,-5.048466358,-1.411108518
-27.615188202,-5.097941183,-1.410741325
-27.607960366,-5.147416009,-1.410255614
-27.600732530,-5.196890835,-1.409648143
-27.593504694,-5.246365661,-1.408864257
-27.585927197,-5.295785622,-1.407927594
-27.577654756,-5.345096541,-1.406775105
-27.569382315,-5.394407460,-1.405354737
-27.561109874,-5.443718378,-1.403773121
-27.552837434,-5.493029297,-1.402052094
-27.544564993,-5.542340216,-1.400191079
-27.536292552,-5.591651135,-1.398365509
-27.528020111,-5.640962054,-1.396602969
-27.519081952,-5.690150327,-1.394675830
-27.509238560,-5.739171829,-1.392896611
-27.499395168,-5.788193331,-1.391405064
-27.489551776,-5.837214833,-1.389904697
-27.479708383,-5.886236334,-1.388356612
-27.469864991,-5.935257836,-1.386796422
-27.460021599,-5.984279338,-1.385276803
-27.450178207,-6.033300839,-1.383768073
-27.440575147,-6.082369498,-1.382300642
-27.431164272,-6.131475867,-1.381082089
-27.421753396,-6.180582235,-1.380097984
-27.412342520,-6.229688603,-1.379216784
-27.402931644,-6.278794972,-1.378454390
-27.393520768,-6.327901340,-1.377742040
-27.384109892,-6.377007709,-1.377103252
-27.374721619,-6.426118353,-1.376658567
-27.365543860,-6.475268823,-1.376315588
-27.356366101,-6.524419294,-1.375827364
-27.347188342,-6.573569764,-1.375258113
-27.338010583,-6.622720235,-1.374810670
-27.328832824,-6.671870705,-1.374471721
-27.319655064,-6.721021175,-1.374220042
-27.310477305,-6.770171646,-1.374098602
-27.300673989,-6.819199614,-1.374157755
-27.290634695,-6.868181372,-1.374175954
-27.280595400,-6.917163129,-1.373805079
-27.270556106,-6.966144887,-1.373176318
-27.260516812,-7.015126644,-1.372543350
-27.250477518,-7.064108402,-1.371932440
-27.240438223,-7.113090159,-1.371345339
-27.230310601,-7.162053572,-1.370747557
-27.220014946,-7.210982086,-1.370129446
-27.209719291,-7.259910600,-1.369574143
-27.199423636,-7.308839114,-1.369164111
-27.189127981,-7.357767628,-1.368845917
-27.178832326,-7.406696142,-1.368566940
-27.168536671,-7.455624656,-1.368292020
-27.158241015,-7.504553170,-1.368032994
-27.148245671,-7.553543793,-1.367837956
-27.138288603,-7.602542332,-1.367716413
-27.128331534,-7.651540870,-1.367744134
-27.118374466,-7.700539409,-1.367930554
-27.108417397,-7.749537948,-1.368219456
-27.098460328,-7.798536486,-1.368600035
-27.088503260,-7.847535025,-1.368869348
-27.078624532,-7.896549315,-1.369092322
-27.068869261,-7.945588429,-1.369523960
-27.059113991,-7.994627543,-1.369947189
-27.049358720,-8.043666657,-1.370237867
-27.039603449,-8.092705771,-1.370551884
-27.029848178,-8.141744885,-1.370949959
-27.020092908,-8.190783999,-1.371426419
-27.010337637,-8.239823113,-1.371509863
-27.000487465,-8.288843224,-1.371172644
-26.990608826,-8.337857635,-1.370967983
-26.980730187,-8.386872046,-1.370966450
-26.970851548,-8.435886457,-1.371164733
-26.960972909,-8.484900868,-1.371592305
-26.951094270,-8.533915279,-1.372231272
-26.941215631,-8.582929690,-1.373063748
-26.931340469,-8.631944797,-1.373812329
-26.921599580,-8.680986769,-1.373651252
-26.911858690,-8.730028742,-1.373167999
-26.902117801,-8.779070715,-1.373416913
-26.892376911,-8.828112687,-1.374278611
-26.882636022,-8.877154660,-1.375705423
-26.872895132,-8.926196632,-1.377660614
-26.863154243,-8.975238605,-1.380107557
-26.853462225,-9.024289876,-1.383009690
-26.844513380,-9.073482539,-1.384833510
-26.835564536,-9.122675203,-1.385399013
-26.826615691,-9.171867867,-1.386609281
-26.817666846,-9.221060531,-1.388994377
-26.808718001,-9.270253195,-1.392481145
-26.799769156,-9.319445859,-1.396997490
-26.790820311,-9.368638522,-1.402472043
-26.781871466,-9.417831186,-1.408833846
-26.774589595,-9.467290465,-1.415970219
-26.767748824,-9.516820293,-1.421384665
-26.760908053,-9.566350121,-1.425551927
-26.754067282,-9.615879949,-1.431315458
-26.747226511,-9.665409777,-1.438560712
-26.740385740,-9.714939604,-1.447175756
-26.733544969,-9.764469432,-1.457050175
-26.726704198,-9.813999260,-1.468075319
-26.720803848,-9.863619953,-1.480187422
-26.718035312,-9.913543246,-1.492971361
-26.715266777,-9.963466539,-1.504623292
-26.712498241,-10.013389833,-1.515750965
-26.709729706,-10.063313126,-1.528305585
-26.706961171,-10.113236419,-1.542145950
-26.704192635,-10.163159713,-1.557130867
-26.701424100,-10.213083006,-1.573134640
-26.698655564,-10.263006299,-1.590267730
-26.701526015,-10.312814718,-1.608416328
-26.706325431,-10.362583841,-1.626797324
-26.711124848,-10.412352964,-1.644245478
-26.715924265,-10.462122087,-1.661342503
-26.720723681,-10.511891210,-1.679257833
-26.725523098,-10.561660333,-1.697824149
-26.730322514,-10.611429456,-1.716872431
-26.735121931,-10.661198579,-1.736777380
-26.739955829,-10.710961098,-1.757603806
-26.753884436,-10.758981863,-1.778758099
-26.767813043,-10.807002629,-1.799498204
-26.781741650,-10.855023394,-1.819174448
-26.795670258,-10.903044159,-1.838277999
-26.809598865,-10.951064925,-1.857322520
-26.823527472,-10.999085690,-1.876131308
-26.837456079,-11.047106455,-1.894822132
-26.851384687,-11.095127221,-1.914238243
-26.866480102,-11.142704632,-1.934124512
-26.887954976,-11.187858036,-1.953518260
-26.909429849,-11.233011439,-1.971905414
-26.930904722,-11.278164842,-1.989026475
-26.952379596,-11.323318245,-2.005183943
-26.973854469,-11.368471648,-2.020424948
-26.995329342,-11.413625051,-2.034587873
-27.016804216,-11.458778454,-2.049229314
-27.038279089,-11.503931858,-2.065065385
-27.061261863,-11.548252243,-2.080639892
-27.088053156,-11.590468669,-2.095337948
-27.114844450,-11.632685095,-2.108939626
-27.141635743,-11.674901520,-2.121328684
-27.168427037,-11.717117946,-2.132477357
-27.195218330,-11.759334372,-2.142254285
-27.222009623,-11.801550797,-2.150535193
-27.248800917,-11.843767223,-2.160077703
-27.275592210,-11.885983649,-2.171261541
-27.303826532,-11.927202595,-2.181621690
-27.333852881,-11.967182820,-2.191151805
-27.363879230,-12.007163045,-2.199893524
-27.393905579,-12.047143269,-2.207607539
-27.423931928,-12.087123494,-2.214009012
-27.453958277,-12.127103718,-2.219005114
-27.483984626,-12.167083943,-2.222906333
-27.514010975,-12.207064168,-2.227906878
-27.544037324,-12.247044392,-2.234004653
-27.575098218,-12.286215575,-2.239337356
-27.606662545,-12.324993059,-2.244374390
-27.638226872,-12.363770543,-2.249043819
-27.669791199,-12.402548027,-2.252633955
-27.701355526,-12.441325511,-2.254979538
-27.732919853,-12.480102995,-2.256035151
-27.764484180,-12.518880478,-2.256327969
-27.796048507,-12.557657962,-2.257370819
-27.827612834,-12.596435446,-2.258936972
-27.859420577,-12.635013488,-2.260228098
-27.891233780,-12.673587055,-2.261757915
-27.923046983,-12.712160623,-2.262895929
-27.954860186,-12.750734191,-2.262890673
-27.986673389,-12.789307758,-2.261745543
-28.018486592,-12.827881326,-2.259463337
-28.050299794,-12.866454893,-2.256638228
-28.082112997,-12.905028461,-2.254122190
-28.113671043,-12.943808637,-2.251593938
-28.144784799,-12.982948568,-2.249685861
-28.175898555,-13.022088499,-2.248150056
-28.207012312,-13.061228429,-2.245548098
-28.238126068,-13.100368360,-2.241925305
-28.269239824,-13.139508290,-2.237326511
-28.300353581,-13.178648221,-2.231796259
-28.331467337,-13.217788152,-2.225823702
-28.362581093,-13.256928082,-2.219755551
-28.392177636,-13.297219086,-2.214070352
-28.421489856,-13.337725798,-2.208851660
-28.450802077,-13.378232511,-2.203173638
-28.480114297,-13.418739223,-2.196664364
-28.509426517,-13.459245935,-2.189398294
-28.538738738,-13.499752648,-2.181449940
-28.568050958,-13.540259360,-2.172894044
-28.597363178,-13.580766072,-2.163911917
-28.625469725,-13.622079132,-2.154990901
-28.651711950,-13.664639037,-2.146582828
-28.677954176,-13.707198943,-2.138178562
-28.704196402,-13.749758849,-2.129206955
-28.730438628,-13.792318755,-2.119761256
-28.756680854,-13.834878661,-2.109934985
-28.782923079,-13.877438567,-2.099821977
-28.809165305,-13.919998473,-2.089406469
-28.835383529,-13.962571733,-2.078745654
-28.857713795,-14.007308287,-2.068529786
-28.880044061,-14.052044840,-2.058672535
-28.902374327,-14.096781394,-2.048567192
-28.924704593,-14.141517947,-2.038316587
-28.947034859,-14.186254501,-2.028023611
-28.969365125,-14.230991054,-2.017791173
-28.991695391,-14.275727608,-2.007722151
-29.014025657,-14.320464161,-1.997349455
-29.033823583,-14.366336724,-1.987044982
-29.052388694,-14.412762327,-1.977213876
-29.070953806,-14.459187930,-1.967422200
-29.089518917,-14.505613533,-1.957771912
-29.108084028,-14.552039137,-1.948364784
-29.126649140,-14.598464740,-1.939302398
-29.145214251,-14.644890343,-1.930686184
-29.163779362,-14.691315947,-1.922150923
-29.180981187,-14.738232641,-1.913311918
-29.196286452,-14.785832524,-1.904430431
-29.211591716,-14.833432407,-1.895779532
-29.226896981,-14.881032290,-1.887449679
-29.242202246,-14.928632173,-1.879531111
-29.257507511,-14.976232056,-1.872113904
-29.272812776,-15.023831939,-1.865288067
-29.288118040,-15.071431822,-1.859134713
-29.302802161,-15.119212457,-1.852280812
-29.315426784,-15.167592400,-1.844545728
-29.328051408,-15.215972343,-1.837188819
-29.340676031,-15.264352286,-1.830279233
-29.353300654,-15.312732229,-1.823885922
-29.365925278,-15.361112172,-1.818077702
-29.378549901,-15.409492115,-1.812923348
-29.391174524,-15.457872058,-1.808495040
-29.403583473,-15.506303421,-1.803997183
-29.414144985,-15.555175237,-1.798857090
-29.424706498,-15.604047054,-1.793726613
-29.435268010,-15.652918870,-1.789022242
-29.445829522,-15.701790687,-1.784793829
-29.456391034,-15.750662504,-1.781091200
-29.466952546,-15.799534320,-1.777964210
-29.477514059,-15.848406137,-1.775495773
-29.488035326,-15.897286107,-1.773433454
-29.497328361,-15.946414912,-1.770977729
-29.506621397,-15.995543717,-1.768209023
-29.515914433,-16.044672522,-1.765715086
-29.525207468,-16.093801327,-1.763532761
-29.534500504,-16.142930132,-1.761698904
-29.543793540,-16.192058937,-1.760250409
-29.553086575,-16.241187743,-1.759349476
-29.562379191,-16.290316627,-1.759081004
-29.571643267,-16.339450901,-1.758502092
-29.580907344,-16.388585175,-1.757333526
-29.590171421,-16.437719449,-1.756195378
-29.599435498,-16.486853723,-1.755118210
-29.608699575,-16.535987997,-1.754132586
-29.617963652,-16.585122271,-1.753269076
-29.627227728,-16.634256545,-1.752869432
-29.636479965,-16.683393023,-1.753125814
-29.645519336,-16.732569133,-1.752970124
-29.654558707,-16.781745243,-1.752007843
-29.663598079,-16.830921352,-1.750793733
-29.672637450,-16.880097462,-1.749358911
-29.681676821,-16.929273572,-1.747734473
-29.690716193,-16.978449682,-1.745951505
-29.699755564,-17.027625791,-1.744650598
-29.708677292,-17.076822543,-1.743907072
-29.716919806,-17.126138473,-1.742547608
-29.725162321,-17.175454403,-1.740314253
-29.733404835,-17.224770333,-1.737591963
-29.741647349,-17.274086263,-1.734419800
-29.749889864,-17.323402194,-1.730836796
-29.758132378,-17.372718124,-1.726881987
-29.766374893,-17.422034054,-1.723579144
-29.774168492,-17.471418033,-1.720755578
-29.780911543,-17.520961259,-1.717251136
-29.787654595,-17.570504485,-1.713119979
-29.794397646,-17.620047711,-1.708426820
-29.801140698,-17.669590937,-1.703228305
-29.807883749,-17.719134163,-1.697581107
-29.814626801,-17.768677389,-1.691795835
-29.821369853,-17.818220615,-1.686800729
-29.826990283,-17.867891161,-1.682143583
-29.831513451,-17.917686150,-1.676694258
-29.836036619,-17.967481140,-1.670519815
-29.840559788,-18.017276129,-1.663756355
-29.845082956,-18.067071118,-1.656480390
-29.849606124,-18.116866107,-1.648768561
-29.854129292,-18.166661096,-1.641267323
-29.858652460,-18.216456086,-1.634747389
-29.860958162,-18.266387462,-1.628384594
-29.862571381,-18.316361431,-1.621043304
-29.864184600,-18.366335399,-1.612812417
-29.865797819,-18.416309368,-1.603977634
-29.867411038,-18.466283336,-1.594635708
-29.869024257,-18.516257305,-1.584883663
-29.870637477,-18.566231273,-1.575778727
-29.872250696,-18.616205241,-1.567884226
-29.870253674,-18.666165230,-1.559846720
-29.868253473,-18.716125206,-1.550591710
-29.866253272,-18.766085182,-1.540298375
-29.864253071,-18.816045158,-1.529373057
-29.862252870,-18.866005134,-1.517932881
-29.860252669,-18.915965109,-1.506095431
-29.858252469,-18.965925085,-1.495497106
-29.855316707,-19.015806655,-1.486468272
-29.848973453,-19.065402654,-1.476811281
-29.842630200,-19.114998653,-1.465599880
-29.836286946,-19.164594653,-1.453216425
-29.829943693,-19.214190652,-1.440098168
-29.823600439,-19.263786651,-1.426384562
-29.817257186,-19.313382650,-1.412215798
-29.810913932,-19.362978649,-1.399775365
-29.802476624,-19.412196017,-1.389107665
-29.791050871,-19.460873036,-1.377099506
-29.779625117,-19.509550054,-1.363183694
-29.768199363,-19.558227073,-1.348077604
-29.756773609,-19.606904092,-1.332126932
-29.745347855,-19.655581110,-1.315493090
-29.733922101,-19.704258129,-1.298338849
-29.722496348,-19.752935148,-1.282998924
-29.707591226,-19.800565932,-1.269285673
-29.690275486,-19.847471849,-1.253571567
-29.672959746,-19.894377767,-1.235760120
-29.655644006,-19.941283685,-1.216980892
-29.638328265,-19.988189603,-1.197412524
-29.621012525,-20.035095521,-1.177234890
-29.603696785,-20.082001439,-1.156741405
-29.586381045,-20.128907357,-1.137975619
-29.563741499,-20.173355078,-1.120345205
-29.539267095,-20.216955578,-1.100642741
-29.514792691,-20.260556077,-1.079128591
-29.490318287,-20.304156577,-1.056878313
-29.465843884,-20.347757076,-1.034085735
-29.441369480,-20.391357576,-1.010947210
-29.416895076,-20.434958076,-0.987869623
-29.392420672,-20.478558575,-0.966433795
-29.361248831,-20.517522524,-0.945676112
-29.329054809,-20.555778829,-0.923055656
-29.296860787,-20.594035135,-0.899170320
-29.264666764,-20.632291441,-0.874984613
-29.232472742,-20.670547747,-0.850702988
-29.200278720,-20.708804052,-0.826530392
-29.168084697,-20.747060358,-0.802915961
-29.135890675,-20.785316664,-0.781005667
-29.097402388,-20.817195851,-0.759444629
-29.058728357,-20.848886848,-0.736339564
-29.020054327,-20.880577846,-0.712671827
-28.981380296,-20.912268844,-0.689249955
-28.942706265,-20.943959842,-0.666273207
-28.904032235,-20.975650840,-0.643938464
-28.865358204,-21.007341838,-0.622753300
-28.826416527,-21.038644055,-0.603722151
-28.783009314,-21.063459651,-0.584787142
-28.739602100,-21.088275247,-0.564241507
-28.696194886,-21.113090843,-0.543588416
-28.652787673,-21.137906438,-0.523490217
-28.609380459,-21.162722034,-0.504130192
-28.565973245,-21.187537630,-0.485689394
-28.522566032,-21.212353226,-0.468764891
-28.478777778,-21.236384053,-0.454326489
-28.432431958,-21.255147447,-0.439481157
-28.386086138,-21.273910841,-0.422597848
-28.339740318,-21.292674236,-0.405759141
-28.293394498,-21.311437630,-0.389432562
-28.247048678,-21.330201025,-0.373787127
-28.200702858,-21.348964419,-0.358990963
-28.154357038,-21.367727813,-0.345777538
-28.107686748,-21.385560537,-0.335129621
-28.059721172,-21.399678027,-0.323617092
-28.011755596,-21.413795518,-0.309737536
-27.963790020,-21.427913008,-0.295873682
-27.915824444,-21.442030499,-0.282250634
-27.867858869,-21.456147989,-0.269027541
-27.819893293,-21.470265480,-0.256363412
-27.771927717,-21.484382970,-0.245200226
-27.723672118,-21.497317145,-0.236455983
-27.674614594,-21.506979410,-0.226618803
-27.625557071,-21.516641675,-0.214245604
-27.576499547,-21.526303940,-0.201522052
-27.527442023,-21.535966205,-0.188603651
-27.478384499,-21.545628470,-0.175645814
-27.429326976,-21.555290735,-0.162804092
-27.380269452,-21.564953000,-0.151196856
-27.330981084,-21.573037689,-0.141639561
-27.281211911,-21.577836593,-0.130961512
-27.231442739,-21.582635498,-0.117849554
-27.181673567,-21.587434402,-0.104002609
-27.131904394,-21.592233307,-0.089579825
-27.082135222,-21.597032212,-0.074740609
-27.032366050,-21.601831116,-0.059644962
-26.982596877,-21.606630021,-0.045391617
-26.932743010,-21.609279768,-0.032788602
-26.882750536,-21.608412297,-0.019311762
-26.832758062,-21.607544826,-0.003779223
-26.782765587,-21.606677355,0.012602105
-26.732773113,-21.605809884,0.029662708
-26.682780639,-21.604942413,0.047232107
-26.632788164,-21.604074942,0.065138543
-26.582795690,-21.603207471,0.082386576
-26.533067860,-21.599348563,0.098156725
-26.483699543,-21.591425853,0.114638139
-26.434331227,-21.583503142,0.132954754
-26.384962911,-21.575580432,0.152046002
-26.335594594,-21.567657721,0.171729926
-26.286226278,-21.559735011,0.191823091
-26.236857962,-21.551812300,0.212140533
-26.187489645,-21.543889589,0.231825203
-26.139022813,-21.532302935,0.250111762
-26.091614400,-21.516414502,0.268969485
-26.044205986,-21.500526068,0.289422113
-25.996797572,-21.484637635,0.310428271
-25.949389158,-21.468749202,0.331795494
-25.901980745,-21.452860769,0.353330282
-25.854572331,-21.436972336,0.374838360
-25.807163917,-21.421083902,0.395650470
-25.761249827,-21.401730378,0.415203636
-25.717155119,-21.378158007,0.435261410
-25.673060410,-21.354585636,0.456605119
-25.628965701,-21.331013265,0.478161383
-25.584870993,-21.307440894,0.499734344
-25.540776284,-21.283868523,0.521128375
-25.496681576,-21.260296152,0.542148401
-25.452586867,-21.236723782,0.562304494
-25.410317678,-21.210322316,0.581383973
-25.370669830,-21.179858433,0.601095708
-25.331021982,-21.149394550,0.621878900
-25.291374135,-21.118930667,0.642546007
-25.251726287,-21.088466784,0.662907564
-25.212078439,-21.058002901,0.682775404
-25.172430592,-21.027539018,0.701962730
-25.132782744,-20.997075135,0.720103115
-25.094975757,-20.964561200,0.737142980
-25.060436517,-20.928408179,0.754820837
-25.025897277,-20.892255159,0.773490508
-24.991358036,-20.856102138,0.791893434
-24.956818796,-20.819949118,0.809852639
-24.922279556,-20.783796097,0.827192537
-24.887740316,-20.747643077,0.843738722
-24.853201076,-20.711490056,0.859224167
-24.820136052,-20.674098967,0.873514996
-24.790496143,-20.633831414,0.888357717
-24.760856235,-20.593563861,0.904238455
-24.731216327,-20.553296308,0.919856766
-24.701576418,-20.513028755,0.935048841
-24.671936510,-20.472761202,0.949651733
-24.642296602,-20.432493648,0.962737702
-24.612656693,-20.392226095,0.974076923
-24.583992330,-20.351313020,0.985521725
-24.558517915,-20.308289140,0.998847958
-24.533043501,-20.265265261,1.012896362
-24.507569086,-20.222241382,1.026352231
-24.482094671,-20.179217502,1.039448614
-24.456620257,-20.136193623,1.052199561
-24.431145842,-20.093169743,1.064793607
-24.405671428,-20.050145864,1.077234425
-24.380813640,-20.006794661,1.089525788
-24.359452412,-19.961587384,1.101671555
-24.338091183,-19.916380107,1.113675665
-24.316729954,-19.871172829,1.125542130
-24.295368725,-19.825965552,1.137275022
-24.274007497,-19.780758275,1.148878477
-24.252646268,-19.735550998,1.160356679
-24.231285039,-19.690343721,1.171713860
-24.210251510,-19.644999686,1.182954297
-24.193140182,-19.598018813,1.194082307
-24.176028854,-19.551037940,1.205102240
-24.158917526,-19.504057066,1.216018484
-24.141806198,-19.457076193,1.226835457
-24.124694869,-19.410095320,1.237557610
-24.107583541,-19.363114447,1.248189423
-24.093233013,-19.315243786,1.258735407
-24.079690426,-19.267112733,1.269200102
-24.066147838,-19.218981679,1.279588081
-24.052605251,-19.170850626,1.289903948
-24.040536867,-19.122350300,1.295048777
